<annotation>
  <folder>DATA</folder>
  <filename>000069.png</filename>
  <source>
    <database>Unknown</database>
  </source>
  <size>
    <width>500</width>
    <height>500</height>
    <depth>1</depth>
  </size>
  <segmented>0</segmented>
  <object>
    <name>ship</name>
    <pose>Unspecified</pose>
    <truncated>0</truncated>
    <difficult>0</difficult>
    <bndbox>
      <xmin>306</xmin>
      <ymin>392</ymin>
      <xmax>319</xmax>
      <ymax>404</ymax>
      <x1>306</x1>
      <y1>392</y1>
      <x2>306</x2>
      <y2>404</y2>
      <x3>319</x3>
      <y3>404</y3>
      <x4>319</x4>
      <y4>392</y4>
    </bndbox>
  </object>
  <object>
    <name>ship</name>
    <pose>Unspecified</pose>
    <truncated>0</truncated>
    <difficult>0</difficult>
    <bndbox>
      <xmin>431</xmin>
      <ymin>204</ymin>
      <xmax>442</xmax>
      <ymax>220</ymax>
      <x1>431</x1>
      <y1>204</y1>
      <x2>431</x2>
      <y2>220</y2>
      <x3>442</x3>
      <y3>220</y3>
      <x4>442</x4>
      <y4>204</y4>
    </bndbox>
  </object>
</annotation>
