<annotation>
  <folder>DATA</folder>
  <filename>000080.png</filename>
  <source>
    <database>Unknown</database>
  </source>
  <size>
    <width>500</width>
    <height>500</height>
    <depth>1</depth>
  </size>
  <segmented>0</segmented>
  <object>
    <name>ship</name>
    <pose>Unspecified</pose>
    <truncated>0</truncated>
    <difficult>0</difficult>
    <bndbox>
      <xmin>58</xmin>
      <ymin>126</ymin>
      <xmax>70</xmax>
      <ymax>140</ymax>
      <x1>58</x1>
      <y1>126</y1>
      <x2>58</x2>
      <y2>140</y2>
      <x3>70</x3>
      <y3>140</y3>
      <x4>70</x4>
      <y4>126</y4>
    </bndbox>
  </object>
  <object>
    <name>ship</name>
    <pose>Unspecified</pose>
    <truncated>0</truncated>
    <difficult>0</difficult>
    <bndbox>
      <xmin>84</xmin>
      <ymin>189</ymin>
      <xmax>91</xmax>
      <ymax>205</ymax>
      <x1>84</x1>
      <y1>189</y1>
      <x2>84</x2>
      <y2>205</y2>
      <x3>91</x3>
      <y3>205</y3>
      <x4>91</x4>
      <y4>189</y4>
    </bndbox>
  </object>
  <object>
    <name>ship</name>
    <pose>Unspecified</pose>
    <truncated>0</truncated>
    <difficult>0</difficult>
    <bndbox>
      <xmin>168</xmin>
      <ymin>184</ymin>
      <xmax>180</xmax>
      <ymax>204</ymax>
      <x1>168</x1>
      <y1>184</y1>
      <x2>168</x2>
      <y2>204</y2>
      <x3>180</x3>
      <y3>204</y3>
      <x4>180</x4>
      <y4>184</y4>
    </bndbox>
  </object>
  <object>
    <name>ship</name>
    <pose>Unspecified</pose>
    <truncated>0</truncated>
    <difficult>0</difficult>
    <bndbox>
      <xmin>267</xmin>
      <ymin>173</ymin>
      <xmax>276</xmax>
      <ymax>194</ymax>
      <x1>267</x1>
      <y1>173</y1>
      <x2>267</x2>
      <y2>194</y2>
      <x3>276</x3>
      <y3>194</y3>
      <x4>276</x4>
      <y4>173</y4>
    </bndbox>
  </object>
  <object>
    <name>ship</name>
    <pose>Unspecified</pose>
    <truncated>0</truncated>
    <difficult>0</difficult>
    <bndbox>
      <xmin>27</xmin>
      <ymin>359</ymin>
      <xmax>36</xmax>
      <ymax>379</ymax>
      <x1>27</x1>
      <y1>359</y1>
      <x2>27</x2>
      <y2>379</y2>
      <x3>36</x3>
      <y3>379</y3>
      <x4>36</x4>
      <y4>359</y4>
    </bndbox>
  </object>
</annotation>
