<annotation>
  <folder>DATA</folder>
  <filename>000031.png</filename>
  <source>
    <database>Unknown</database>
  </source>
  <size>
    <width>500</width>
    <height>500</height>
    <depth>1</depth>
  </size>
  <segmented>0</segmented>
  <object>
    <name>ship</name>
    <pose>Unspecified</pose>
    <truncated>0</truncated>
    <difficult>0</difficult>
    <bndbox>
      <xmin>250</xmin>
      <ymin>182</ymin>
      <xmax>261</xmax>
      <ymax>203</ymax>
      <x1>250</x1>
      <y1>182</y1>
      <x2>250</x2>
      <y2>203</y2>
      <x3>261</x3>
      <y3>203</y3>
      <x4>261</x4>
      <y4>182</y4>
    </bndbox>
  </object>
</annotation>
