<annotation>
  <folder>DATA</folder>
  <filename>000099.png</filename>
  <source>
    <database>Unknown</database>
  </source>
  <size>
    <width>500</width>
    <height>500</height>
    <depth>1</depth>
  </size>
  <segmented>0</segmented>
  <object>
    <name>ship</name>
    <pose>Unspecified</pose>
    <truncated>0</truncated>
    <difficult>0</difficult>
    <bndbox>
      <xmin>231</xmin>
      <ymin>243</ymin>
      <xmax>259</xmax>
      <ymax>259</ymax>
      <x1>231</x1>
      <y1>243</y1>
      <x2>231</x2>
      <y2>259</y2>
      <x3>259</x3>
      <y3>259</y3>
      <x4>259</x4>
      <y4>243</y4>
    </bndbox>
  </object>
</annotation>
