<annotation>
  <folder>DATA</folder>
  <filename>000053.png</filename>
  <source>
    <database>Unknown</database>
  </source>
  <size>
    <width>500</width>
    <height>500</height>
    <depth>1</depth>
  </size>
  <segmented>0</segmented>
  <object>
    <name>ship</name>
    <pose>Unspecified</pose>
    <truncated>0</truncated>
    <difficult>0</difficult>
    <bndbox>
      <xmin>84</xmin>
      <ymin>184</ymin>
      <xmax>107</xmax>
      <ymax>202</ymax>
      <x1>84</x1>
      <y1>184</y1>
      <x2>84</x2>
      <y2>202</y2>
      <x3>107</x3>
      <y3>202</y3>
      <x4>107</x4>
      <y4>184</y4>
    </bndbox>
  </object>
  <object>
    <name>ship</name>
    <pose>Unspecified</pose>
    <truncated>0</truncated>
    <difficult>0</difficult>
    <bndbox>
      <xmin>416</xmin>
      <ymin>280</ymin>
      <xmax>434</xmax>
      <ymax>299</ymax>
      <x1>416</x1>
      <y1>280</y1>
      <x2>416</x2>
      <y2>299</y2>
      <x3>434</x3>
      <y3>299</y3>
      <x4>434</x4>
      <y4>280</y4>
    </bndbox>
  </object>
</annotation>
