<annotation>
  <folder>DATA</folder>
  <filename>000013.png</filename>
  <source>
    <database>Unknown</database>
  </source>
  <size>
    <width>500</width>
    <height>500</height>
    <depth>1</depth>
  </size>
  <segmented>0</segmented>
  <object>
    <name>ship</name>
    <pose>Unspecified</pose>
    <truncated>0</truncated>
    <difficult>0</difficult>
    <bndbox>
      <xmin>257</xmin>
      <ymin>230</ymin>
      <xmax>277</xmax>
      <ymax>257</ymax>
      <x1>257</x1>
      <y1>230</y1>
      <x2>257</x2>
      <y2>257</y2>
      <x3>277</x3>
      <y3>257</y3>
      <x4>277</x4>
      <y4>230</y4>
    </bndbox>
  </object>
</annotation>
