<annotation>
  <folder>DATA</folder>
  <filename>000033.png</filename>
  <source>
    <database>Unknown</database>
  </source>
  <size>
    <width>500</width>
    <height>500</height>
    <depth>1</depth>
  </size>
  <segmented>0</segmented>
  <object>
    <name>ship</name>
    <pose>Unspecified</pose>
    <truncated>0</truncated>
    <difficult>0</difficult>
    <bndbox>
      <xmin>120</xmin>
      <ymin>248</ymin>
      <xmax>141</xmax>
      <ymax>256</ymax>
      <x1>120</x1>
      <y1>248</y1>
      <x2>120</x2>
      <y2>256</y2>
      <x3>141</x3>
      <y3>256</y3>
      <x4>141</x4>
      <y4>248</y4>
    </bndbox>
  </object>
</annotation>
