<annotation>
  <folder>DATA</folder>
  <filename>000059.png</filename>
  <source>
    <database>Unknown</database>
  </source>
  <size>
    <width>500</width>
    <height>500</height>
    <depth>1</depth>
  </size>
  <segmented>0</segmented>
  <object>
    <name>ship</name>
    <pose>Unspecified</pose>
    <truncated>0</truncated>
    <difficult>0</difficult>
    <bndbox>
      <xmin>175</xmin>
      <ymin>236</ymin>
      <xmax>195</xmax>
      <ymax>251</ymax>
      <x1>175</x1>
      <y1>236</y1>
      <x2>175</x2>
      <y2>251</y2>
      <x3>195</x3>
      <y3>251</y3>
      <x4>195</x4>
      <y4>236</y4>
    </bndbox>
  </object>
</annotation>
