<annotation>
  <folder>DATA</folder>
  <filename>000089.png</filename>
  <source>
    <database>Unknown</database>
  </source>
  <size>
    <width>500</width>
    <height>500</height>
    <depth>1</depth>
  </size>
  <segmented>0</segmented>
  <object>
    <name>ship</name>
    <pose>Unspecified</pose>
    <truncated>0</truncated>
    <difficult>0</difficult>
    <bndbox>
      <xmin>66</xmin>
      <ymin>277</ymin>
      <xmax>75</xmax>
      <ymax>299</ymax>
      <x1>66</x1>
      <y1>277</y1>
      <x2>66</x2>
      <y2>299</y2>
      <x3>75</x3>
      <y3>299</y3>
      <x4>75</x4>
      <y4>277</y4>
    </bndbox>
  </object>
  <object>
    <name>ship</name>
    <pose>Unspecified</pose>
    <truncated>0</truncated>
    <difficult>1</difficult>
    <bndbox>
      <xmin>178</xmin>
      <ymin>322</ymin>
      <xmax>186</xmax>
      <ymax>336</ymax>
      <x1>178</x1>
      <y1>322</y1>
      <x2>178</x2>
      <y2>336</y2>
      <x3>186</x3>
      <y3>336</y3>
      <x4>186</x4>
      <y4>322</y4>
    </bndbox>
  </object>
  <object>
    <name>ship</name>
    <pose>Unspecified</pose>
    <truncated>0</truncated>
    <difficult>0</difficult>
    <bndbox>
      <xmin>285</xmin>
      <ymin>413</ymin>
      <xmax>293</xmax>
      <ymax>433</ymax>
      <x1>285</x1>
      <y1>413</y1>
      <x2>285</x2>
      <y2>433</y2>
      <x3>293</x3>
      <y3>433</y3>
      <x4>293</x4>
      <y4>413</y4>
    </bndbox>
  </object>
  <object>
    <name>ship</name>
    <pose>Unspecified</pose>
    <truncated>0</truncated>
    <difficult>0</difficult>
    <bndbox>
      <xmin>383</xmin>
      <ymin>454</ymin>
      <xmax>393</xmax>
      <ymax>473</ymax>
      <x1>383</x1>
      <y1>454</y1>
      <x2>383</x2>
      <y2>473</y2>
      <x3>393</x3>
      <y3>473</y3>
      <x4>393</x4>
      <y4>454</y4>
    </bndbox>
  </object>
  <object>
    <name>ship</name>
    <pose>Unspecified</pose>
    <truncated>0</truncated>
    <difficult>0</difficult>
    <bndbox>
      <xmin>41</xmin>
      <ymin>424</ymin>
      <xmax>51</xmax>
      <ymax>438</ymax>
      <x1>41</x1>
      <y1>424</y1>
      <x2>41</x2>
      <y2>438</y2>
      <x3>51</x3>
      <y3>438</y3>
      <x4>51</x4>
      <y4>424</y4>
    </bndbox>
  </object>
</annotation>
