<annotation>
  <folder>DATA</folder>
  <filename>000095.png</filename>
  <source>
    <database>Unknown</database>
  </source>
  <size>
    <width>500</width>
    <height>500</height>
    <depth>1</depth>
  </size>
  <segmented>0</segmented>
  <object>
    <name>ship</name>
    <pose>Unspecified</pose>
    <truncated>0</truncated>
    <difficult>0</difficult>
    <bndbox>
      <xmin>137</xmin>
      <ymin>349</ymin>
      <xmax>151</xmax>
      <ymax>365</ymax>
      <x1>137</x1>
      <y1>349</y1>
      <x2>137</x2>
      <y2>365</y2>
      <x3>151</x3>
      <y3>365</y3>
      <x4>151</x4>
      <y4>349</y4>
    </bndbox>
  </object>
</annotation>
