<annotation>
  <folder>DATA</folder>
  <filename>000018.png</filename>
  <source>
    <database>Unknown</database>
  </source>
  <size>
    <width>500</width>
    <height>500</height>
    <depth>1</depth>
  </size>
  <segmented>0</segmented>
  <object>
    <name>ship</name>
    <pose>Unspecified</pose>
    <truncated>0</truncated>
    <difficult>0</difficult>
    <bndbox>
      <xmin>198</xmin>
      <ymin>247</ymin>
      <xmax>219</xmax>
      <ymax>264</ymax>
      <x1>198</x1>
      <y1>247</y1>
      <x2>198</x2>
      <y2>264</y2>
      <x3>219</x3>
      <y3>264</y3>
      <x4>219</x4>
      <y4>247</y4>
    </bndbox>
  </object>
  <object>
    <name>ship</name>
    <pose>Unspecified</pose>
    <truncated>0</truncated>
    <difficult>0</difficult>
    <bndbox>
      <xmin>442</xmin>
      <ymin>326</ymin>
      <xmax>458</xmax>
      <ymax>344</ymax>
      <x1>442</x1>
      <y1>326</y1>
      <x2>442</x2>
      <y2>344</y2>
      <x3>458</x3>
      <y3>344</y3>
      <x4>458</x4>
      <y4>326</y4>
    </bndbox>
  </object>
</annotation>
