<annotation>
  <folder>DATA</folder>
  <filename>000037.png</filename>
  <source>
    <database>Unknown</database>
  </source>
  <size>
    <width>500</width>
    <height>500</height>
    <depth>1</depth>
  </size>
  <segmented>0</segmented>
  <object>
    <name>ship</name>
    <pose>Unspecified</pose>
    <truncated>0</truncated>
    <difficult>0</difficult>
    <bndbox>
      <xmin>188</xmin>
      <ymin>228</ymin>
      <xmax>203</xmax>
      <ymax>247</ymax>
      <x1>188</x1>
      <y1>228</y1>
      <x2>188</x2>
      <y2>247</y2>
      <x3>203</x3>
      <y3>247</y3>
      <x4>203</x4>
      <y4>228</y4>
    </bndbox>
  </object>
</annotation>
