<annotation>
  <folder>DATA</folder>
  <filename>000044.png</filename>
  <source>
    <database>Unknown</database>
  </source>
  <size>
    <width>500</width>
    <height>500</height>
    <depth>1</depth>
  </size>
  <segmented>0</segmented>
  <object>
    <name>ship</name>
    <pose>Unspecified</pose>
    <truncated>0</truncated>
    <difficult>0</difficult>
    <bndbox>
      <xmin>153</xmin>
      <ymin>149</ymin>
      <xmax>172</xmax>
      <ymax>176</ymax>
      <x1>153</x1>
      <y1>149</y1>
      <x2>153</x2>
      <y2>176</y2>
      <x3>172</x3>
      <y3>176</y3>
      <x4>172</x4>
      <y4>149</y4>
    </bndbox>
  </object>
  <object>
    <name>ship</name>
    <pose>Unspecified</pose>
    <truncated>0</truncated>
    <difficult>0</difficult>
    <bndbox>
      <xmin>367</xmin>
      <ymin>397</ymin>
      <xmax>384</xmax>
      <ymax>423</ymax>
      <x1>367</x1>
      <y1>397</y1>
      <x2>367</x2>
      <y2>423</y2>
      <x3>384</x3>
      <y3>423</y3>
      <x4>384</x4>
      <y4>397</y4>
    </bndbox>
  </object>
</annotation>
