<annotation>
  <folder>DATA</folder>
  <filename>000023.png</filename>
  <source>
    <database>Unknown</database>
  </source>
  <size>
    <width>500</width>
    <height>500</height>
    <depth>1</depth>
  </size>
  <segmented>0</segmented>
  <object>
    <name>ship</name>
    <pose>Unspecified</pose>
    <truncated>0</truncated>
    <difficult>0</difficult>
    <bndbox>
      <xmin>67</xmin>
      <ymin>62</ymin>
      <xmax>82</xmax>
      <ymax>77</ymax>
      <x1>67</x1>
      <y1>62</y1>
      <x2>67</x2>
      <y2>77</y2>
      <x3>82</x3>
      <y3>77</y3>
      <x4>82</x4>
      <y4>62</y4>
    </bndbox>
  </object>
  <object>
    <name>ship</name>
    <pose>Unspecified</pose>
    <truncated>0</truncated>
    <difficult>0</difficult>
    <bndbox>
      <xmin>212</xmin>
      <ymin>62</ymin>
      <xmax>225</xmax>
      <ymax>76</ymax>
      <x1>212</x1>
      <y1>62</y1>
      <x2>212</x2>
      <y2>76</y2>
      <x3>225</x3>
      <y3>76</y3>
      <x4>225</x4>
      <y4>62</y4>
    </bndbox>
  </object>
  <object>
    <name>ship</name>
    <pose>Unspecified</pose>
    <truncated>0</truncated>
    <difficult>0</difficult>
    <bndbox>
      <xmin>337</xmin>
      <ymin>63</ymin>
      <xmax>354</xmax>
      <ymax>78</ymax>
      <x1>337</x1>
      <y1>63</y1>
      <x2>337</x2>
      <y2>78</y2>
      <x3>354</x3>
      <y3>78</y3>
      <x4>354</x4>
      <y4>63</y4>
    </bndbox>
  </object>
  <object>
    <name>ship</name>
    <pose>Unspecified</pose>
    <truncated>0</truncated>
    <difficult>0</difficult>
    <bndbox>
      <xmin>342</xmin>
      <ymin>206</ymin>
      <xmax>360</xmax>
      <ymax>224</ymax>
      <x1>342</x1>
      <y1>206</y1>
      <x2>342</x2>
      <y2>224</y2>
      <x3>360</x3>
      <y3>224</y3>
      <x4>360</x4>
      <y4>206</y4>
    </bndbox>
  </object>
  <object>
    <name>ship</name>
    <pose>Unspecified</pose>
    <truncated>0</truncated>
    <difficult>0</difficult>
    <bndbox>
      <xmin>209</xmin>
      <ymin>227</ymin>
      <xmax>224</xmax>
      <ymax>241</ymax>
      <x1>209</x1>
      <y1>227</y1>
      <x2>209</x2>
      <y2>241</y2>
      <x3>224</x3>
      <y3>241</y3>
      <x4>224</x4>
      <y4>227</y4>
    </bndbox>
  </object>
  <object>
    <name>ship</name>
    <pose>Unspecified</pose>
    <truncated>0</truncated>
    <difficult>0</difficult>
    <bndbox>
      <xmin>52</xmin>
      <ymin>226</ymin>
      <xmax>72</xmax>
      <ymax>247</ymax>
      <x1>52</x1>
      <y1>226</y1>
      <x2>52</x2>
      <y2>247</y2>
      <x3>72</x3>
      <y3>247</y3>
      <x4>72</x4>
      <y4>226</y4>
    </bndbox>
  </object>
</annotation>
