<annotation>
  <folder>DATA</folder>
  <filename>000066.png</filename>
  <source>
    <database>Unknown</database>
  </source>
  <size>
    <width>500</width>
    <height>500</height>
    <depth>1</depth>
  </size>
  <segmented>0</segmented>
  <object>
    <name>ship</name>
    <pose>Unspecified</pose>
    <truncated>0</truncated>
    <difficult>0</difficult>
    <bndbox>
      <xmin>92</xmin>
      <ymin>110</ymin>
      <xmax>108</xmax>
      <ymax>126</ymax>
      <x1>92</x1>
      <y1>110</y1>
      <x2>92</x2>
      <y2>126</y2>
      <x3>108</x3>
      <y3>126</y3>
      <x4>108</x4>
      <y4>110</y4>
    </bndbox>
  </object>
  <object>
    <name>ship</name>
    <pose>Unspecified</pose>
    <truncated>0</truncated>
    <difficult>0</difficult>
    <bndbox>
      <xmin>258</xmin>
      <ymin>387</ymin>
      <xmax>268</xmax>
      <ymax>404</ymax>
      <x1>258</x1>
      <y1>387</y1>
      <x2>258</x2>
      <y2>404</y2>
      <x3>268</x3>
      <y3>404</y3>
      <x4>268</x4>
      <y4>387</y4>
    </bndbox>
  </object>
</annotation>
