<annotation>
  <folder>DATA</folder>
  <filename>000020.png</filename>
  <source>
    <database>Unknown</database>
  </source>
  <size>
    <width>500</width>
    <height>500</height>
    <depth>1</depth>
  </size>
  <segmented>0</segmented>
  <object>
    <name>ship</name>
    <pose>Unspecified</pose>
    <truncated>0</truncated>
    <difficult>0</difficult>
    <bndbox>
      <xmin>278</xmin>
      <ymin>98</ymin>
      <xmax>287</xmax>
      <ymax>107</ymax>
      <x1>278</x1>
      <y1>98</y1>
      <x2>278</x2>
      <y2>107</y2>
      <x3>287</x3>
      <y3>107</y3>
      <x4>287</x4>
      <y4>98</y4>
    </bndbox>
  </object>
  <object>
    <name>ship</name>
    <pose>Unspecified</pose>
    <truncated>0</truncated>
    <difficult>0</difficult>
    <bndbox>
      <xmin>342</xmin>
      <ymin>430</ymin>
      <xmax>353</xmax>
      <ymax>448</ymax>
      <x1>342</x1>
      <y1>430</y1>
      <x2>342</x2>
      <y2>448</y2>
      <x3>353</x3>
      <y3>448</y3>
      <x4>353</x4>
      <y4>430</y4>
    </bndbox>
  </object>
</annotation>
