<annotation>
  <folder>DATA</folder>
  <filename>000016.png</filename>
  <source>
    <database>Unknown</database>
  </source>
  <size>
    <width>500</width>
    <height>500</height>
    <depth>1</depth>
  </size>
  <segmented>0</segmented>
  <object>
    <name>ship</name>
    <pose>Unspecified</pose>
    <truncated>0</truncated>
    <difficult>0</difficult>
    <bndbox>
      <xmin>88</xmin>
      <ymin>225</ymin>
      <xmax>92</xmax>
      <ymax>237</ymax>
      <x1>88</x1>
      <y1>225</y1>
      <x2>88</x2>
      <y2>237</y2>
      <x3>92</x3>
      <y3>237</y3>
      <x4>92</x4>
      <y4>225</y4>
    </bndbox>
  </object>
  <object>
    <name>ship</name>
    <pose>Unspecified</pose>
    <truncated>0</truncated>
    <difficult>0</difficult>
    <bndbox>
      <xmin>85</xmin>
      <ymin>300</ymin>
      <xmax>91</xmax>
      <ymax>312</ymax>
      <x1>85</x1>
      <y1>300</y1>
      <x2>85</x2>
      <y2>312</y2>
      <x3>91</x3>
      <y3>312</y3>
      <x4>91</x4>
      <y4>300</y4>
    </bndbox>
  </object>
  <object>
    <name>ship</name>
    <pose>Unspecified</pose>
    <truncated>0</truncated>
    <difficult>0</difficult>
    <bndbox>
      <xmin>235</xmin>
      <ymin>229</ymin>
      <xmax>240</xmax>
      <ymax>241</ymax>
      <x1>235</x1>
      <y1>229</y1>
      <x2>235</x2>
      <y2>241</y2>
      <x3>240</x3>
      <y3>241</y3>
      <x4>240</x4>
      <y4>229</y4>
    </bndbox>
  </object>
  <object>
    <name>ship</name>
    <pose>Unspecified</pose>
    <truncated>0</truncated>
    <difficult>0</difficult>
    <bndbox>
      <xmin>233</xmin>
      <ymin>302</ymin>
      <xmax>240</xmax>
      <ymax>314</ymax>
      <x1>233</x1>
      <y1>302</y1>
      <x2>233</x2>
      <y2>314</y2>
      <x3>240</x3>
      <y3>314</y3>
      <x4>240</x4>
      <y4>302</y4>
    </bndbox>
  </object>
  <object>
    <name>ship</name>
    <pose>Unspecified</pose>
    <truncated>0</truncated>
    <difficult>0</difficult>
    <bndbox>
      <xmin>164</xmin>
      <ymin>305</ymin>
      <xmax>168</xmax>
      <ymax>318</ymax>
      <x1>164</x1>
      <y1>305</y1>
      <x2>164</x2>
      <y2>318</y2>
      <x3>168</x3>
      <y3>318</y3>
      <x4>168</x4>
      <y4>305</y4>
    </bndbox>
  </object>
  <object>
    <name>ship</name>
    <pose>Unspecified</pose>
    <truncated>0</truncated>
    <difficult>0</difficult>
    <bndbox>
      <xmin>305</xmin>
      <ymin>304</ymin>
      <xmax>311</xmax>
      <ymax>316</ymax>
      <x1>305</x1>
      <y1>304</y1>
      <x2>305</x2>
      <y2>316</y2>
      <x3>311</x3>
      <y3>316</y3>
      <x4>311</x4>
      <y4>304</y4>
    </bndbox>
  </object>
  <object>
    <name>ship</name>
    <pose>Unspecified</pose>
    <truncated>0</truncated>
    <difficult>0</difficult>
    <bndbox>
      <xmin>375</xmin>
      <ymin>311</ymin>
      <xmax>382</xmax>
      <ymax>325</ymax>
      <x1>375</x1>
      <y1>311</y1>
      <x2>375</x2>
      <y2>325</y2>
      <x3>382</x3>
      <y3>325</y3>
      <x4>382</x4>
      <y4>311</y4>
    </bndbox>
  </object>
  <object>
    <name>ship</name>
    <pose>Unspecified</pose>
    <truncated>0</truncated>
    <difficult>0</difficult>
    <bndbox>
      <xmin>380</xmin>
      <ymin>217</ymin>
      <xmax>386</xmax>
      <ymax>232</ymax>
      <x1>380</x1>
      <y1>217</y1>
      <x2>380</x2>
      <y2>232</y2>
      <x3>386</x3>
      <y3>232</y3>
      <x4>386</x4>
      <y4>217</y4>
    </bndbox>
  </object>
  <object>
    <name>ship</name>
    <pose>Unspecified</pose>
    <truncated>0</truncated>
    <difficult>0</difficult>
    <bndbox>
      <xmin>451</xmin>
      <ymin>203</ymin>
      <xmax>458</xmax>
      <ymax>217</ymax>
      <x1>451</x1>
      <y1>203</y1>
      <x2>451</x2>
      <y2>217</y2>
      <x3>458</x3>
      <y3>217</y3>
      <x4>458</x4>
      <y4>203</y4>
    </bndbox>
  </object>
  <object>
    <name>ship</name>
    <pose>Unspecified</pose>
    <truncated>0</truncated>
    <difficult>1</difficult>
    <bndbox>
      <xmin>359</xmin>
      <ymin>271</ymin>
      <xmax>369</xmax>
      <ymax>279</ymax>
      <x1>359</x1>
      <y1>271</y1>
      <x2>359</x2>
      <y2>279</y2>
      <x3>369</x3>
      <y3>279</y3>
      <x4>369</x4>
      <y4>271</y4>
    </bndbox>
  </object>
</annotation>
