<annotation>
  <folder>DATA</folder>
  <filename>000081.png</filename>
  <source>
    <database>Unknown</database>
  </source>
  <size>
    <width>500</width>
    <height>500</height>
    <depth>1</depth>
  </size>
  <segmented>0</segmented>
  <object>
    <name>ship</name>
    <pose>Unspecified</pose>
    <truncated>0</truncated>
    <difficult>0</difficult>
    <bndbox>
      <xmin>63</xmin>
      <ymin>187</ymin>
      <xmax>86</xmax>
      <ymax>212</ymax>
      <x1>63</x1>
      <y1>187</y1>
      <x2>63</x2>
      <y2>212</y2>
      <x3>86</x3>
      <y3>212</y3>
      <x4>86</x4>
      <y4>187</y4>
    </bndbox>
  </object>
  <object>
    <name>ship</name>
    <pose>Unspecified</pose>
    <truncated>0</truncated>
    <difficult>0</difficult>
    <bndbox>
      <xmin>73</xmin>
      <ymin>285</ymin>
      <xmax>92</xmax>
      <ymax>304</ymax>
      <x1>73</x1>
      <y1>285</y1>
      <x2>73</x2>
      <y2>304</y2>
      <x3>92</x3>
      <y3>304</y3>
      <x4>92</x4>
      <y4>285</y4>
    </bndbox>
  </object>
  <object>
    <name>ship</name>
    <pose>Unspecified</pose>
    <truncated>0</truncated>
    <difficult>0</difficult>
    <bndbox>
      <xmin>212</xmin>
      <ymin>236</ymin>
      <xmax>234</xmax>
      <ymax>249</ymax>
      <x1>212</x1>
      <y1>236</y1>
      <x2>212</x2>
      <y2>249</y2>
      <x3>234</x3>
      <y3>249</y3>
      <x4>234</x4>
      <y4>236</y4>
    </bndbox>
  </object>
  <object>
    <name>ship</name>
    <pose>Unspecified</pose>
    <truncated>0</truncated>
    <difficult>0</difficult>
    <bndbox>
      <xmin>410</xmin>
      <ymin>386</ymin>
      <xmax>436</xmax>
      <ymax>409</ymax>
      <x1>410</x1>
      <y1>386</y1>
      <x2>410</x2>
      <y2>409</y2>
      <x3>436</x3>
      <y3>409</y3>
      <x4>436</x4>
      <y4>386</y4>
    </bndbox>
  </object>
  <object>
    <name>ship</name>
    <pose>Unspecified</pose>
    <truncated>0</truncated>
    <difficult>0</difficult>
    <bndbox>
      <xmin>405</xmin>
      <ymin>321</ymin>
      <xmax>428</xmax>
      <ymax>338</ymax>
      <x1>405</x1>
      <y1>321</y1>
      <x2>405</x2>
      <y2>338</y2>
      <x3>428</x3>
      <y3>338</y3>
      <x4>428</x4>
      <y4>321</y4>
    </bndbox>
  </object>
</annotation>
