<annotation>
  <folder>DATA</folder>
  <filename>000078.png</filename>
  <source>
    <database>Unknown</database>
  </source>
  <size>
    <width>500</width>
    <height>500</height>
    <depth>1</depth>
  </size>
  <segmented>0</segmented>
  <object>
    <name>ship</name>
    <pose>Unspecified</pose>
    <truncated>0</truncated>
    <difficult>0</difficult>
    <bndbox>
      <xmin>88</xmin>
      <ymin>266</ymin>
      <xmax>108</xmax>
      <ymax>275</ymax>
      <x1>88</x1>
      <y1>266</y1>
      <x2>88</x2>
      <y2>275</y2>
      <x3>108</x3>
      <y3>275</y3>
      <x4>108</x4>
      <y4>266</y4>
    </bndbox>
  </object>
  <object>
    <name>ship</name>
    <pose>Unspecified</pose>
    <truncated>0</truncated>
    <difficult>0</difficult>
    <bndbox>
      <xmin>90</xmin>
      <ymin>332</ymin>
      <xmax>111</xmax>
      <ymax>342</ymax>
      <x1>90</x1>
      <y1>332</y1>
      <x2>90</x2>
      <y2>342</y2>
      <x3>111</x3>
      <y3>342</y3>
      <x4>111</x4>
      <y4>332</y4>
    </bndbox>
  </object>
  <object>
    <name>ship</name>
    <pose>Unspecified</pose>
    <truncated>0</truncated>
    <difficult>0</difficult>
    <bndbox>
      <xmin>73</xmin>
      <ymin>380</ymin>
      <xmax>91</xmax>
      <ymax>389</ymax>
      <x1>73</x1>
      <y1>380</y1>
      <x2>73</x2>
      <y2>389</y2>
      <x3>91</x3>
      <y3>389</y3>
      <x4>91</x4>
      <y4>380</y4>
    </bndbox>
  </object>
  <object>
    <name>ship</name>
    <pose>Unspecified</pose>
    <truncated>0</truncated>
    <difficult>0</difficult>
    <bndbox>
      <xmin>326</xmin>
      <ymin>321</ymin>
      <xmax>342</xmax>
      <ymax>330</ymax>
      <x1>326</x1>
      <y1>321</y1>
      <x2>326</x2>
      <y2>330</y2>
      <x3>342</x3>
      <y3>330</y3>
      <x4>342</x4>
      <y4>321</y4>
    </bndbox>
  </object>
</annotation>
