<annotation>
  <folder>DATA</folder>
  <filename>000024.png</filename>
  <source>
    <database>Unknown</database>
  </source>
  <size>
    <width>500</width>
    <height>500</height>
    <depth>1</depth>
  </size>
  <segmented>0</segmented>
  <object>
    <name>ship</name>
    <pose>Unspecified</pose>
    <truncated>0</truncated>
    <difficult>0</difficult>
    <bndbox>
      <xmin>26</xmin>
      <ymin>56</ymin>
      <xmax>44</xmax>
      <ymax>65</ymax>
      <x1>26</x1>
      <y1>56</y1>
      <x2>26</x2>
      <y2>65</y2>
      <x3>44</x3>
      <y3>65</y3>
      <x4>44</x4>
      <y4>56</y4>
    </bndbox>
  </object>
  <object>
    <name>ship</name>
    <pose>Unspecified</pose>
    <truncated>0</truncated>
    <difficult>0</difficult>
    <bndbox>
      <xmin>71</xmin>
      <ymin>272</ymin>
      <xmax>90</xmax>
      <ymax>291</ymax>
      <x1>71</x1>
      <y1>272</y1>
      <x2>71</x2>
      <y2>291</y2>
      <x3>90</x3>
      <y3>291</y3>
      <x4>90</x4>
      <y4>272</y4>
    </bndbox>
  </object>
  <object>
    <name>ship</name>
    <pose>Unspecified</pose>
    <truncated>0</truncated>
    <difficult>0</difficult>
    <bndbox>
      <xmin>79</xmin>
      <ymin>415</ymin>
      <xmax>96</xmax>
      <ymax>434</ymax>
      <x1>79</x1>
      <y1>415</y1>
      <x2>79</x2>
      <y2>434</y2>
      <x3>96</x3>
      <y3>434</y3>
      <x4>96</x4>
      <y4>415</y4>
    </bndbox>
  </object>
  <object>
    <name>ship</name>
    <pose>Unspecified</pose>
    <truncated>0</truncated>
    <difficult>0</difficult>
    <bndbox>
      <xmin>363</xmin>
      <ymin>278</ymin>
      <xmax>381</xmax>
      <ymax>296</ymax>
      <x1>363</x1>
      <y1>278</y1>
      <x2>363</x2>
      <y2>296</y2>
      <x3>381</x3>
      <y3>296</y3>
      <x4>381</x4>
      <y4>278</y4>
    </bndbox>
  </object>
  <object>
    <name>ship</name>
    <pose>Unspecified</pose>
    <truncated>0</truncated>
    <difficult>0</difficult>
    <bndbox>
      <xmin>218</xmin>
      <ymin>190</ymin>
      <xmax>234</xmax>
      <ymax>198</ymax>
      <x1>218</x1>
      <y1>190</y1>
      <x2>218</x2>
      <y2>198</y2>
      <x3>234</x3>
      <y3>198</y3>
      <x4>234</x4>
      <y4>190</y4>
    </bndbox>
  </object>
</annotation>
