<annotation>
  <folder>DATA</folder>
  <filename>000041.png</filename>
  <source>
    <database>Unknown</database>
  </source>
  <size>
    <width>500</width>
    <height>500</height>
    <depth>1</depth>
  </size>
  <segmented>0</segmented>
  <object>
    <name>ship</name>
    <pose>Unspecified</pose>
    <truncated>0</truncated>
    <difficult>0</difficult>
    <bndbox>
      <xmin>208</xmin>
      <ymin>233</ymin>
      <xmax>237</xmax>
      <ymax>248</ymax>
      <x1>208</x1>
      <y1>233</y1>
      <x2>208</x2>
      <y2>248</y2>
      <x3>237</x3>
      <y3>248</y3>
      <x4>237</x4>
      <y4>233</y4>
    </bndbox>
  </object>
</annotation>
