<annotation>
  <folder>DATA</folder>
  <filename>000082.png</filename>
  <source>
    <database>Unknown</database>
  </source>
  <size>
    <width>500</width>
    <height>500</height>
    <depth>1</depth>
  </size>
  <segmented>0</segmented>
  <object>
    <name>ship</name>
    <pose>Unspecified</pose>
    <truncated>0</truncated>
    <difficult>0</difficult>
    <bndbox>
      <xmin>42</xmin>
      <ymin>160</ymin>
      <xmax>56</xmax>
      <ymax>186</ymax>
      <x1>42</x1>
      <y1>160</y1>
      <x2>42</x2>
      <y2>186</y2>
      <x3>56</x3>
      <y3>186</y3>
      <x4>56</x4>
      <y4>160</y4>
    </bndbox>
  </object>
  <object>
    <name>ship</name>
    <pose>Unspecified</pose>
    <truncated>0</truncated>
    <difficult>0</difficult>
    <bndbox>
      <xmin>311</xmin>
      <ymin>99</ymin>
      <xmax>331</xmax>
      <ymax>132</ymax>
      <x1>311</x1>
      <y1>99</y1>
      <x2>311</x2>
      <y2>132</y2>
      <x3>331</x3>
      <y3>132</y3>
      <x4>331</x4>
      <y4>99</y4>
    </bndbox>
  </object>
  <object>
    <name>ship</name>
    <pose>Unspecified</pose>
    <truncated>0</truncated>
    <difficult>0</difficult>
    <bndbox>
      <xmin>81</xmin>
      <ymin>440</ymin>
      <xmax>112</xmax>
      <ymax>466</ymax>
      <x1>81</x1>
      <y1>440</y1>
      <x2>81</x2>
      <y2>466</y2>
      <x3>112</x3>
      <y3>466</y3>
      <x4>112</x4>
      <y4>440</y4>
    </bndbox>
  </object>
</annotation>
