<annotation>
  <folder>DATA</folder>
  <filename>000036.png</filename>
  <source>
    <database>Unknown</database>
  </source>
  <size>
    <width>500</width>
    <height>500</height>
    <depth>1</depth>
  </size>
  <segmented>0</segmented>
  <object>
    <name>ship</name>
    <pose>Unspecified</pose>
    <truncated>0</truncated>
    <difficult>0</difficult>
    <bndbox>
      <xmin>206</xmin>
      <ymin>214</ymin>
      <xmax>217</xmax>
      <ymax>230</ymax>
      <x1>206</x1>
      <y1>214</y1>
      <x2>206</x2>
      <y2>230</y2>
      <x3>217</x3>
      <y3>230</y3>
      <x4>217</x4>
      <y4>214</y4>
    </bndbox>
  </object>
</annotation>
