<annotation>
  <folder>DATA</folder>
  <filename>000034.png</filename>
  <source>
    <database>Unknown</database>
  </source>
  <size>
    <width>500</width>
    <height>500</height>
    <depth>1</depth>
  </size>
  <segmented>0</segmented>
  <object>
    <name>ship</name>
    <pose>Unspecified</pose>
    <truncated>0</truncated>
    <difficult>0</difficult>
    <bndbox>
      <xmin>44</xmin>
      <ymin>255</ymin>
      <xmax>57</xmax>
      <ymax>274</ymax>
      <x1>44</x1>
      <y1>255</y1>
      <x2>44</x2>
      <y2>274</y2>
      <x3>57</x3>
      <y3>274</y3>
      <x4>57</x4>
      <y4>255</y4>
    </bndbox>
  </object>
</annotation>
