<annotation>
  <folder>DATA</folder>
  <filename>000091.png</filename>
  <source>
    <database>Unknown</database>
  </source>
  <size>
    <width>500</width>
    <height>500</height>
    <depth>1</depth>
  </size>
  <segmented>0</segmented>
  <object>
    <name>ship</name>
    <pose>Unspecified</pose>
    <truncated>0</truncated>
    <difficult>0</difficult>
    <bndbox>
      <xmin>95</xmin>
      <ymin>292</ymin>
      <xmax>109</xmax>
      <ymax>320</ymax>
      <x1>95</x1>
      <y1>292</y1>
      <x2>95</x2>
      <y2>320</y2>
      <x3>109</x3>
      <y3>320</y3>
      <x4>109</x4>
      <y4>292</y4>
    </bndbox>
  </object>
  <object>
    <name>ship</name>
    <pose>Unspecified</pose>
    <truncated>0</truncated>
    <difficult>0</difficult>
    <bndbox>
      <xmin>332</xmin>
      <ymin>207</ymin>
      <xmax>342</xmax>
      <ymax>240</ymax>
      <x1>332</x1>
      <y1>207</y1>
      <x2>332</x2>
      <y2>240</y2>
      <x3>342</x3>
      <y3>240</y3>
      <x4>342</x4>
      <y4>207</y4>
    </bndbox>
  </object>
</annotation>
