<annotation>
  <folder>DATA</folder>
  <filename>000022.png</filename>
  <source>
    <database>Unknown</database>
  </source>
  <size>
    <width>500</width>
    <height>500</height>
    <depth>1</depth>
  </size>
  <segmented>0</segmented>
  <object>
    <name>ship</name>
    <pose>Unspecified</pose>
    <truncated>0</truncated>
    <difficult>0</difficult>
    <bndbox>
      <xmin>143</xmin>
      <ymin>298</ymin>
      <xmax>161</xmax>
      <ymax>313</ymax>
      <x1>143</x1>
      <y1>298</y1>
      <x2>143</x2>
      <y2>313</y2>
      <x3>161</x3>
      <y3>313</y3>
      <x4>161</x4>
      <y4>298</y4>
    </bndbox>
  </object>
  <object>
    <name>ship</name>
    <pose>Unspecified</pose>
    <truncated>0</truncated>
    <difficult>0</difficult>
    <bndbox>
      <xmin>277</xmin>
      <ymin>297</ymin>
      <xmax>296</xmax>
      <ymax>316</ymax>
      <x1>277</x1>
      <y1>297</y1>
      <x2>277</x2>
      <y2>316</y2>
      <x3>296</x3>
      <y3>316</y3>
      <x4>296</x4>
      <y4>297</y4>
    </bndbox>
  </object>
  <object>
    <name>ship</name>
    <pose>Unspecified</pose>
    <truncated>0</truncated>
    <difficult>0</difficult>
    <bndbox>
      <xmin>410</xmin>
      <ymin>319</ymin>
      <xmax>431</xmax>
      <ymax>345</ymax>
      <x1>410</x1>
      <y1>319</y1>
      <x2>410</x2>
      <y2>345</y2>
      <x3>431</x3>
      <y3>345</y3>
      <x4>431</x4>
      <y4>319</y4>
    </bndbox>
  </object>
  <object>
    <name>ship</name>
    <pose>Unspecified</pose>
    <truncated>0</truncated>
    <difficult>0</difficult>
    <bndbox>
      <xmin>420</xmin>
      <ymin>157</ymin>
      <xmax>442</xmax>
      <ymax>175</ymax>
      <x1>420</x1>
      <y1>157</y1>
      <x2>420</x2>
      <y2>175</y2>
      <x3>442</x3>
      <y3>175</y3>
      <x4>442</x4>
      <y4>157</y4>
    </bndbox>
  </object>
</annotation>
