<annotation>
  <folder>DATA</folder>
  <filename>000083.png</filename>
  <source>
    <database>Unknown</database>
  </source>
  <size>
    <width>500</width>
    <height>500</height>
    <depth>1</depth>
  </size>
  <segmented>0</segmented>
  <object>
    <name>ship</name>
    <pose>Unspecified</pose>
    <truncated>0</truncated>
    <difficult>0</difficult>
    <bndbox>
      <xmin>70</xmin>
      <ymin>108</ymin>
      <xmax>84</xmax>
      <ymax>132</ymax>
      <x1>70</x1>
      <y1>108</y1>
      <x2>70</x2>
      <y2>132</y2>
      <x3>84</x3>
      <y3>132</y3>
      <x4>84</x4>
      <y4>108</y4>
    </bndbox>
  </object>
  <object>
    <name>ship</name>
    <pose>Unspecified</pose>
    <truncated>0</truncated>
    <difficult>0</difficult>
    <bndbox>
      <xmin>126</xmin>
      <ymin>225</ymin>
      <xmax>142</xmax>
      <ymax>245</ymax>
      <x1>126</x1>
      <y1>225</y1>
      <x2>126</x2>
      <y2>245</y2>
      <x3>142</x3>
      <y3>245</y3>
      <x4>142</x4>
      <y4>225</y4>
    </bndbox>
  </object>
</annotation>
