<annotation>
  <folder>DATA</folder>
  <filename>000028.png</filename>
  <source>
    <database>Unknown</database>
  </source>
  <size>
    <width>500</width>
    <height>500</height>
    <depth>1</depth>
  </size>
  <segmented>0</segmented>
  <object>
    <name>ship</name>
    <pose>Unspecified</pose>
    <truncated>0</truncated>
    <difficult>0</difficult>
    <bndbox>
      <xmin>259</xmin>
      <ymin>201</ymin>
      <xmax>271</xmax>
      <ymax>219</ymax>
      <x1>259</x1>
      <y1>201</y1>
      <x2>259</x2>
      <y2>219</y2>
      <x3>271</x3>
      <y3>219</y3>
      <x4>271</x4>
      <y4>201</y4>
    </bndbox>
  </object>
</annotation>
