<annotation>
  <folder>DATA</folder>
  <filename>000017.png</filename>
  <source>
    <database>Unknown</database>
  </source>
  <size>
    <width>500</width>
    <height>500</height>
    <depth>1</depth>
  </size>
  <segmented>0</segmented>
  <object>
    <name>ship</name>
    <pose>Unspecified</pose>
    <truncated>0</truncated>
    <difficult>0</difficult>
    <bndbox>
      <xmin>195</xmin>
      <ymin>235</ymin>
      <xmax>203</xmax>
      <ymax>251</ymax>
      <x1>195</x1>
      <y1>235</y1>
      <x2>195</x2>
      <y2>251</y2>
      <x3>203</x3>
      <y3>251</y3>
      <x4>203</x4>
      <y4>235</y4>
    </bndbox>
  </object>
  <object>
    <name>ship</name>
    <pose>Unspecified</pose>
    <truncated>0</truncated>
    <difficult>0</difficult>
    <bndbox>
      <xmin>341</xmin>
      <ymin>247</ymin>
      <xmax>352</xmax>
      <ymax>264</ymax>
      <x1>341</x1>
      <y1>247</y1>
      <x2>341</x2>
      <y2>264</y2>
      <x3>352</x3>
      <y3>264</y3>
      <x4>352</x4>
      <y4>247</y4>
    </bndbox>
  </object>
</annotation>
