<annotation>
  <folder>DATA</folder>
  <filename>000027.png</filename>
  <source>
    <database>Unknown</database>
  </source>
  <size>
    <width>500</width>
    <height>500</height>
    <depth>1</depth>
  </size>
  <segmented>0</segmented>
  <object>
    <name>ship</name>
    <pose>Unspecified</pose>
    <truncated>0</truncated>
    <difficult>0</difficult>
    <bndbox>
      <xmin>223</xmin>
      <ymin>262</ymin>
      <xmax>240</xmax>
      <ymax>286</ymax>
      <x1>223</x1>
      <y1>262</y1>
      <x2>223</x2>
      <y2>286</y2>
      <x3>240</x3>
      <y3>286</y3>
      <x4>240</x4>
      <y4>262</y4>
    </bndbox>
  </object>
</annotation>
