<annotation>
  <folder>DATA</folder>
  <filename>000087.png</filename>
  <source>
    <database>Unknown</database>
  </source>
  <size>
    <width>500</width>
    <height>500</height>
    <depth>1</depth>
  </size>
  <segmented>0</segmented>
  <object>
    <name>ship</name>
    <pose>Unspecified</pose>
    <truncated>0</truncated>
    <difficult>0</difficult>
    <bndbox>
      <xmin>81</xmin>
      <ymin>145</ymin>
      <xmax>90</xmax>
      <ymax>168</ymax>
      <x1>81</x1>
      <y1>145</y1>
      <x2>81</x2>
      <y2>168</y2>
      <x3>90</x3>
      <y3>168</y3>
      <x4>90</x4>
      <y4>145</y4>
    </bndbox>
  </object>
  <object>
    <name>ship</name>
    <pose>Unspecified</pose>
    <truncated>0</truncated>
    <difficult>0</difficult>
    <bndbox>
      <xmin>136</xmin>
      <ymin>263</ymin>
      <xmax>150</xmax>
      <ymax>285</ymax>
      <x1>136</x1>
      <y1>263</y1>
      <x2>136</x2>
      <y2>285</y2>
      <x3>150</x3>
      <y3>285</y3>
      <x4>150</x4>
      <y4>263</y4>
    </bndbox>
  </object>
</annotation>
