<annotation>
  <folder>DATA</folder>
  <filename>000096.png</filename>
  <source>
    <database>Unknown</database>
  </source>
  <size>
    <width>500</width>
    <height>500</height>
    <depth>1</depth>
  </size>
  <segmented>0</segmented>
  <object>
    <name>ship</name>
    <pose>Unspecified</pose>
    <truncated>0</truncated>
    <difficult>0</difficult>
    <bndbox>
      <xmin>66</xmin>
      <ymin>237</ymin>
      <xmax>99</xmax>
      <ymax>248</ymax>
      <x1>66</x1>
      <y1>237</y1>
      <x2>66</x2>
      <y2>248</y2>
      <x3>99</x3>
      <y3>248</y3>
      <x4>99</x4>
      <y4>237</y4>
    </bndbox>
  </object>
  <object>
    <name>ship</name>
    <pose>Unspecified</pose>
    <truncated>0</truncated>
    <difficult>0</difficult>
    <bndbox>
      <xmin>172</xmin>
      <ymin>342</ymin>
      <xmax>202</xmax>
      <ymax>353</ymax>
      <x1>172</x1>
      <y1>342</y1>
      <x2>172</x2>
      <y2>353</y2>
      <x3>202</x3>
      <y3>353</y3>
      <x4>202</x4>
      <y4>342</y4>
    </bndbox>
  </object>
</annotation>
