<annotation>
  <folder>DATA</folder>
  <filename>000074.png</filename>
  <source>
    <database>Unknown</database>
  </source>
  <size>
    <width>500</width>
    <height>500</height>
    <depth>1</depth>
  </size>
  <segmented>0</segmented>
  <object>
    <name>ship</name>
    <pose>Unspecified</pose>
    <truncated>0</truncated>
    <difficult>0</difficult>
    <bndbox>
      <xmin>85</xmin>
      <ymin>295</ymin>
      <xmax>95</xmax>
      <ymax>308</ymax>
      <x1>85</x1>
      <y1>295</y1>
      <x2>85</x2>
      <y2>308</y2>
      <x3>95</x3>
      <y3>308</y3>
      <x4>95</x4>
      <y4>295</y4>
    </bndbox>
  </object>
  <object>
    <name>ship</name>
    <pose>Unspecified</pose>
    <truncated>0</truncated>
    <difficult>0</difficult>
    <bndbox>
      <xmin>354</xmin>
      <ymin>160</ymin>
      <xmax>365</xmax>
      <ymax>169</ymax>
      <x1>354</x1>
      <y1>160</y1>
      <x2>354</x2>
      <y2>169</y2>
      <x3>365</x3>
      <y3>169</y3>
      <x4>365</x4>
      <y4>160</y4>
    </bndbox>
  </object>
</annotation>
