<annotation>
  <folder>DATA</folder>
  <filename>000073.png</filename>
  <source>
    <database>Unknown</database>
  </source>
  <size>
    <width>500</width>
    <height>500</height>
    <depth>1</depth>
  </size>
  <segmented>0</segmented>
  <object>
    <name>ship</name>
    <pose>Unspecified</pose>
    <truncated>0</truncated>
    <difficult>0</difficult>
    <bndbox>
      <xmin>21</xmin>
      <ymin>168</ymin>
      <xmax>45</xmax>
      <ymax>176</ymax>
      <x1>21</x1>
      <y1>168</y1>
      <x2>21</x2>
      <y2>176</y2>
      <x3>45</x3>
      <y3>176</y3>
      <x4>45</x4>
      <y4>168</y4>
    </bndbox>
  </object>
  <object>
    <name>ship</name>
    <pose>Unspecified</pose>
    <truncated>0</truncated>
    <difficult>0</difficult>
    <bndbox>
      <xmin>133</xmin>
      <ymin>225</ymin>
      <xmax>146</xmax>
      <ymax>249</ymax>
      <x1>133</x1>
      <y1>225</y1>
      <x2>133</x2>
      <y2>249</y2>
      <x3>146</x3>
      <y3>249</y3>
      <x4>146</x4>
      <y4>225</y4>
    </bndbox>
  </object>
  <object>
    <name>ship</name>
    <pose>Unspecified</pose>
    <truncated>0</truncated>
    <difficult>0</difficult>
    <bndbox>
      <xmin>191</xmin>
      <ymin>106</ymin>
      <xmax>207</xmax>
      <ymax>126</ymax>
      <x1>191</x1>
      <y1>106</y1>
      <x2>191</x2>
      <y2>126</y2>
      <x3>207</x3>
      <y3>126</y3>
      <x4>207</x4>
      <y4>106</y4>
    </bndbox>
  </object>
  <object>
    <name>ship</name>
    <pose>Unspecified</pose>
    <truncated>0</truncated>
    <difficult>0</difficult>
    <bndbox>
      <xmin>449</xmin>
      <ymin>70</ymin>
      <xmax>465</xmax>
      <ymax>93</ymax>
      <x1>449</x1>
      <y1>70</y1>
      <x2>449</x2>
      <y2>93</y2>
      <x3>465</x3>
      <y3>93</y3>
      <x4>465</x4>
      <y4>70</y4>
    </bndbox>
  </object>
  <object>
    <name>ship</name>
    <pose>Unspecified</pose>
    <truncated>0</truncated>
    <difficult>0</difficult>
    <bndbox>
      <xmin>469</xmin>
      <ymin>195</ymin>
      <xmax>481</xmax>
      <ymax>219</ymax>
      <x1>469</x1>
      <y1>195</y1>
      <x2>469</x2>
      <y2>219</y2>
      <x3>481</x3>
      <y3>219</y3>
      <x4>481</x4>
      <y4>195</y4>
    </bndbox>
  </object>
  <object>
    <name>ship</name>
    <pose>Unspecified</pose>
    <truncated>0</truncated>
    <difficult>1</difficult>
    <bndbox>
      <xmin>274</xmin>
      <ymin>48</ymin>
      <xmax>298</xmax>
      <ymax>60</ymax>
      <x1>274</x1>
      <y1>48</y1>
      <x2>274</x2>
      <y2>60</y2>
      <x3>298</x3>
      <y3>60</y3>
      <x4>298</x4>
      <y4>48</y4>
    </bndbox>
  </object>
  <object>
    <name>ship</name>
    <pose>Unspecified</pose>
    <truncated>0</truncated>
    <difficult>1</difficult>
    <bndbox>
      <xmin>453</xmin>
      <ymin>457</ymin>
      <xmax>465</xmax>
      <ymax>471</ymax>
      <x1>453</x1>
      <y1>457</y1>
      <x2>453</x2>
      <y2>471</y2>
      <x3>465</x3>
      <y3>471</y3>
      <x4>465</x4>
      <y4>457</y4>
    </bndbox>
  </object>
</annotation>
