<annotation>
  <folder>DATA</folder>
  <filename>000076.png</filename>
  <source>
    <database>Unknown</database>
  </source>
  <size>
    <width>500</width>
    <height>500</height>
    <depth>1</depth>
  </size>
  <segmented>0</segmented>
  <object>
    <name>ship</name>
    <pose>Unspecified</pose>
    <truncated>0</truncated>
    <difficult>0</difficult>
    <bndbox>
      <xmin>235</xmin>
      <ymin>258</ymin>
      <xmax>243</xmax>
      <ymax>273</ymax>
      <x1>235</x1>
      <y1>258</y1>
      <x2>235</x2>
      <y2>273</y2>
      <x3>243</x3>
      <y3>273</y3>
      <x4>243</x4>
      <y4>258</y4>
    </bndbox>
  </object>
  <object>
    <name>ship</name>
    <pose>Unspecified</pose>
    <truncated>0</truncated>
    <difficult>0</difficult>
    <bndbox>
      <xmin>248</xmin>
      <ymin>222</ymin>
      <xmax>258</xmax>
      <ymax>234</ymax>
      <x1>248</x1>
      <y1>222</y1>
      <x2>248</x2>
      <y2>234</y2>
      <x3>258</x3>
      <y3>234</y3>
      <x4>258</x4>
      <y4>222</y4>
    </bndbox>
  </object>
  <object>
    <name>ship</name>
    <pose>Unspecified</pose>
    <truncated>0</truncated>
    <difficult>0</difficult>
    <bndbox>
      <xmin>287</xmin>
      <ymin>197</ymin>
      <xmax>296</xmax>
      <ymax>212</ymax>
      <x1>287</x1>
      <y1>197</y1>
      <x2>287</x2>
      <y2>212</y2>
      <x3>296</x3>
      <y3>212</y3>
      <x4>296</x4>
      <y4>197</y4>
    </bndbox>
  </object>
</annotation>
