<annotation>
  <folder>DATA</folder>
  <filename>000097.png</filename>
  <source>
    <database>Unknown</database>
  </source>
  <size>
    <width>500</width>
    <height>500</height>
    <depth>1</depth>
  </size>
  <segmented>0</segmented>
  <object>
    <name>ship</name>
    <pose>Unspecified</pose>
    <truncated>0</truncated>
    <difficult>0</difficult>
    <bndbox>
      <xmin>217</xmin>
      <ymin>341</ymin>
      <xmax>237</xmax>
      <ymax>362</ymax>
      <x1>217</x1>
      <y1>341</y1>
      <x2>217</x2>
      <y2>362</y2>
      <x3>237</x3>
      <y3>362</y3>
      <x4>237</x4>
      <y4>341</y4>
    </bndbox>
  </object>
  <object>
    <name>ship</name>
    <pose>Unspecified</pose>
    <truncated>0</truncated>
    <difficult>0</difficult>
    <bndbox>
      <xmin>288</xmin>
      <ymin>403</ymin>
      <xmax>303</xmax>
      <ymax>419</ymax>
      <x1>288</x1>
      <y1>403</y1>
      <x2>288</x2>
      <y2>419</y2>
      <x3>303</x3>
      <y3>419</y3>
      <x4>303</x4>
      <y4>403</y4>
    </bndbox>
  </object>
  <object>
    <name>ship</name>
    <pose>Unspecified</pose>
    <truncated>0</truncated>
    <difficult>0</difficult>
    <bndbox>
      <xmin>316</xmin>
      <ymin>438</ymin>
      <xmax>330</xmax>
      <ymax>464</ymax>
      <x1>316</x1>
      <y1>438</y1>
      <x2>316</x2>
      <y2>464</y2>
      <x3>330</x3>
      <y3>464</y3>
      <x4>330</x4>
      <y4>438</y4>
    </bndbox>
  </object>
  <object>
    <name>ship</name>
    <pose>Unspecified</pose>
    <truncated>0</truncated>
    <difficult>0</difficult>
    <bndbox>
      <xmin>333</xmin>
      <ymin>468</ymin>
      <xmax>352</xmax>
      <ymax>492</ymax>
      <x1>333</x1>
      <y1>468</y1>
      <x2>333</x2>
      <y2>492</y2>
      <x3>352</x3>
      <y3>492</y3>
      <x4>352</x4>
      <y4>468</y4>
    </bndbox>
  </object>
</annotation>
