<annotation>
  <folder>DATA</folder>
  <filename>000070.png</filename>
  <source>
    <database>Unknown</database>
  </source>
  <size>
    <width>500</width>
    <height>500</height>
    <depth>1</depth>
  </size>
  <segmented>0</segmented>
  <object>
    <name>ship</name>
    <pose>Unspecified</pose>
    <truncated>0</truncated>
    <difficult>0</difficult>
    <bndbox>
      <xmin>289</xmin>
      <ymin>242</ymin>
      <xmax>307</xmax>
      <ymax>263</ymax>
      <x1>289</x1>
      <y1>242</y1>
      <x2>289</x2>
      <y2>263</y2>
      <x3>307</x3>
      <y3>263</y3>
      <x4>307</x4>
      <y4>242</y4>
    </bndbox>
  </object>
  <object>
    <name>ship</name>
    <pose>Unspecified</pose>
    <truncated>0</truncated>
    <difficult>0</difficult>
    <bndbox>
      <xmin>415</xmin>
      <ymin>116</ymin>
      <xmax>427</xmax>
      <ymax>128</ymax>
      <x1>415</x1>
      <y1>116</y1>
      <x2>415</x2>
      <y2>128</y2>
      <x3>427</x3>
      <y3>128</y3>
      <x4>427</x4>
      <y4>116</y4>
    </bndbox>
  </object>
</annotation>
