<annotation>
  <folder>DATA</folder>
  <filename>000021.png</filename>
  <source>
    <database>Unknown</database>
  </source>
  <size>
    <width>500</width>
    <height>500</height>
    <depth>1</depth>
  </size>
  <segmented>0</segmented>
  <object>
    <name>ship</name>
    <pose>Unspecified</pose>
    <truncated>0</truncated>
    <difficult>0</difficult>
    <bndbox>
      <xmin>245</xmin>
      <ymin>259</ymin>
      <xmax>257</xmax>
      <ymax>274</ymax>
      <x1>245</x1>
      <y1>259</y1>
      <x2>245</x2>
      <y2>274</y2>
      <x3>257</x3>
      <y3>274</y3>
      <x4>257</x4>
      <y4>259</y4>
    </bndbox>
  </object>
</annotation>
