<annotation>
  <folder>DATA</folder>
  <filename>000060.png</filename>
  <source>
    <database>Unknown</database>
  </source>
  <size>
    <width>500</width>
    <height>500</height>
    <depth>1</depth>
  </size>
  <segmented>0</segmented>
  <object>
    <name>ship</name>
    <pose>Unspecified</pose>
    <truncated>0</truncated>
    <difficult>0</difficult>
    <bndbox>
      <xmin>187</xmin>
      <ymin>212</ymin>
      <xmax>195</xmax>
      <ymax>232</ymax>
      <x1>187</x1>
      <y1>212</y1>
      <x2>187</x2>
      <y2>232</y2>
      <x3>195</x3>
      <y3>232</y3>
      <x4>195</x4>
      <y4>212</y4>
    </bndbox>
  </object>
</annotation>
