<annotation>
  <folder>DATA</folder>
  <filename>000009.png</filename>
  <source>
    <database>Unknown</database>
  </source>
  <size>
    <width>500</width>
    <height>500</height>
    <depth>1</depth>
  </size>
  <segmented>0</segmented>
  <object>
    <name>ship</name>
    <pose>Unspecified</pose>
    <truncated>0</truncated>
    <difficult>0</difficult>
    <bndbox>
      <xmin>122</xmin>
      <ymin>238</ymin>
      <xmax>138</xmax>
      <ymax>259</ymax>
      <x1>122</x1>
      <y1>238</y1>
      <x2>122</x2>
      <y2>259</y2>
      <x3>138</x3>
      <y3>259</y3>
      <x4>138</x4>
      <y4>238</y4>
    </bndbox>
  </object>
  <object>
    <name>ship</name>
    <pose>Unspecified</pose>
    <truncated>0</truncated>
    <difficult>0</difficult>
    <bndbox>
      <xmin>409</xmin>
      <ymin>234</ymin>
      <xmax>427</xmax>
      <ymax>253</ymax>
      <x1>409</x1>
      <y1>234</y1>
      <x2>409</x2>
      <y2>253</y2>
      <x3>427</x3>
      <y3>253</y3>
      <x4>427</x4>
      <y4>234</y4>
    </bndbox>
  </object>
</annotation>
