<annotation>
  <folder>DATA</folder>
  <filename>000062.png</filename>
  <source>
    <database>Unknown</database>
  </source>
  <size>
    <width>500</width>
    <height>500</height>
    <depth>1</depth>
  </size>
  <segmented>0</segmented>
  <object>
    <name>ship</name>
    <pose>Unspecified</pose>
    <truncated>0</truncated>
    <difficult>0</difficult>
    <bndbox>
      <xmin>285</xmin>
      <ymin>118</ymin>
      <xmax>301</xmax>
      <ymax>131</ymax>
      <x1>285</x1>
      <y1>118</y1>
      <x2>285</x2>
      <y2>131</y2>
      <x3>301</x3>
      <y3>131</y3>
      <x4>301</x4>
      <y4>118</y4>
    </bndbox>
  </object>
  <object>
    <name>ship</name>
    <pose>Unspecified</pose>
    <truncated>0</truncated>
    <difficult>0</difficult>
    <bndbox>
      <xmin>246</xmin>
      <ymin>271</ymin>
      <xmax>255</xmax>
      <ymax>281</ymax>
      <x1>246</x1>
      <y1>271</y1>
      <x2>246</x2>
      <y2>281</y2>
      <x3>255</x3>
      <y3>281</y3>
      <x4>255</x4>
      <y4>271</y4>
    </bndbox>
  </object>
</annotation>
