<annotation>
  <folder>DATA</folder>
  <filename>000068.png</filename>
  <source>
    <database>Unknown</database>
  </source>
  <size>
    <width>500</width>
    <height>500</height>
    <depth>1</depth>
  </size>
  <segmented>0</segmented>
  <object>
    <name>ship</name>
    <pose>Unspecified</pose>
    <truncated>0</truncated>
    <difficult>0</difficult>
    <bndbox>
      <xmin>121</xmin>
      <ymin>167</ymin>
      <xmax>140</xmax>
      <ymax>181</ymax>
      <x1>121</x1>
      <y1>167</y1>
      <x2>121</x2>
      <y2>181</y2>
      <x3>140</x3>
      <y3>181</y3>
      <x4>140</x4>
      <y4>167</y4>
    </bndbox>
  </object>
  <object>
    <name>ship</name>
    <pose>Unspecified</pose>
    <truncated>0</truncated>
    <difficult>0</difficult>
    <bndbox>
      <xmin>336</xmin>
      <ymin>275</ymin>
      <xmax>362</xmax>
      <ymax>292</ymax>
      <x1>336</x1>
      <y1>275</y1>
      <x2>336</x2>
      <y2>292</y2>
      <x3>362</x3>
      <y3>292</y3>
      <x4>362</x4>
      <y4>275</y4>
    </bndbox>
  </object>
</annotation>
