<annotation>
  <folder>DATA</folder>
  <filename>000071.png</filename>
  <source>
    <database>Unknown</database>
  </source>
  <size>
    <width>500</width>
    <height>500</height>
    <depth>1</depth>
  </size>
  <segmented>0</segmented>
  <object>
    <name>ship</name>
    <pose>Unspecified</pose>
    <truncated>0</truncated>
    <difficult>0</difficult>
    <bndbox>
      <xmin>118</xmin>
      <ymin>171</ymin>
      <xmax>132</xmax>
      <ymax>186</ymax>
      <x1>118</x1>
      <y1>171</y1>
      <x2>118</x2>
      <y2>186</y2>
      <x3>132</x3>
      <y3>186</y3>
      <x4>132</x4>
      <y4>171</y4>
    </bndbox>
  </object>
  <object>
    <name>ship</name>
    <pose>Unspecified</pose>
    <truncated>0</truncated>
    <difficult>0</difficult>
    <bndbox>
      <xmin>351</xmin>
      <ymin>370</ymin>
      <xmax>359</xmax>
      <ymax>382</ymax>
      <x1>351</x1>
      <y1>370</y1>
      <x2>351</x2>
      <y2>382</y2>
      <x3>359</x3>
      <y3>382</y3>
      <x4>359</x4>
      <y4>370</y4>
    </bndbox>
  </object>
</annotation>
