<annotation>
  <folder>DATA</folder>
  <filename>000051.png</filename>
  <source>
    <database>Unknown</database>
  </source>
  <size>
    <width>500</width>
    <height>500</height>
    <depth>1</depth>
  </size>
  <segmented>0</segmented>
  <object>
    <name>ship</name>
    <pose>Unspecified</pose>
    <truncated>0</truncated>
    <difficult>0</difficult>
    <bndbox>
      <xmin>167</xmin>
      <ymin>189</ymin>
      <xmax>180</xmax>
      <ymax>200</ymax>
      <x1>167</x1>
      <y1>189</y1>
      <x2>167</x2>
      <y2>200</y2>
      <x3>180</x3>
      <y3>200</y3>
      <x4>180</x4>
      <y4>189</y4>
    </bndbox>
  </object>
  <object>
    <name>ship</name>
    <pose>Unspecified</pose>
    <truncated>0</truncated>
    <difficult>0</difficult>
    <bndbox>
      <xmin>375</xmin>
      <ymin>302</ymin>
      <xmax>385</xmax>
      <ymax>314</ymax>
      <x1>375</x1>
      <y1>302</y1>
      <x2>375</x2>
      <y2>314</y2>
      <x3>385</x3>
      <y3>314</y3>
      <x4>385</x4>
      <y4>302</y4>
    </bndbox>
  </object>
</annotation>
