<annotation>
  <folder>DATA</folder>
  <filename>000014.png</filename>
  <source>
    <database>Unknown</database>
  </source>
  <size>
    <width>500</width>
    <height>500</height>
    <depth>1</depth>
  </size>
  <segmented>0</segmented>
  <object>
    <name>ship</name>
    <pose>Unspecified</pose>
    <truncated>0</truncated>
    <difficult>0</difficult>
    <bndbox>
      <xmin>312</xmin>
      <ymin>368</ymin>
      <xmax>318</xmax>
      <ymax>377</ymax>
      <x1>312</x1>
      <y1>368</y1>
      <x2>312</x2>
      <y2>377</y2>
      <x3>318</x3>
      <y3>377</y3>
      <x4>318</x4>
      <y4>368</y4>
    </bndbox>
  </object>
  <object>
    <name>ship</name>
    <pose>Unspecified</pose>
    <truncated>0</truncated>
    <difficult>0</difficult>
    <bndbox>
      <xmin>381</xmin>
      <ymin>365</ymin>
      <xmax>387</xmax>
      <ymax>376</ymax>
      <x1>381</x1>
      <y1>365</y1>
      <x2>381</x2>
      <y2>376</y2>
      <x3>387</x3>
      <y3>376</y3>
      <x4>387</x4>
      <y4>365</y4>
    </bndbox>
  </object>
  <object>
    <name>ship</name>
    <pose>Unspecified</pose>
    <truncated>0</truncated>
    <difficult>0</difficult>
    <bndbox>
      <xmin>450</xmin>
      <ymin>366</ymin>
      <xmax>455</xmax>
      <ymax>379</ymax>
      <x1>450</x1>
      <y1>366</y1>
      <x2>450</x2>
      <y2>379</y2>
      <x3>455</x3>
      <y3>379</y3>
      <x4>455</x4>
      <y4>366</y4>
    </bndbox>
  </object>
  <object>
    <name>ship</name>
    <pose>Unspecified</pose>
    <truncated>0</truncated>
    <difficult>0</difficult>
    <bndbox>
      <xmin>453</xmin>
      <ymin>209</ymin>
      <xmax>459</xmax>
      <ymax>218</ymax>
      <x1>453</x1>
      <y1>209</y1>
      <x2>453</x2>
      <y2>218</y2>
      <x3>459</x3>
      <y3>218</y3>
      <x4>459</x4>
      <y4>209</y4>
    </bndbox>
  </object>
</annotation>
