<annotation>
  <folder>DATA</folder>
  <filename>000007.png</filename>
  <source>
    <database>Unknown</database>
  </source>
  <size>
    <width>500</width>
    <height>500</height>
    <depth>1</depth>
  </size>
  <segmented>0</segmented>
  <object>
    <name>ship</name>
    <pose>Unspecified</pose>
    <truncated>0</truncated>
    <difficult>0</difficult>
    <bndbox>
      <xmin>253</xmin>
      <ymin>211</ymin>
      <xmax>263</xmax>
      <ymax>228</ymax>
      <x1>253</x1>
      <y1>211</y1>
      <x2>253</x2>
      <y2>228</y2>
      <x3>263</x3>
      <y3>228</y3>
      <x4>263</x4>
      <y4>211</y4>
    </bndbox>
  </object>
</annotation>
