<annotation>
  <folder>DATA</folder>
  <filename>000093.png</filename>
  <source>
    <database>Unknown</database>
  </source>
  <size>
    <width>500</width>
    <height>500</height>
    <depth>1</depth>
  </size>
  <segmented>0</segmented>
  <object>
    <name>ship</name>
    <pose>Unspecified</pose>
    <truncated>0</truncated>
    <difficult>0</difficult>
    <bndbox>
      <xmin>189</xmin>
      <ymin>75</ymin>
      <xmax>207</xmax>
      <ymax>86</ymax>
      <x1>189</x1>
      <y1>75</y1>
      <x2>189</x2>
      <y2>86</y2>
      <x3>207</x3>
      <y3>86</y3>
      <x4>207</x4>
      <y4>75</y4>
    </bndbox>
  </object>
  <object>
    <name>ship</name>
    <pose>Unspecified</pose>
    <truncated>0</truncated>
    <difficult>0</difficult>
    <bndbox>
      <xmin>303</xmin>
      <ymin>301</ymin>
      <xmax>323</xmax>
      <ymax>317</ymax>
      <x1>303</x1>
      <y1>301</y1>
      <x2>303</x2>
      <y2>317</y2>
      <x3>323</x3>
      <y3>317</y3>
      <x4>323</x4>
      <y4>301</y4>
    </bndbox>
  </object>
  <object>
    <name>ship</name>
    <pose>Unspecified</pose>
    <truncated>0</truncated>
    <difficult>0</difficult>
    <bndbox>
      <xmin>385</xmin>
      <ymin>83</ymin>
      <xmax>403</xmax>
      <ymax>114</ymax>
      <x1>385</x1>
      <y1>83</y1>
      <x2>385</x2>
      <y2>114</y2>
      <x3>403</x3>
      <y3>114</y3>
      <x4>403</x4>
      <y4>83</y4>
    </bndbox>
  </object>
</annotation>
