<annotation>
  <folder>DATA</folder>
  <filename>000040.png</filename>
  <source>
    <database>Unknown</database>
  </source>
  <size>
    <width>500</width>
    <height>500</height>
    <depth>1</depth>
  </size>
  <segmented>0</segmented>
  <object>
    <name>ship</name>
    <pose>Unspecified</pose>
    <truncated>0</truncated>
    <difficult>0</difficult>
    <bndbox>
      <xmin>296</xmin>
      <ymin>242</ymin>
      <xmax>307</xmax>
      <ymax>258</ymax>
      <x1>296</x1>
      <y1>242</y1>
      <x2>296</x2>
      <y2>258</y2>
      <x3>307</x3>
      <y3>258</y3>
      <x4>307</x4>
      <y4>242</y4>
    </bndbox>
  </object>
</annotation>
