<annotation>
  <folder>DATA</folder>
  <filename>000061.png</filename>
  <source>
    <database>Unknown</database>
  </source>
  <size>
    <width>500</width>
    <height>500</height>
    <depth>1</depth>
  </size>
  <segmented>0</segmented>
  <object>
    <name>ship</name>
    <pose>Unspecified</pose>
    <truncated>0</truncated>
    <difficult>0</difficult>
    <bndbox>
      <xmin>126</xmin>
      <ymin>92</ymin>
      <xmax>142</xmax>
      <ymax>105</ymax>
      <x1>126</x1>
      <y1>92</y1>
      <x2>126</x2>
      <y2>105</y2>
      <x3>142</x3>
      <y3>105</y3>
      <x4>142</x4>
      <y4>92</y4>
    </bndbox>
  </object>
  <object>
    <name>ship</name>
    <pose>Unspecified</pose>
    <truncated>0</truncated>
    <difficult>0</difficult>
    <bndbox>
      <xmin>207</xmin>
      <ymin>156</ymin>
      <xmax>222</xmax>
      <ymax>170</ymax>
      <x1>207</x1>
      <y1>156</y1>
      <x2>207</x2>
      <y2>170</y2>
      <x3>222</x3>
      <y3>170</y3>
      <x4>222</x4>
      <y4>156</y4>
    </bndbox>
  </object>
  <object>
    <name>ship</name>
    <pose>Unspecified</pose>
    <truncated>0</truncated>
    <difficult>1</difficult>
    <bndbox>
      <xmin>366</xmin>
      <ymin>394</ymin>
      <xmax>378</xmax>
      <ymax>407</ymax>
      <x1>366</x1>
      <y1>394</y1>
      <x2>366</x2>
      <y2>407</y2>
      <x3>378</x3>
      <y3>407</y3>
      <x4>378</x4>
      <y4>394</y4>
    </bndbox>
  </object>
</annotation>
