<annotation>
  <folder>DATA</folder>
  <filename>000072.png</filename>
  <source>
    <database>Unknown</database>
  </source>
  <size>
    <width>500</width>
    <height>500</height>
    <depth>1</depth>
  </size>
  <segmented>0</segmented>
  <object>
    <name>ship</name>
    <pose>Unspecified</pose>
    <truncated>0</truncated>
    <difficult>0</difficult>
    <bndbox>
      <xmin>30</xmin>
      <ymin>292</ymin>
      <xmax>55</xmax>
      <ymax>305</ymax>
      <x1>30</x1>
      <y1>292</y1>
      <x2>30</x2>
      <y2>305</y2>
      <x3>55</x3>
      <y3>305</y3>
      <x4>55</x4>
      <y4>292</y4>
    </bndbox>
  </object>
  <object>
    <name>ship</name>
    <pose>Unspecified</pose>
    <truncated>0</truncated>
    <difficult>0</difficult>
    <bndbox>
      <xmin>439</xmin>
      <ymin>157</ymin>
      <xmax>451</xmax>
      <ymax>171</ymax>
      <x1>439</x1>
      <y1>157</y1>
      <x2>439</x2>
      <y2>171</y2>
      <x3>451</x3>
      <y3>171</y3>
      <x4>451</x4>
      <y4>157</y4>
    </bndbox>
  </object>
</annotation>
