<annotation>
  <folder>DATA</folder>
  <filename>000065.png</filename>
  <source>
    <database>Unknown</database>
  </source>
  <size>
    <width>500</width>
    <height>500</height>
    <depth>1</depth>
  </size>
  <segmented>0</segmented>
  <object>
    <name>ship</name>
    <pose>Unspecified</pose>
    <truncated>0</truncated>
    <difficult>0</difficult>
    <bndbox>
      <xmin>219</xmin>
      <ymin>257</ymin>
      <xmax>234</xmax>
      <ymax>268</ymax>
      <x1>219</x1>
      <y1>257</y1>
      <x2>219</x2>
      <y2>268</y2>
      <x3>234</x3>
      <y3>268</y3>
      <x4>234</x4>
      <y4>257</y4>
    </bndbox>
  </object>
</annotation>
