<annotation>
  <folder>DATA</folder>
  <filename>000088.png</filename>
  <source>
    <database>Unknown</database>
  </source>
  <size>
    <width>500</width>
    <height>500</height>
    <depth>1</depth>
  </size>
  <segmented>0</segmented>
  <object>
    <name>ship</name>
    <pose>Unspecified</pose>
    <truncated>0</truncated>
    <difficult>0</difficult>
    <bndbox>
      <xmin>119</xmin>
      <ymin>136</ymin>
      <xmax>128</xmax>
      <ymax>152</ymax>
      <x1>119</x1>
      <y1>136</y1>
      <x2>119</x2>
      <y2>152</y2>
      <x3>128</x3>
      <y3>152</y3>
      <x4>128</x4>
      <y4>136</y4>
    </bndbox>
  </object>
  <object>
    <name>ship</name>
    <pose>Unspecified</pose>
    <truncated>0</truncated>
    <difficult>0</difficult>
    <bndbox>
      <xmin>176</xmin>
      <ymin>132</ymin>
      <xmax>184</xmax>
      <ymax>149</ymax>
      <x1>176</x1>
      <y1>132</y1>
      <x2>176</x2>
      <y2>149</y2>
      <x3>184</x3>
      <y3>149</y3>
      <x4>184</x4>
      <y4>132</y4>
    </bndbox>
  </object>
  <object>
    <name>ship</name>
    <pose>Unspecified</pose>
    <truncated>0</truncated>
    <difficult>0</difficult>
    <bndbox>
      <xmin>319</xmin>
      <ymin>85</ymin>
      <xmax>328</xmax>
      <ymax>103</ymax>
      <x1>319</x1>
      <y1>85</y1>
      <x2>319</x2>
      <y2>103</y2>
      <x3>328</x3>
      <y3>103</y3>
      <x4>328</x4>
      <y4>85</y4>
    </bndbox>
  </object>
  <object>
    <name>ship</name>
    <pose>Unspecified</pose>
    <truncated>0</truncated>
    <difficult>0</difficult>
    <bndbox>
      <xmin>332</xmin>
      <ymin>161</ymin>
      <xmax>341</xmax>
      <ymax>184</ymax>
      <x1>332</x1>
      <y1>161</y1>
      <x2>332</x2>
      <y2>184</y2>
      <x3>341</x3>
      <y3>184</y3>
      <x4>341</x4>
      <y4>161</y4>
    </bndbox>
  </object>
  <object>
    <name>ship</name>
    <pose>Unspecified</pose>
    <truncated>0</truncated>
    <difficult>0</difficult>
    <bndbox>
      <xmin>424</xmin>
      <ymin>207</ymin>
      <xmax>434</xmax>
      <ymax>226</ymax>
      <x1>424</x1>
      <y1>207</y1>
      <x2>424</x2>
      <y2>226</y2>
      <x3>434</x3>
      <y3>226</y3>
      <x4>434</x4>
      <y4>207</y4>
    </bndbox>
  </object>
  <object>
    <name>ship</name>
    <pose>Unspecified</pose>
    <truncated>0</truncated>
    <difficult>0</difficult>
    <bndbox>
      <xmin>281</xmin>
      <ymin>245</ymin>
      <xmax>291</xmax>
      <ymax>263</ymax>
      <x1>281</x1>
      <y1>245</y1>
      <x2>281</x2>
      <y2>263</y2>
      <x3>291</x3>
      <y3>263</y3>
      <x4>291</x4>
      <y4>245</y4>
    </bndbox>
  </object>
  <object>
    <name>ship</name>
    <pose>Unspecified</pose>
    <truncated>0</truncated>
    <difficult>0</difficult>
    <bndbox>
      <xmin>202</xmin>
      <ymin>234</ymin>
      <xmax>208</xmax>
      <ymax>253</ymax>
      <x1>202</x1>
      <y1>234</y1>
      <x2>202</x2>
      <y2>253</y2>
      <x3>208</x3>
      <y3>253</y3>
      <x4>208</x4>
      <y4>234</y4>
    </bndbox>
  </object>
  <object>
    <name>ship</name>
    <pose>Unspecified</pose>
    <truncated>0</truncated>
    <difficult>0</difficult>
    <bndbox>
      <xmin>134</xmin>
      <ymin>220</ymin>
      <xmax>144</xmax>
      <ymax>244</ymax>
      <x1>134</x1>
      <y1>220</y1>
      <x2>134</x2>
      <y2>244</y2>
      <x3>144</x3>
      <y3>244</y3>
      <x4>144</x4>
      <y4>220</y4>
    </bndbox>
  </object>
  <object>
    <name>ship</name>
    <pose>Unspecified</pose>
    <truncated>0</truncated>
    <difficult>0</difficult>
    <bndbox>
      <xmin>50</xmin>
      <ymin>227</ymin>
      <xmax>60</xmax>
      <ymax>248</ymax>
      <x1>50</x1>
      <y1>227</y1>
      <x2>50</x2>
      <y2>248</y2>
      <x3>60</x3>
      <y3>248</y3>
      <x4>60</x4>
      <y4>227</y4>
    </bndbox>
  </object>
  <object>
    <name>ship</name>
    <pose>Unspecified</pose>
    <truncated>0</truncated>
    <difficult>1</difficult>
    <bndbox>
      <xmin>352</xmin>
      <ymin>230</ymin>
      <xmax>359</xmax>
      <ymax>245</ymax>
      <x1>352</x1>
      <y1>230</y1>
      <x2>352</x2>
      <y2>245</y2>
      <x3>359</x3>
      <y3>245</y3>
      <x4>359</x4>
      <y4>230</y4>
    </bndbox>
  </object>
</annotation>
