<annotation>
  <folder>DATA</folder>
  <filename>000032.png</filename>
  <source>
    <database>Unknown</database>
  </source>
  <size>
    <width>500</width>
    <height>500</height>
    <depth>1</depth>
  </size>
  <segmented>0</segmented>
  <object>
    <name>ship</name>
    <pose>Unspecified</pose>
    <truncated>0</truncated>
    <difficult>0</difficult>
    <bndbox>
      <xmin>227</xmin>
      <ymin>275</ymin>
      <xmax>253</xmax>
      <ymax>285</ymax>
      <x1>227</x1>
      <y1>275</y1>
      <x2>227</x2>
      <y2>285</y2>
      <x3>253</x3>
      <y3>285</y3>
      <x4>253</x4>
      <y4>275</y4>
    </bndbox>
  </object>
</annotation>
