<annotation>
  <folder>DATA</folder>
  <filename>000001.png</filename>
  <source>
    <database>Unknown</database>
  </source>
  <size>
    <width>500</width>
    <height>500</height>
    <depth>1</depth>
  </size>
  <segmented>0</segmented>
  <object>
    <name>ship</name>
    <pose>Unspecified</pose>
    <truncated>0</truncated>
    <difficult>0</difficult>
    <bndbox>
      <xmin>268</xmin>
      <ymin>100</ymin>
      <xmax>298</xmax>
      <ymax>110</ymax>
      <x1>268</x1>
      <y1>100</y1>
      <x2>268</x2>
      <y2>110</y2>
      <x3>298</x3>
      <y3>110</y3>
      <x4>298</x4>
      <y4>100</y4>
    </bndbox>
  </object>
  <object>
    <name>ship</name>
    <pose>Unspecified</pose>
    <truncated>0</truncated>
    <difficult>0</difficult>
    <bndbox>
      <xmin>400</xmin>
      <ymin>263</ymin>
      <xmax>414</xmax>
      <ymax>278</ymax>
      <x1>400</x1>
      <y1>263</y1>
      <x2>400</x2>
      <y2>278</y2>
      <x3>414</x3>
      <y3>278</y3>
      <x4>414</x4>
      <y4>263</y4>
    </bndbox>
  </object>
</annotation>
