<annotation>
  <folder>DATA</folder>
  <filename>000090.png</filename>
  <source>
    <database>Unknown</database>
  </source>
  <size>
    <width>500</width>
    <height>500</height>
    <depth>1</depth>
  </size>
  <segmented>0</segmented>
  <object>
    <name>ship</name>
    <pose>Unspecified</pose>
    <truncated>0</truncated>
    <difficult>0</difficult>
    <bndbox>
      <xmin>78</xmin>
      <ymin>76</ymin>
      <xmax>87</xmax>
      <ymax>96</ymax>
      <x1>78</x1>
      <y1>76</y1>
      <x2>78</x2>
      <y2>96</y2>
      <x3>87</x3>
      <y3>96</y3>
      <x4>87</x4>
      <y4>76</y4>
    </bndbox>
  </object>
</annotation>
