<annotation>
  <folder>DATA</folder>
  <filename>000055.png</filename>
  <source>
    <database>Unknown</database>
  </source>
  <size>
    <width>500</width>
    <height>500</height>
    <depth>1</depth>
  </size>
  <segmented>0</segmented>
  <object>
    <name>ship</name>
    <pose>Unspecified</pose>
    <truncated>0</truncated>
    <difficult>0</difficult>
    <bndbox>
      <xmin>206</xmin>
      <ymin>228</ymin>
      <xmax>218</xmax>
      <ymax>240</ymax>
      <x1>206</x1>
      <y1>228</y1>
      <x2>206</x2>
      <y2>240</y2>
      <x3>218</x3>
      <y3>240</y3>
      <x4>218</x4>
      <y4>228</y4>
    </bndbox>
  </object>
</annotation>
