<annotation>
  <folder>DATA</folder>
  <filename>000063.png</filename>
  <source>
    <database>Unknown</database>
  </source>
  <size>
    <width>500</width>
    <height>500</height>
    <depth>1</depth>
  </size>
  <segmented>0</segmented>
  <object>
    <name>ship</name>
    <pose>Unspecified</pose>
    <truncated>0</truncated>
    <difficult>0</difficult>
    <bndbox>
      <xmin>244</xmin>
      <ymin>187</ymin>
      <xmax>257</xmax>
      <ymax>197</ymax>
      <x1>244</x1>
      <y1>187</y1>
      <x2>244</x2>
      <y2>197</y2>
      <x3>257</x3>
      <y3>197</y3>
      <x4>257</x4>
      <y4>187</y4>
    </bndbox>
  </object>
</annotation>
