<annotation>
  <folder>DATA</folder>
  <filename>000039.png</filename>
  <source>
    <database>Unknown</database>
  </source>
  <size>
    <width>500</width>
    <height>500</height>
    <depth>1</depth>
  </size>
  <segmented>0</segmented>
  <object>
    <name>ship</name>
    <pose>Unspecified</pose>
    <truncated>0</truncated>
    <difficult>0</difficult>
    <bndbox>
      <xmin>344</xmin>
      <ymin>164</ymin>
      <xmax>349</xmax>
      <ymax>173</ymax>
      <x1>344</x1>
      <y1>164</y1>
      <x2>344</x2>
      <y2>173</y2>
      <x3>349</x3>
      <y3>173</y3>
      <x4>349</x4>
      <y4>164</y4>
    </bndbox>
  </object>
</annotation>
