<annotation>
  <folder>DATA</folder>
  <filename>000006.png</filename>
  <source>
    <database>Unknown</database>
  </source>
  <size>
    <width>500</width>
    <height>500</height>
    <depth>1</depth>
  </size>
  <segmented>0</segmented>
  <object>
    <name>ship</name>
    <pose>Unspecified</pose>
    <truncated>0</truncated>
    <difficult>0</difficult>
    <bndbox>
      <xmin>250</xmin>
      <ymin>122</ymin>
      <xmax>259</xmax>
      <ymax>137</ymax>
      <x1>250</x1>
      <y1>122</y1>
      <x2>250</x2>
      <y2>137</y2>
      <x3>259</x3>
      <y3>137</y3>
      <x4>259</x4>
      <y4>122</y4>
    </bndbox>
  </object>
</annotation>
