<annotation>
  <folder>DATA</folder>
  <filename>000086.png</filename>
  <source>
    <database>Unknown</database>
  </source>
  <size>
    <width>500</width>
    <height>500</height>
    <depth>1</depth>
  </size>
  <segmented>0</segmented>
  <object>
    <name>ship</name>
    <pose>Unspecified</pose>
    <truncated>0</truncated>
    <difficult>0</difficult>
    <bndbox>
      <xmin>241</xmin>
      <ymin>112</ymin>
      <xmax>262</xmax>
      <ymax>132</ymax>
      <x1>241</x1>
      <y1>112</y1>
      <x2>241</x2>
      <y2>132</y2>
      <x3>262</x3>
      <y3>132</y3>
      <x4>262</x4>
      <y4>112</y4>
    </bndbox>
  </object>
  <object>
    <name>ship</name>
    <pose>Unspecified</pose>
    <truncated>0</truncated>
    <difficult>0</difficult>
    <bndbox>
      <xmin>347</xmin>
      <ymin>114</ymin>
      <xmax>366</xmax>
      <ymax>134</ymax>
      <x1>347</x1>
      <y1>114</y1>
      <x2>347</x2>
      <y2>134</y2>
      <x3>366</x3>
      <y3>134</y3>
      <x4>366</x4>
      <y4>114</y4>
    </bndbox>
  </object>
  <object>
    <name>ship</name>
    <pose>Unspecified</pose>
    <truncated>0</truncated>
    <difficult>0</difficult>
    <bndbox>
      <xmin>438</xmin>
      <ymin>195</ymin>
      <xmax>463</xmax>
      <ymax>211</ymax>
      <x1>438</x1>
      <y1>195</y1>
      <x2>438</x2>
      <y2>211</y2>
      <x3>463</x3>
      <y3>211</y3>
      <x4>463</x4>
      <y4>195</y4>
    </bndbox>
  </object>
</annotation>
