<annotation>
  <folder>DATA</folder>
  <filename>000043.png</filename>
  <source>
    <database>Unknown</database>
  </source>
  <size>
    <width>500</width>
    <height>500</height>
    <depth>1</depth>
  </size>
  <segmented>0</segmented>
  <object>
    <name>ship</name>
    <pose>Unspecified</pose>
    <truncated>0</truncated>
    <difficult>0</difficult>
    <bndbox>
      <xmin>228</xmin>
      <ymin>306</ymin>
      <xmax>247</xmax>
      <ymax>318</ymax>
      <x1>228</x1>
      <y1>306</y1>
      <x2>228</x2>
      <y2>318</y2>
      <x3>247</x3>
      <y3>318</y3>
      <x4>247</x4>
      <y4>306</y4>
    </bndbox>
  </object>
</annotation>
