<annotation>
  <folder>DATA</folder>
  <filename>000008.png</filename>
  <source>
    <database>Unknown</database>
  </source>
  <size>
    <width>500</width>
    <height>500</height>
    <depth>1</depth>
  </size>
  <segmented>0</segmented>
  <object>
    <name>ship</name>
    <pose>Unspecified</pose>
    <truncated>0</truncated>
    <difficult>0</difficult>
    <bndbox>
      <xmin>159</xmin>
      <ymin>268</ymin>
      <xmax>173</xmax>
      <ymax>285</ymax>
      <x1>159</x1>
      <y1>268</y1>
      <x2>159</x2>
      <y2>285</y2>
      <x3>173</x3>
      <y3>285</y3>
      <x4>173</x4>
      <y4>268</y4>
    </bndbox>
  </object>
</annotation>
