<annotation>
  <folder>DATA</folder>
  <filename>000058.png</filename>
  <source>
    <database>Unknown</database>
  </source>
  <size>
    <width>500</width>
    <height>500</height>
    <depth>1</depth>
  </size>
  <segmented>0</segmented>
  <object>
    <name>ship</name>
    <pose>Unspecified</pose>
    <truncated>0</truncated>
    <difficult>0</difficult>
    <bndbox>
      <xmin>216</xmin>
      <ymin>248</ymin>
      <xmax>232</xmax>
      <ymax>265</ymax>
      <x1>216</x1>
      <y1>248</y1>
      <x2>216</x2>
      <y2>265</y2>
      <x3>232</x3>
      <y3>265</y3>
      <x4>232</x4>
      <y4>248</y4>
    </bndbox>
  </object>
</annotation>
