<annotation>
  <folder>DATA</folder>
  <filename>000084.png</filename>
  <source>
    <database>Unknown</database>
  </source>
  <size>
    <width>500</width>
    <height>500</height>
    <depth>1</depth>
  </size>
  <segmented>0</segmented>
  <object>
    <name>ship</name>
    <pose>Unspecified</pose>
    <truncated>0</truncated>
    <difficult>0</difficult>
    <bndbox>
      <xmin>41</xmin>
      <ymin>220</ymin>
      <xmax>61</xmax>
      <ymax>238</ymax>
      <x1>41</x1>
      <y1>220</y1>
      <x2>41</x2>
      <y2>238</y2>
      <x3>61</x3>
      <y3>238</y3>
      <x4>61</x4>
      <y4>220</y4>
    </bndbox>
  </object>
  <object>
    <name>ship</name>
    <pose>Unspecified</pose>
    <truncated>0</truncated>
    <difficult>0</difficult>
    <bndbox>
      <xmin>233</xmin>
      <ymin>95</ymin>
      <xmax>244</xmax>
      <ymax>116</ymax>
      <x1>233</x1>
      <y1>95</y1>
      <x2>233</x2>
      <y2>116</y2>
      <x3>244</x3>
      <y3>116</y3>
      <x4>244</x4>
      <y4>95</y4>
    </bndbox>
  </object>
  <object>
    <name>ship</name>
    <pose>Unspecified</pose>
    <truncated>0</truncated>
    <difficult>0</difficult>
    <bndbox>
      <xmin>399</xmin>
      <ymin>253</ymin>
      <xmax>410</xmax>
      <ymax>282</ymax>
      <x1>399</x1>
      <y1>253</y1>
      <x2>399</x2>
      <y2>282</y2>
      <x3>410</x3>
      <y3>282</y3>
      <x4>410</x4>
      <y4>253</y4>
    </bndbox>
  </object>
  <object>
    <name>ship</name>
    <pose>Unspecified</pose>
    <truncated>0</truncated>
    <difficult>1</difficult>
    <bndbox>
      <xmin>197</xmin>
      <ymin>315</ymin>
      <xmax>206</xmax>
      <ymax>328</ymax>
      <x1>197</x1>
      <y1>315</y1>
      <x2>197</x2>
      <y2>328</y2>
      <x3>206</x3>
      <y3>328</y3>
      <x4>206</x4>
      <y4>315</y4>
    </bndbox>
  </object>
  <object>
    <name>ship</name>
    <pose>Unspecified</pose>
    <truncated>0</truncated>
    <difficult>1</difficult>
    <bndbox>
      <xmin>458</xmin>
      <ymin>1</ymin>
      <xmax>471</xmax>
      <ymax>14</ymax>
      <x1>458</x1>
      <y1>1</y1>
      <x2>458</x2>
      <y2>14</y2>
      <x3>471</x3>
      <y3>14</y3>
      <x4>471</x4>
      <y4>1</y4>
    </bndbox>
  </object>
</annotation>
