<annotation>
  <folder>DATA</folder>
  <filename>000050.png</filename>
  <source>
    <database>Unknown</database>
  </source>
  <size>
    <width>500</width>
    <height>500</height>
    <depth>1</depth>
  </size>
  <segmented>0</segmented>
  <object>
    <name>ship</name>
    <pose>Unspecified</pose>
    <truncated>0</truncated>
    <difficult>0</difficult>
    <bndbox>
      <xmin>230</xmin>
      <ymin>242</ymin>
      <xmax>242</xmax>
      <ymax>264</ymax>
      <x1>230</x1>
      <y1>242</y1>
      <x2>230</x2>
      <y2>264</y2>
      <x3>242</x3>
      <y3>264</y3>
      <x4>242</x4>
      <y4>242</y4>
    </bndbox>
  </object>
</annotation>
