<annotation>
  <folder>DATA</folder>
  <filename>000049.png</filename>
  <source>
    <database>Unknown</database>
  </source>
  <size>
    <width>500</width>
    <height>500</height>
    <depth>1</depth>
  </size>
  <segmented>0</segmented>
  <object>
    <name>ship</name>
    <pose>Unspecified</pose>
    <truncated>0</truncated>
    <difficult>0</difficult>
    <bndbox>
      <xmin>325</xmin>
      <ymin>265</ymin>
      <xmax>334</xmax>
      <ymax>297</ymax>
      <x1>325</x1>
      <y1>265</y1>
      <x2>325</x2>
      <y2>297</y2>
      <x3>334</x3>
      <y3>297</y3>
      <x4>334</x4>
      <y4>265</y4>
    </bndbox>
  </object>
</annotation>
