<annotation>
  <folder>DATA</folder>
  <filename>000003.png</filename>
  <source>
    <database>Unknown</database>
  </source>
  <size>
    <width>500</width>
    <height>500</height>
    <depth>1</depth>
  </size>
  <segmented>0</segmented>
  <object>
    <name>ship</name>
    <pose>Unspecified</pose>
    <truncated>0</truncated>
    <difficult>0</difficult>
    <bndbox>
      <xmin>137</xmin>
      <ymin>416</ymin>
      <xmax>161</xmax>
      <ymax>429</ymax>
      <x1>137</x1>
      <y1>416</y1>
      <x2>137</x2>
      <y2>429</y2>
      <x3>161</x3>
      <y3>429</y3>
      <x4>161</x4>
      <y4>416</y4>
    </bndbox>
  </object>
  <object>
    <name>ship</name>
    <pose>Unspecified</pose>
    <truncated>0</truncated>
    <difficult>0</difficult>
    <bndbox>
      <xmin>400</xmin>
      <ymin>126</ymin>
      <xmax>421</xmax>
      <ymax>141</ymax>
      <x1>400</x1>
      <y1>126</y1>
      <x2>400</x2>
      <y2>141</y2>
      <x3>421</x3>
      <y3>141</y3>
      <x4>421</x4>
      <y4>126</y4>
    </bndbox>
  </object>
</annotation>
