<annotation>
  <folder>DATA</folder>
  <filename>000019.png</filename>
  <source>
    <database>Unknown</database>
  </source>
  <size>
    <width>500</width>
    <height>500</height>
    <depth>1</depth>
  </size>
  <segmented>0</segmented>
  <object>
    <name>ship</name>
    <pose>Unspecified</pose>
    <truncated>0</truncated>
    <difficult>0</difficult>
    <bndbox>
      <xmin>285</xmin>
      <ymin>256</ymin>
      <xmax>302</xmax>
      <ymax>268</ymax>
      <x1>285</x1>
      <y1>256</y1>
      <x2>285</x2>
      <y2>268</y2>
      <x3>302</x3>
      <y3>268</y3>
      <x4>302</x4>
      <y4>256</y4>
    </bndbox>
  </object>
</annotation>
