<annotation>
  <folder>DATA</folder>
  <filename>000011.png</filename>
  <source>
    <database>Unknown</database>
  </source>
  <size>
    <width>500</width>
    <height>500</height>
    <depth>1</depth>
  </size>
  <segmented>0</segmented>
  <object>
    <name>ship</name>
    <pose>Unspecified</pose>
    <truncated>0</truncated>
    <difficult>0</difficult>
    <bndbox>
      <xmin>254</xmin>
      <ymin>211</ymin>
      <xmax>267</xmax>
      <ymax>232</ymax>
      <x1>254</x1>
      <y1>211</y1>
      <x2>254</x2>
      <y2>232</y2>
      <x3>267</x3>
      <y3>232</y3>
      <x4>267</x4>
      <y4>211</y4>
    </bndbox>
  </object>
</annotation>
