<annotation>
  <folder>DATA</folder>
  <filename>000045.png</filename>
  <source>
    <database>Unknown</database>
  </source>
  <size>
    <width>500</width>
    <height>500</height>
    <depth>1</depth>
  </size>
  <segmented>0</segmented>
  <object>
    <name>ship</name>
    <pose>Unspecified</pose>
    <truncated>0</truncated>
    <difficult>0</difficult>
    <bndbox>
      <xmin>108</xmin>
      <ymin>172</ymin>
      <xmax>124</xmax>
      <ymax>186</ymax>
      <x1>108</x1>
      <y1>172</y1>
      <x2>108</x2>
      <y2>186</y2>
      <x3>124</x3>
      <y3>186</y3>
      <x4>124</x4>
      <y4>172</y4>
    </bndbox>
  </object>
  <object>
    <name>ship</name>
    <pose>Unspecified</pose>
    <truncated>0</truncated>
    <difficult>0</difficult>
    <bndbox>
      <xmin>146</xmin>
      <ymin>330</ymin>
      <xmax>170</xmax>
      <ymax>341</ymax>
      <x1>146</x1>
      <y1>330</y1>
      <x2>146</x2>
      <y2>341</y2>
      <x3>170</x3>
      <y3>341</y3>
      <x4>170</x4>
      <y4>330</y4>
    </bndbox>
  </object>
</annotation>
