<annotation>
  <folder>DATA</folder>
  <filename>000067.png</filename>
  <source>
    <database>Unknown</database>
  </source>
  <size>
    <width>500</width>
    <height>500</height>
    <depth>1</depth>
  </size>
  <segmented>0</segmented>
  <object>
    <name>ship</name>
    <pose>Unspecified</pose>
    <truncated>0</truncated>
    <difficult>0</difficult>
    <bndbox>
      <xmin>194</xmin>
      <ymin>237</ymin>
      <xmax>217</xmax>
      <ymax>256</ymax>
      <x1>194</x1>
      <y1>237</y1>
      <x2>194</x2>
      <y2>256</y2>
      <x3>217</x3>
      <y3>256</y3>
      <x4>217</x4>
      <y4>237</y4>
    </bndbox>
  </object>
</annotation>
