<annotation>
  <folder>DATA</folder>
  <filename>000030.png</filename>
  <source>
    <database>Unknown</database>
  </source>
  <size>
    <width>500</width>
    <height>500</height>
    <depth>1</depth>
  </size>
  <segmented>0</segmented>
  <object>
    <name>ship</name>
    <pose>Unspecified</pose>
    <truncated>0</truncated>
    <difficult>0</difficult>
    <bndbox>
      <xmin>246</xmin>
      <ymin>241</ymin>
      <xmax>262</xmax>
      <ymax>251</ymax>
      <x1>246</x1>
      <y1>241</y1>
      <x2>246</x2>
      <y2>251</y2>
      <x3>262</x3>
      <y3>251</y3>
      <x4>262</x4>
      <y4>241</y4>
    </bndbox>
  </object>
</annotation>
