<annotation>
  <folder>DATA</folder>
  <filename>000029.png</filename>
  <source>
    <database>Unknown</database>
  </source>
  <size>
    <width>500</width>
    <height>500</height>
    <depth>1</depth>
  </size>
  <segmented>0</segmented>
  <object>
    <name>ship</name>
    <pose>Unspecified</pose>
    <truncated>0</truncated>
    <difficult>0</difficult>
    <bndbox>
      <xmin>196</xmin>
      <ymin>205</ymin>
      <xmax>209</xmax>
      <ymax>235</ymax>
      <x1>196</x1>
      <y1>205</y1>
      <x2>196</x2>
      <y2>235</y2>
      <x3>209</x3>
      <y3>235</y3>
      <x4>209</x4>
      <y4>205</y4>
    </bndbox>
  </object>
</annotation>
