<annotation>
  <folder>DATA</folder>
  <filename>000094.png</filename>
  <source>
    <database>Unknown</database>
  </source>
  <size>
    <width>500</width>
    <height>500</height>
    <depth>1</depth>
  </size>
  <segmented>0</segmented>
  <object>
    <name>ship</name>
    <pose>Unspecified</pose>
    <truncated>0</truncated>
    <difficult>0</difficult>
    <bndbox>
      <xmin>202</xmin>
      <ymin>157</ymin>
      <xmax>212</xmax>
      <ymax>177</ymax>
      <x1>202</x1>
      <y1>157</y1>
      <x2>202</x2>
      <y2>177</y2>
      <x3>212</x3>
      <y3>177</y3>
      <x4>212</x4>
      <y4>157</y4>
    </bndbox>
  </object>
  <object>
    <name>ship</name>
    <pose>Unspecified</pose>
    <truncated>0</truncated>
    <difficult>0</difficult>
    <bndbox>
      <xmin>441</xmin>
      <ymin>358</ymin>
      <xmax>453</xmax>
      <ymax>374</ymax>
      <x1>441</x1>
      <y1>358</y1>
      <x2>441</x2>
      <y2>374</y2>
      <x3>453</x3>
      <y3>374</y3>
      <x4>453</x4>
      <y4>358</y4>
    </bndbox>
  </object>
  <object>
    <name>ship</name>
    <pose>Unspecified</pose>
    <truncated>0</truncated>
    <difficult>0</difficult>
    <bndbox>
      <xmin>315</xmin>
      <ymin>201</ymin>
      <xmax>326</xmax>
      <ymax>218</ymax>
      <x1>315</x1>
      <y1>201</y1>
      <x2>315</x2>
      <y2>218</y2>
      <x3>326</x3>
      <y3>218</y3>
      <x4>326</x4>
      <y4>201</y4>
    </bndbox>
  </object>
</annotation>
