<annotation>
  <folder>DATA</folder>
  <filename>000079.png</filename>
  <source>
    <database>Unknown</database>
  </source>
  <size>
    <width>500</width>
    <height>500</height>
    <depth>1</depth>
  </size>
  <segmented>0</segmented>
  <object>
    <name>ship</name>
    <pose>Unspecified</pose>
    <truncated>0</truncated>
    <difficult>0</difficult>
    <bndbox>
      <xmin>384</xmin>
      <ymin>390</ymin>
      <xmax>393</xmax>
      <ymax>406</ymax>
      <x1>384</x1>
      <y1>390</y1>
      <x2>384</x2>
      <y2>406</y2>
      <x3>393</x3>
      <y3>406</y3>
      <x4>393</x4>
      <y4>390</y4>
    </bndbox>
  </object>
</annotation>
