<annotation>
  <folder>DATA</folder>
  <filename>000098.png</filename>
  <source>
    <database>Unknown</database>
  </source>
  <size>
    <width>500</width>
    <height>500</height>
    <depth>1</depth>
  </size>
  <segmented>0</segmented>
  <object>
    <name>ship</name>
    <pose>Unspecified</pose>
    <truncated>0</truncated>
    <difficult>0</difficult>
    <bndbox>
      <xmin>99</xmin>
      <ymin>228</ymin>
      <xmax>119</xmax>
      <ymax>248</ymax>
      <x1>99</x1>
      <y1>228</y1>
      <x2>99</x2>
      <y2>248</y2>
      <x3>119</x3>
      <y3>248</y3>
      <x4>119</x4>
      <y4>228</y4>
    </bndbox>
  </object>
  <object>
    <name>ship</name>
    <pose>Unspecified</pose>
    <truncated>0</truncated>
    <difficult>0</difficult>
    <bndbox>
      <xmin>203</xmin>
      <ymin>230</ymin>
      <xmax>220</xmax>
      <ymax>244</ymax>
      <x1>203</x1>
      <y1>230</y1>
      <x2>203</x2>
      <y2>244</y2>
      <x3>220</x3>
      <y3>244</y3>
      <x4>220</x4>
      <y4>230</y4>
    </bndbox>
  </object>
  <object>
    <name>ship</name>
    <pose>Unspecified</pose>
    <truncated>0</truncated>
    <difficult>0</difficult>
    <bndbox>
      <xmin>291</xmin>
      <ymin>311</ymin>
      <xmax>314</xmax>
      <ymax>326</ymax>
      <x1>291</x1>
      <y1>311</y1>
      <x2>291</x2>
      <y2>326</y2>
      <x3>314</x3>
      <y3>326</y3>
      <x4>314</x4>
      <y4>311</y4>
    </bndbox>
  </object>
  <object>
    <name>ship</name>
    <pose>Unspecified</pose>
    <truncated>0</truncated>
    <difficult>0</difficult>
    <bndbox>
      <xmin>415</xmin>
      <ymin>111</ymin>
      <xmax>430</xmax>
      <ymax>124</ymax>
      <x1>415</x1>
      <y1>111</y1>
      <x2>415</x2>
      <y2>124</y2>
      <x3>430</x3>
      <y3>124</y3>
      <x4>430</x4>
      <y4>111</y4>
    </bndbox>
  </object>
</annotation>
