<annotation>
  <folder>DATA</folder>
  <filename>000092.png</filename>
  <source>
    <database>Unknown</database>
  </source>
  <size>
    <width>500</width>
    <height>500</height>
    <depth>1</depth>
  </size>
  <segmented>0</segmented>
  <object>
    <name>ship</name>
    <pose>Unspecified</pose>
    <truncated>0</truncated>
    <difficult>0</difficult>
    <bndbox>
      <xmin>386</xmin>
      <ymin>120</ymin>
      <xmax>405</xmax>
      <ymax>145</ymax>
      <x1>386</x1>
      <y1>120</y1>
      <x2>386</x2>
      <y2>145</y2>
      <x3>405</x3>
      <y3>145</y3>
      <x4>405</x4>
      <y4>120</y4>
    </bndbox>
  </object>
</annotation>
