<annotation>
  <folder>DATA</folder>
  <filename>000075.png</filename>
  <source>
    <database>Unknown</database>
  </source>
  <size>
    <width>500</width>
    <height>500</height>
    <depth>1</depth>
  </size>
  <segmented>0</segmented>
  <object>
    <name>ship</name>
    <pose>Unspecified</pose>
    <truncated>0</truncated>
    <difficult>0</difficult>
    <bndbox>
      <xmin>132</xmin>
      <ymin>126</ymin>
      <xmax>141</xmax>
      <ymax>138</ymax>
      <x1>132</x1>
      <y1>126</y1>
      <x2>132</x2>
      <y2>138</y2>
      <x3>141</x3>
      <y3>138</y3>
      <x4>141</x4>
      <y4>126</y4>
    </bndbox>
  </object>
  <object>
    <name>ship</name>
    <pose>Unspecified</pose>
    <truncated>0</truncated>
    <difficult>0</difficult>
    <bndbox>
      <xmin>300</xmin>
      <ymin>277</ymin>
      <xmax>309</xmax>
      <ymax>288</ymax>
      <x1>300</x1>
      <y1>277</y1>
      <x2>300</x2>
      <y2>288</y2>
      <x3>309</x3>
      <y3>288</y3>
      <x4>309</x4>
      <y4>277</y4>
    </bndbox>
  </object>
</annotation>
