<annotation>
  <folder>DATA</folder>
  <filename>000057.png</filename>
  <source>
    <database>Unknown</database>
  </source>
  <size>
    <width>500</width>
    <height>500</height>
    <depth>1</depth>
  </size>
  <segmented>0</segmented>
  <object>
    <name>ship</name>
    <pose>Unspecified</pose>
    <truncated>0</truncated>
    <difficult>0</difficult>
    <bndbox>
      <xmin>136</xmin>
      <ymin>137</ymin>
      <xmax>149</xmax>
      <ymax>152</ymax>
      <x1>136</x1>
      <y1>137</y1>
      <x2>136</x2>
      <y2>152</y2>
      <x3>149</x3>
      <y3>152</y3>
      <x4>149</x4>
      <y4>137</y4>
    </bndbox>
  </object>
  <object>
    <name>ship</name>
    <pose>Unspecified</pose>
    <truncated>0</truncated>
    <difficult>0</difficult>
    <bndbox>
      <xmin>398</xmin>
      <ymin>373</ymin>
      <xmax>414</xmax>
      <ymax>386</ymax>
      <x1>398</x1>
      <y1>373</y1>
      <x2>398</x2>
      <y2>386</y2>
      <x3>414</x3>
      <y3>386</y3>
      <x4>414</x4>
      <y4>373</y4>
    </bndbox>
  </object>
</annotation>
