<annotation>
  <folder>DATA</folder>
  <filename>000026.png</filename>
  <source>
    <database>Unknown</database>
  </source>
  <size>
    <width>500</width>
    <height>500</height>
    <depth>1</depth>
  </size>
  <segmented>0</segmented>
  <object>
    <name>ship</name>
    <pose>Unspecified</pose>
    <truncated>0</truncated>
    <difficult>0</difficult>
    <bndbox>
      <xmin>208</xmin>
      <ymin>261</ymin>
      <xmax>222</xmax>
      <ymax>287</ymax>
      <x1>208</x1>
      <y1>261</y1>
      <x2>208</x2>
      <y2>287</y2>
      <x3>222</x3>
      <y3>287</y3>
      <x4>222</x4>
      <y4>261</y4>
    </bndbox>
  </object>
</annotation>
