<annotation>
  <folder>DATA</folder>
  <filename>000012.png</filename>
  <source>
    <database>Unknown</database>
  </source>
  <size>
    <width>500</width>
    <height>500</height>
    <depth>1</depth>
  </size>
  <segmented>0</segmented>
  <object>
    <name>ship</name>
    <pose>Unspecified</pose>
    <truncated>0</truncated>
    <difficult>0</difficult>
    <bndbox>
      <xmin>124</xmin>
      <ymin>206</ymin>
      <xmax>147</xmax>
      <ymax>219</ymax>
      <x1>124</x1>
      <y1>206</y1>
      <x2>124</x2>
      <y2>219</y2>
      <x3>147</x3>
      <y3>219</y3>
      <x4>147</x4>
      <y4>206</y4>
    </bndbox>
  </object>
  <object>
    <name>ship</name>
    <pose>Unspecified</pose>
    <truncated>0</truncated>
    <difficult>0</difficult>
    <bndbox>
      <xmin>468</xmin>
      <ymin>339</ymin>
      <xmax>488</xmax>
      <ymax>350</ymax>
      <x1>468</x1>
      <y1>339</y1>
      <x2>468</x2>
      <y2>350</y2>
      <x3>488</x3>
      <y3>350</y3>
      <x4>488</x4>
      <y4>339</y4>
    </bndbox>
  </object>
</annotation>
