<annotation>
  <folder>DATA</folder>
  <filename>000064.png</filename>
  <source>
    <database>Unknown</database>
  </source>
  <size>
    <width>500</width>
    <height>500</height>
    <depth>1</depth>
  </size>
  <segmented>0</segmented>
  <object>
    <name>ship</name>
    <pose>Unspecified</pose>
    <truncated>0</truncated>
    <difficult>0</difficult>
    <bndbox>
      <xmin>386</xmin>
      <ymin>38</ymin>
      <xmax>430</xmax>
      <ymax>52</ymax>
      <x1>386</x1>
      <y1>38</y1>
      <x2>386</x2>
      <y2>52</y2>
      <x3>430</x3>
      <y3>52</y3>
      <x4>430</x4>
      <y4>38</y4>
    </bndbox>
  </object>
  <object>
    <name>ship</name>
    <pose>Unspecified</pose>
    <truncated>0</truncated>
    <difficult>0</difficult>
    <bndbox>
      <xmin>87</xmin>
      <ymin>252</ymin>
      <xmax>103</xmax>
      <ymax>264</ymax>
      <x1>87</x1>
      <y1>252</y1>
      <x2>87</x2>
      <y2>264</y2>
      <x3>103</x3>
      <y3>264</y3>
      <x4>103</x4>
      <y4>252</y4>
    </bndbox>
  </object>
</annotation>
