<annotation>
  <folder>DATA</folder>
  <filename>000085.png</filename>
  <source>
    <database>Unknown</database>
  </source>
  <size>
    <width>500</width>
    <height>500</height>
    <depth>1</depth>
  </size>
  <segmented>0</segmented>
  <object>
    <name>ship</name>
    <pose>Unspecified</pose>
    <truncated>0</truncated>
    <difficult>0</difficult>
    <bndbox>
      <xmin>149</xmin>
      <ymin>258</ymin>
      <xmax>168</xmax>
      <ymax>285</ymax>
      <x1>149</x1>
      <y1>258</y1>
      <x2>149</x2>
      <y2>285</y2>
      <x3>168</x3>
      <y3>285</y3>
      <x4>168</x4>
      <y4>258</y4>
    </bndbox>
  </object>
  <object>
    <name>ship</name>
    <pose>Unspecified</pose>
    <truncated>0</truncated>
    <difficult>0</difficult>
    <bndbox>
      <xmin>289</xmin>
      <ymin>199</ymin>
      <xmax>317</xmax>
      <ymax>212</ymax>
      <x1>289</x1>
      <y1>199</y1>
      <x2>289</x2>
      <y2>212</y2>
      <x3>317</x3>
      <y3>212</y3>
      <x4>317</x4>
      <y4>199</y4>
    </bndbox>
  </object>
  <object>
    <name>ship</name>
    <pose>Unspecified</pose>
    <truncated>0</truncated>
    <difficult>0</difficult>
    <bndbox>
      <xmin>470</xmin>
      <ymin>109</ymin>
      <xmax>487</xmax>
      <ymax>127</ymax>
      <x1>470</x1>
      <y1>109</y1>
      <x2>470</x2>
      <y2>127</y2>
      <x3>487</x3>
      <y3>127</y3>
      <x4>487</x4>
      <y4>109</y4>
    </bndbox>
  </object>
  <object>
    <name>ship</name>
    <pose>Unspecified</pose>
    <truncated>0</truncated>
    <difficult>0</difficult>
    <bndbox>
      <xmin>54</xmin>
      <ymin>438</ymin>
      <xmax>84</xmax>
      <ymax>453</ymax>
      <x1>54</x1>
      <y1>438</y1>
      <x2>54</x2>
      <y2>453</y2>
      <x3>84</x3>
      <y3>453</y3>
      <x4>84</x4>
      <y4>438</y4>
    </bndbox>
  </object>
  <object>
    <name>ship</name>
    <pose>Unspecified</pose>
    <truncated>0</truncated>
    <difficult>0</difficult>
    <bndbox>
      <xmin>144</xmin>
      <ymin>204</ymin>
      <xmax>158</xmax>
      <ymax>220</ymax>
      <x1>144</x1>
      <y1>204</y1>
      <x2>144</x2>
      <y2>220</y2>
      <x3>158</x3>
      <y3>220</y3>
      <x4>158</x4>
      <y4>204</y4>
    </bndbox>
  </object>
  <object>
    <name>ship</name>
    <pose>Unspecified</pose>
    <truncated>0</truncated>
    <difficult>1</difficult>
    <bndbox>
      <xmin>337</xmin>
      <ymin>416</ymin>
      <xmax>357</xmax>
      <ymax>428</ymax>
      <x1>337</x1>
      <y1>416</y1>
      <x2>337</x2>
      <y2>428</y2>
      <x3>357</x3>
      <y3>428</y3>
      <x4>357</x4>
      <y4>416</y4>
    </bndbox>
  </object>
</annotation>
