<annotation>
  <folder>DATA</folder>
  <filename>000052.png</filename>
  <source>
    <database>Unknown</database>
  </source>
  <size>
    <width>500</width>
    <height>500</height>
    <depth>1</depth>
  </size>
  <segmented>0</segmented>
  <object>
    <name>ship</name>
    <pose>Unspecified</pose>
    <truncated>0</truncated>
    <difficult>0</difficult>
    <bndbox>
      <xmin>62</xmin>
      <ymin>142</ymin>
      <xmax>74</xmax>
      <ymax>160</ymax>
      <x1>62</x1>
      <y1>142</y1>
      <x2>62</x2>
      <y2>160</y2>
      <x3>74</x3>
      <y3>160</y3>
      <x4>74</x4>
      <y4>142</y4>
    </bndbox>
  </object>
  <object>
    <name>ship</name>
    <pose>Unspecified</pose>
    <truncated>0</truncated>
    <difficult>0</difficult>
    <bndbox>
      <xmin>448</xmin>
      <ymin>329</ymin>
      <xmax>456</xmax>
      <ymax>351</ymax>
      <x1>448</x1>
      <y1>329</y1>
      <x2>448</x2>
      <y2>351</y2>
      <x3>456</x3>
      <y3>351</y3>
      <x4>456</x4>
      <y4>329</y4>
    </bndbox>
  </object>
</annotation>
