<annotation>
  <folder>DATA</folder>
  <filename>000004.png</filename>
  <source>
    <database>Unknown</database>
  </source>
  <size>
    <width>500</width>
    <height>500</height>
    <depth>1</depth>
  </size>
  <segmented>0</segmented>
  <object>
    <name>ship</name>
    <pose>Unspecified</pose>
    <truncated>0</truncated>
    <difficult>0</difficult>
    <bndbox>
      <xmin>341</xmin>
      <ymin>271</ymin>
      <xmax>352</xmax>
      <ymax>293</ymax>
      <x1>341</x1>
      <y1>271</y1>
      <x2>341</x2>
      <y2>293</y2>
      <x3>352</x3>
      <y3>293</y3>
      <x4>352</x4>
      <y4>271</y4>
    </bndbox>
  </object>
  <object>
    <name>ship</name>
    <pose>Unspecified</pose>
    <truncated>0</truncated>
    <difficult>0</difficult>
    <bndbox>
      <xmin>413</xmin>
      <ymin>272</ymin>
      <xmax>438</xmax>
      <ymax>293</ymax>
      <x1>413</x1>
      <y1>272</y1>
      <x2>413</x2>
      <y2>293</y2>
      <x3>438</x3>
      <y3>293</y3>
      <x4>438</x4>
      <y4>272</y4>
    </bndbox>
  </object>
</annotation>
