<annotation>
  <folder>DATA</folder>
  <filename>000038.png</filename>
  <source>
    <database>Unknown</database>
  </source>
  <size>
    <width>500</width>
    <height>500</height>
    <depth>1</depth>
  </size>
  <segmented>0</segmented>
  <object>
    <name>ship</name>
    <pose>Unspecified</pose>
    <truncated>0</truncated>
    <difficult>0</difficult>
    <bndbox>
      <xmin>264</xmin>
      <ymin>135</ymin>
      <xmax>274</xmax>
      <ymax>156</ymax>
      <x1>264</x1>
      <y1>135</y1>
      <x2>264</x2>
      <y2>156</y2>
      <x3>274</x3>
      <y3>156</y3>
      <x4>274</x4>
      <y4>135</y4>
    </bndbox>
  </object>
</annotation>
