<annotation>
  <folder>DATA</folder>
  <filename>000025.png</filename>
  <source>
    <database>Unknown</database>
  </source>
  <size>
    <width>500</width>
    <height>500</height>
    <depth>1</depth>
  </size>
  <segmented>0</segmented>
  <object>
    <name>ship</name>
    <pose>Unspecified</pose>
    <truncated>0</truncated>
    <difficult>0</difficult>
    <bndbox>
      <xmin>139</xmin>
      <ymin>443</ymin>
      <xmax>158</xmax>
      <ymax>468</ymax>
      <x1>139</x1>
      <y1>443</y1>
      <x2>139</x2>
      <y2>468</y2>
      <x3>158</x3>
      <y3>468</y3>
      <x4>158</x4>
      <y4>443</y4>
    </bndbox>
  </object>
</annotation>
