<annotation>
  <folder>DATA</folder>
  <filename>000010.png</filename>
  <source>
    <database>Unknown</database>
  </source>
  <size>
    <width>500</width>
    <height>500</height>
    <depth>1</depth>
  </size>
  <segmented>0</segmented>
  <object>
    <name>ship</name>
    <pose>Unspecified</pose>
    <truncated>0</truncated>
    <difficult>0</difficult>
    <bndbox>
      <xmin>238</xmin>
      <ymin>23</ymin>
      <xmax>249</xmax>
      <ymax>45</ymax>
      <x1>238</x1>
      <y1>23</y1>
      <x2>238</x2>
      <y2>45</y2>
      <x3>249</x3>
      <y3>45</y3>
      <x4>249</x4>
      <y4>23</y4>
    </bndbox>
  </object>
  <object>
    <name>ship</name>
    <pose>Unspecified</pose>
    <truncated>0</truncated>
    <difficult>0</difficult>
    <bndbox>
      <xmin>335</xmin>
      <ymin>451</ymin>
      <xmax>350</xmax>
      <ymax>459</ymax>
      <x1>335</x1>
      <y1>451</y1>
      <x2>335</x2>
      <y2>459</y2>
      <x3>350</x3>
      <y3>459</y3>
      <x4>350</x4>
      <y4>451</y4>
    </bndbox>
  </object>
  <object>
    <name>ship</name>
    <pose>Unspecified</pose>
    <truncated>0</truncated>
    <difficult>0</difficult>
    <bndbox>
      <xmin>1</xmin>
      <ymin>1</ymin>
      <xmax>36</xmax>
      <ymax>9</ymax>
      <x1>1</x1>
      <y1>1</y1>
      <x2>1</x2>
      <y2>9</y2>
      <x3>36</x3>
      <y3>9</y3>
      <x4>36</x4>
      <y4>1</y4>
    </bndbox>
  </object>
</annotation>
