<annotation>
  <folder>DATA</folder>
  <filename>000005.png</filename>
  <source>
    <database>Unknown</database>
  </source>
  <size>
    <width>500</width>
    <height>500</height>
    <depth>1</depth>
  </size>
  <segmented>0</segmented>
  <object>
    <name>ship</name>
    <pose>Unspecified</pose>
    <truncated>0</truncated>
    <difficult>0</difficult>
    <bndbox>
      <xmin>118</xmin>
      <ymin>417</ymin>
      <xmax>131</xmax>
      <ymax>453</ymax>
      <x1>118</x1>
      <y1>417</y1>
      <x2>118</x2>
      <y2>453</y2>
      <x3>131</x3>
      <y3>453</y3>
      <x4>131</x4>
      <y4>417</y4>
    </bndbox>
  </object>
  <object>
    <name>ship</name>
    <pose>Unspecified</pose>
    <truncated>0</truncated>
    <difficult>0</difficult>
    <bndbox>
      <xmin>118</xmin>
      <ymin>377</ymin>
      <xmax>128</xmax>
      <ymax>407</ymax>
      <x1>118</x1>
      <y1>377</y1>
      <x2>118</x2>
      <y2>407</y2>
      <x3>128</x3>
      <y3>407</y3>
      <x4>128</x4>
      <y4>377</y4>
    </bndbox>
  </object>
  <object>
    <name>ship</name>
    <pose>Unspecified</pose>
    <truncated>0</truncated>
    <difficult>0</difficult>
    <bndbox>
      <xmin>157</xmin>
      <ymin>307</ymin>
      <xmax>173</xmax>
      <ymax>332</ymax>
      <x1>157</x1>
      <y1>307</y1>
      <x2>157</x2>
      <y2>332</y2>
      <x3>173</x3>
      <y3>332</y3>
      <x4>173</x4>
      <y4>307</y4>
    </bndbox>
  </object>
  <object>
    <name>ship</name>
    <pose>Unspecified</pose>
    <truncated>0</truncated>
    <difficult>0</difficult>
    <bndbox>
      <xmin>226</xmin>
      <ymin>169</ymin>
      <xmax>247</xmax>
      <ymax>193</ymax>
      <x1>226</x1>
      <y1>169</y1>
      <x2>226</x2>
      <y2>193</y2>
      <x3>247</x3>
      <y3>193</y3>
      <x4>247</x4>
      <y4>169</y4>
    </bndbox>
  </object>
</annotation>
