<annotation>
  <folder>DATA</folder>
  <filename>000015.png</filename>
  <source>
    <database>Unknown</database>
  </source>
  <size>
    <width>500</width>
    <height>500</height>
    <depth>1</depth>
  </size>
  <segmented>0</segmented>
  <object>
    <name>ship</name>
    <pose>Unspecified</pose>
    <truncated>0</truncated>
    <difficult>0</difficult>
    <bndbox>
      <xmin>47</xmin>
      <ymin>190</ymin>
      <xmax>53</xmax>
      <ymax>202</ymax>
      <x1>47</x1>
      <y1>190</y1>
      <x2>47</x2>
      <y2>202</y2>
      <x3>53</x3>
      <y3>202</y3>
      <x4>53</x4>
      <y4>190</y4>
    </bndbox>
  </object>
  <object>
    <name>ship</name>
    <pose>Unspecified</pose>
    <truncated>0</truncated>
    <difficult>0</difficult>
    <bndbox>
      <xmin>44</xmin>
      <ymin>347</ymin>
      <xmax>48</xmax>
      <ymax>362</ymax>
      <x1>44</x1>
      <y1>347</y1>
      <x2>44</x2>
      <y2>362</y2>
      <x3>48</x3>
      <y3>362</y3>
      <x4>48</x4>
      <y4>347</y4>
    </bndbox>
  </object>
  <object>
    <name>ship</name>
    <pose>Unspecified</pose>
    <truncated>0</truncated>
    <difficult>0</difficult>
    <bndbox>
      <xmin>118</xmin>
      <ymin>256</ymin>
      <xmax>124</xmax>
      <ymax>267</ymax>
      <x1>118</x1>
      <y1>256</y1>
      <x2>118</x2>
      <y2>267</y2>
      <x3>124</x3>
      <y3>267</y3>
      <x4>124</x4>
      <y4>256</y4>
    </bndbox>
  </object>
  <object>
    <name>ship</name>
    <pose>Unspecified</pose>
    <truncated>0</truncated>
    <difficult>0</difficult>
    <bndbox>
      <xmin>123</xmin>
      <ymin>348</ymin>
      <xmax>129</xmax>
      <ymax>362</ymax>
      <x1>123</x1>
      <y1>348</y1>
      <x2>123</x2>
      <y2>362</y2>
      <x3>129</x3>
      <y3>362</y3>
      <x4>129</x4>
      <y4>348</y4>
    </bndbox>
  </object>
  <object>
    <name>ship</name>
    <pose>Unspecified</pose>
    <truncated>0</truncated>
    <difficult>0</difficult>
    <bndbox>
      <xmin>196</xmin>
      <ymin>345</ymin>
      <xmax>202</xmax>
      <ymax>358</ymax>
      <x1>196</x1>
      <y1>345</y1>
      <x2>196</x2>
      <y2>358</y2>
      <x3>202</x3>
      <y3>358</y3>
      <x4>202</x4>
      <y4>345</y4>
    </bndbox>
  </object>
  <object>
    <name>ship</name>
    <pose>Unspecified</pose>
    <truncated>0</truncated>
    <difficult>0</difficult>
    <bndbox>
      <xmin>268</xmin>
      <ymin>336</ymin>
      <xmax>273</xmax>
      <ymax>347</ymax>
      <x1>268</x1>
      <y1>336</y1>
      <x2>268</x2>
      <y2>347</y2>
      <x3>273</x3>
      <y3>347</y3>
      <x4>273</x4>
      <y4>336</y4>
    </bndbox>
  </object>
  <object>
    <name>ship</name>
    <pose>Unspecified</pose>
    <truncated>0</truncated>
    <difficult>0</difficult>
    <bndbox>
      <xmin>267</xmin>
      <ymin>188</ymin>
      <xmax>271</xmax>
      <ymax>199</ymax>
      <x1>267</x1>
      <y1>188</y1>
      <x2>267</x2>
      <y2>199</y2>
      <x3>271</x3>
      <y3>199</y3>
      <x4>271</x4>
      <y4>188</y4>
    </bndbox>
  </object>
  <object>
    <name>ship</name>
    <pose>Unspecified</pose>
    <truncated>0</truncated>
    <difficult>0</difficult>
    <bndbox>
      <xmin>269</xmin>
      <ymin>269</ymin>
      <xmax>273</xmax>
      <ymax>279</ymax>
      <x1>269</x1>
      <y1>269</y1>
      <x2>269</x2>
      <y2>279</y2>
      <x3>273</x3>
      <y3>279</y3>
      <x4>273</x4>
      <y4>269</y4>
    </bndbox>
  </object>
  <object>
    <name>ship</name>
    <pose>Unspecified</pose>
    <truncated>0</truncated>
    <difficult>0</difficult>
    <bndbox>
      <xmin>337</xmin>
      <ymin>256</ymin>
      <xmax>343</xmax>
      <ymax>269</ymax>
      <x1>337</x1>
      <y1>256</y1>
      <x2>337</x2>
      <y2>269</y2>
      <x3>343</x3>
      <y3>269</y3>
      <x4>343</x4>
      <y4>256</y4>
    </bndbox>
  </object>
  <object>
    <name>ship</name>
    <pose>Unspecified</pose>
    <truncated>0</truncated>
    <difficult>0</difficult>
    <bndbox>
      <xmin>414</xmin>
      <ymin>338</ymin>
      <xmax>419</xmax>
      <ymax>353</ymax>
      <x1>414</x1>
      <y1>338</y1>
      <x2>414</x2>
      <y2>353</y2>
      <x3>419</x3>
      <y3>353</y3>
      <x4>419</x4>
      <y4>338</y4>
    </bndbox>
  </object>
</annotation>
