<annotation>
  <folder>DATA</folder>
  <filename>000157.png</filename>
  <source>
    <database>Unknown</database>
  </source>
  <size>
    <width>500</width>
    <height>500</height>
    <depth>1</depth>
  </size>
  <segmented>0</segmented>
  <object>
    <name>ship</name>
    <pose>Unspecified</pose>
    <truncated>0</truncated>
    <difficult>0</difficult>
    <bndbox>
      <xmin>45</xmin>
      <ymin>226</ymin>
      <xmax>70</xmax>
      <ymax>236</ymax>
      <x1>45</x1>
      <y1>226</y1>
      <x2>45</x2>
      <y2>236</y2>
      <x3>70</x3>
      <y3>236</y3>
      <x4>70</x4>
      <y4>226</y4>
    </bndbox>
  </object>
  <object>
    <name>ship</name>
    <pose>Unspecified</pose>
    <truncated>0</truncated>
    <difficult>0</difficult>
    <bndbox>
      <xmin>206</xmin>
      <ymin>208</ymin>
      <xmax>229</xmax>
      <ymax>220</ymax>
      <x1>206</x1>
      <y1>208</y1>
      <x2>206</x2>
      <y2>220</y2>
      <x3>229</x3>
      <y3>220</y3>
      <x4>229</x4>
      <y4>208</y4>
    </bndbox>
  </object>
  <object>
    <name>ship</name>
    <pose>Unspecified</pose>
    <truncated>0</truncated>
    <difficult>0</difficult>
    <bndbox>
      <xmin>208</xmin>
      <ymin>364</ymin>
      <xmax>233</xmax>
      <ymax>375</ymax>
      <x1>208</x1>
      <y1>364</y1>
      <x2>208</x2>
      <y2>375</y2>
      <x3>233</x3>
      <y3>375</y3>
      <x4>233</x4>
      <y4>364</y4>
    </bndbox>
  </object>
  <object>
    <name>ship</name>
    <pose>Unspecified</pose>
    <truncated>0</truncated>
    <difficult>0</difficult>
    <bndbox>
      <xmin>333</xmin>
      <ymin>320</ymin>
      <xmax>357</xmax>
      <ymax>332</ymax>
      <x1>333</x1>
      <y1>320</y1>
      <x2>333</x2>
      <y2>332</y2>
      <x3>357</x3>
      <y3>332</y3>
      <x4>357</x4>
      <y4>320</y4>
    </bndbox>
  </object>
  <object>
    <name>ship</name>
    <pose>Unspecified</pose>
    <truncated>0</truncated>
    <difficult>0</difficult>
    <bndbox>
      <xmin>431</xmin>
      <ymin>257</ymin>
      <xmax>453</xmax>
      <ymax>270</ymax>
      <x1>431</x1>
      <y1>257</y1>
      <x2>431</x2>
      <y2>270</y2>
      <x3>453</x3>
      <y3>270</y3>
      <x4>453</x4>
      <y4>257</y4>
    </bndbox>
  </object>
</annotation>
