<annotation>
  <folder>DATA</folder>
  <filename>000195.png</filename>
  <source>
    <database>Unknown</database>
  </source>
  <size>
    <width>500</width>
    <height>500</height>
    <depth>1</depth>
  </size>
  <segmented>0</segmented>
  <object>
    <name>ship</name>
    <pose>Unspecified</pose>
    <truncated>0</truncated>
    <difficult>0</difficult>
    <bndbox>
      <xmin>213</xmin>
      <ymin>231</ymin>
      <xmax>220</xmax>
      <ymax>250</ymax>
      <x1>213</x1>
      <y1>231</y1>
      <x2>213</x2>
      <y2>250</y2>
      <x3>220</x3>
      <y3>250</y3>
      <x4>220</x4>
      <y4>231</y4>
    </bndbox>
  </object>
</annotation>
