<annotation>
  <folder>DATA</folder>
  <filename>000147.png</filename>
  <source>
    <database>Unknown</database>
  </source>
  <size>
    <width>500</width>
    <height>500</height>
    <depth>1</depth>
  </size>
  <segmented>0</segmented>
  <object>
    <name>ship</name>
    <pose>Unspecified</pose>
    <truncated>0</truncated>
    <difficult>0</difficult>
    <bndbox>
      <xmin>76</xmin>
      <ymin>272</ymin>
      <xmax>104</xmax>
      <ymax>287</ymax>
      <x1>76</x1>
      <y1>272</y1>
      <x2>76</x2>
      <y2>287</y2>
      <x3>104</x3>
      <y3>287</y3>
      <x4>104</x4>
      <y4>272</y4>
    </bndbox>
  </object>
  <object>
    <name>ship</name>
    <pose>Unspecified</pose>
    <truncated>0</truncated>
    <difficult>0</difficult>
    <bndbox>
      <xmin>249</xmin>
      <ymin>198</ymin>
      <xmax>275</xmax>
      <ymax>211</ymax>
      <x1>249</x1>
      <y1>198</y1>
      <x2>249</x2>
      <y2>211</y2>
      <x3>275</x3>
      <y3>211</y3>
      <x4>275</x4>
      <y4>198</y4>
    </bndbox>
  </object>
  <object>
    <name>ship</name>
    <pose>Unspecified</pose>
    <truncated>0</truncated>
    <difficult>0</difficult>
    <bndbox>
      <xmin>431</xmin>
      <ymin>143</ymin>
      <xmax>457</xmax>
      <ymax>155</ymax>
      <x1>431</x1>
      <y1>143</y1>
      <x2>431</x2>
      <y2>155</y2>
      <x3>457</x3>
      <y3>155</y3>
      <x4>457</x4>
      <y4>143</y4>
    </bndbox>
  </object>
  <object>
    <name>ship</name>
    <pose>Unspecified</pose>
    <truncated>0</truncated>
    <difficult>0</difficult>
    <bndbox>
      <xmin>202</xmin>
      <ymin>382</ymin>
      <xmax>230</xmax>
      <ymax>395</ymax>
      <x1>202</x1>
      <y1>382</y1>
      <x2>202</x2>
      <y2>395</y2>
      <x3>230</x3>
      <y3>395</y3>
      <x4>230</x4>
      <y4>382</y4>
    </bndbox>
  </object>
  <object>
    <name>ship</name>
    <pose>Unspecified</pose>
    <truncated>0</truncated>
    <difficult>0</difficult>
    <bndbox>
      <xmin>384</xmin>
      <ymin>433</ymin>
      <xmax>410</xmax>
      <ymax>442</ymax>
      <x1>384</x1>
      <y1>433</y1>
      <x2>384</x2>
      <y2>442</y2>
      <x3>410</x3>
      <y3>442</y3>
      <x4>410</x4>
      <y4>433</y4>
    </bndbox>
  </object>
</annotation>
