<annotation>
  <folder>DATA</folder>
  <filename>000102.png</filename>
  <source>
    <database>Unknown</database>
  </source>
  <size>
    <width>500</width>
    <height>500</height>
    <depth>1</depth>
  </size>
  <segmented>0</segmented>
  <object>
    <name>ship</name>
    <pose>Unspecified</pose>
    <truncated>0</truncated>
    <difficult>0</difficult>
    <bndbox>
      <xmin>94</xmin>
      <ymin>20</ymin>
      <xmax>104</xmax>
      <ymax>35</ymax>
      <x1>94</x1>
      <y1>20</y1>
      <x2>94</x2>
      <y2>35</y2>
      <x3>104</x3>
      <y3>35</y3>
      <x4>104</x4>
      <y4>20</y4>
    </bndbox>
  </object>
  <object>
    <name>ship</name>
    <pose>Unspecified</pose>
    <truncated>0</truncated>
    <difficult>0</difficult>
    <bndbox>
      <xmin>92</xmin>
      <ymin>93</ymin>
      <xmax>112</xmax>
      <ymax>107</ymax>
      <x1>92</x1>
      <y1>93</y1>
      <x2>92</x2>
      <y2>107</y2>
      <x3>112</x3>
      <y3>107</y3>
      <x4>112</x4>
      <y4>93</y4>
    </bndbox>
  </object>
  <object>
    <name>ship</name>
    <pose>Unspecified</pose>
    <truncated>0</truncated>
    <difficult>0</difficult>
    <bndbox>
      <xmin>114</xmin>
      <ymin>132</ymin>
      <xmax>135</xmax>
      <ymax>145</ymax>
      <x1>114</x1>
      <y1>132</y1>
      <x2>114</x2>
      <y2>145</y2>
      <x3>135</x3>
      <y3>145</y3>
      <x4>135</x4>
      <y4>132</y4>
    </bndbox>
  </object>
  <object>
    <name>ship</name>
    <pose>Unspecified</pose>
    <truncated>0</truncated>
    <difficult>0</difficult>
    <bndbox>
      <xmin>191</xmin>
      <ymin>135</ymin>
      <xmax>211</xmax>
      <ymax>149</ymax>
      <x1>191</x1>
      <y1>135</y1>
      <x2>191</x2>
      <y2>149</y2>
      <x3>211</x3>
      <y3>149</y3>
      <x4>211</x4>
      <y4>135</y4>
    </bndbox>
  </object>
  <object>
    <name>ship</name>
    <pose>Unspecified</pose>
    <truncated>0</truncated>
    <difficult>0</difficult>
    <bndbox>
      <xmin>172</xmin>
      <ymin>77</ymin>
      <xmax>185</xmax>
      <ymax>88</ymax>
      <x1>172</x1>
      <y1>77</y1>
      <x2>172</x2>
      <y2>88</y2>
      <x3>185</x3>
      <y3>88</y3>
      <x4>185</x4>
      <y4>77</y4>
    </bndbox>
  </object>
  <object>
    <name>ship</name>
    <pose>Unspecified</pose>
    <truncated>0</truncated>
    <difficult>0</difficult>
    <bndbox>
      <xmin>198</xmin>
      <ymin>25</ymin>
      <xmax>209</xmax>
      <ymax>34</ymax>
      <x1>198</x1>
      <y1>25</y1>
      <x2>198</x2>
      <y2>34</y2>
      <x3>209</x3>
      <y3>34</y3>
      <x4>209</x4>
      <y4>25</y4>
    </bndbox>
  </object>
  <object>
    <name>ship</name>
    <pose>Unspecified</pose>
    <truncated>0</truncated>
    <difficult>0</difficult>
    <bndbox>
      <xmin>392</xmin>
      <ymin>126</ymin>
      <xmax>409</xmax>
      <ymax>138</ymax>
      <x1>392</x1>
      <y1>126</y1>
      <x2>392</x2>
      <y2>138</y2>
      <x3>409</x3>
      <y3>138</y3>
      <x4>409</x4>
      <y4>126</y4>
    </bndbox>
  </object>
  <object>
    <name>ship</name>
    <pose>Unspecified</pose>
    <truncated>0</truncated>
    <difficult>0</difficult>
    <bndbox>
      <xmin>362</xmin>
      <ymin>190</ymin>
      <xmax>383</xmax>
      <ymax>201</ymax>
      <x1>362</x1>
      <y1>190</y1>
      <x2>362</x2>
      <y2>201</y2>
      <x3>383</x3>
      <y3>201</y3>
      <x4>383</x4>
      <y4>190</y4>
    </bndbox>
  </object>
</annotation>
