<annotation>
  <folder>DATA</folder>
  <filename>000132.png</filename>
  <source>
    <database>Unknown</database>
  </source>
  <size>
    <width>500</width>
    <height>500</height>
    <depth>1</depth>
  </size>
  <segmented>0</segmented>
  <object>
    <name>ship</name>
    <pose>Unspecified</pose>
    <truncated>0</truncated>
    <difficult>0</difficult>
    <bndbox>
      <xmin>66</xmin>
      <ymin>400</ymin>
      <xmax>90</xmax>
      <ymax>410</ymax>
      <x1>66</x1>
      <y1>400</y1>
      <x2>66</x2>
      <y2>410</y2>
      <x3>90</x3>
      <y3>410</y3>
      <x4>90</x4>
      <y4>400</y4>
    </bndbox>
  </object>
  <object>
    <name>ship</name>
    <pose>Unspecified</pose>
    <truncated>0</truncated>
    <difficult>0</difficult>
    <bndbox>
      <xmin>315</xmin>
      <ymin>60</ymin>
      <xmax>332</xmax>
      <ymax>71</ymax>
      <x1>315</x1>
      <y1>60</y1>
      <x2>315</x2>
      <y2>71</y2>
      <x3>332</x3>
      <y3>71</y3>
      <x4>332</x4>
      <y4>60</y4>
    </bndbox>
  </object>
</annotation>
