<annotation>
  <folder>DATA</folder>
  <filename>000122.png</filename>
  <source>
    <database>Unknown</database>
  </source>
  <size>
    <width>500</width>
    <height>500</height>
    <depth>1</depth>
  </size>
  <segmented>0</segmented>
  <object>
    <name>ship</name>
    <pose>Unspecified</pose>
    <truncated>0</truncated>
    <difficult>0</difficult>
    <bndbox>
      <xmin>95</xmin>
      <ymin>226</ymin>
      <xmax>117</xmax>
      <ymax>237</ymax>
      <x1>95</x1>
      <y1>226</y1>
      <x2>95</x2>
      <y2>237</y2>
      <x3>117</x3>
      <y3>237</y3>
      <x4>117</x4>
      <y4>226</y4>
    </bndbox>
  </object>
  <object>
    <name>ship</name>
    <pose>Unspecified</pose>
    <truncated>0</truncated>
    <difficult>0</difficult>
    <bndbox>
      <xmin>154</xmin>
      <ymin>410</ymin>
      <xmax>168</xmax>
      <ymax>420</ymax>
      <x1>154</x1>
      <y1>410</y1>
      <x2>154</x2>
      <y2>420</y2>
      <x3>168</x3>
      <y3>420</y3>
      <x4>168</x4>
      <y4>410</y4>
    </bndbox>
  </object>
  <object>
    <name>ship</name>
    <pose>Unspecified</pose>
    <truncated>0</truncated>
    <difficult>0</difficult>
    <bndbox>
      <xmin>366</xmin>
      <ymin>320</ymin>
      <xmax>386</xmax>
      <ymax>329</ymax>
      <x1>366</x1>
      <y1>320</y1>
      <x2>366</x2>
      <y2>329</y2>
      <x3>386</x3>
      <y3>329</y3>
      <x4>386</x4>
      <y4>320</y4>
    </bndbox>
  </object>
  <object>
    <name>ship</name>
    <pose>Unspecified</pose>
    <truncated>0</truncated>
    <difficult>0</difficult>
    <bndbox>
      <xmin>424</xmin>
      <ymin>220</ymin>
      <xmax>444</xmax>
      <ymax>231</ymax>
      <x1>424</x1>
      <y1>220</y1>
      <x2>424</x2>
      <y2>231</y2>
      <x3>444</x3>
      <y3>231</y3>
      <x4>444</x4>
      <y4>220</y4>
    </bndbox>
  </object>
</annotation>
