<annotation>
  <folder>DATA</folder>
  <filename>000153.png</filename>
  <source>
    <database>Unknown</database>
  </source>
  <size>
    <width>500</width>
    <height>500</height>
    <depth>1</depth>
  </size>
  <segmented>0</segmented>
  <object>
    <name>ship</name>
    <pose>Unspecified</pose>
    <truncated>0</truncated>
    <difficult>0</difficult>
    <bndbox>
      <xmin>137</xmin>
      <ymin>140</ymin>
      <xmax>174</xmax>
      <ymax>161</ymax>
      <x1>137</x1>
      <y1>140</y1>
      <x2>137</x2>
      <y2>161</y2>
      <x3>174</x3>
      <y3>161</y3>
      <x4>174</x4>
      <y4>140</y4>
    </bndbox>
  </object>
  <object>
    <name>ship</name>
    <pose>Unspecified</pose>
    <truncated>0</truncated>
    <difficult>0</difficult>
    <bndbox>
      <xmin>178</xmin>
      <ymin>428</ymin>
      <xmax>200</xmax>
      <ymax>446</ymax>
      <x1>178</x1>
      <y1>428</y1>
      <x2>178</x2>
      <y2>446</y2>
      <x3>200</x3>
      <y3>446</y3>
      <x4>200</x4>
      <y4>428</y4>
    </bndbox>
  </object>
</annotation>
