<annotation>
  <folder>DATA</folder>
  <filename>000109.png</filename>
  <source>
    <database>Unknown</database>
  </source>
  <size>
    <width>500</width>
    <height>500</height>
    <depth>1</depth>
  </size>
  <segmented>0</segmented>
  <object>
    <name>ship</name>
    <pose>Unspecified</pose>
    <truncated>0</truncated>
    <difficult>0</difficult>
    <bndbox>
      <xmin>18</xmin>
      <ymin>91</ymin>
      <xmax>39</xmax>
      <ymax>108</ymax>
      <x1>18</x1>
      <y1>91</y1>
      <x2>18</x2>
      <y2>108</y2>
      <x3>39</x3>
      <y3>108</y3>
      <x4>39</x4>
      <y4>91</y4>
    </bndbox>
  </object>
  <object>
    <name>ship</name>
    <pose>Unspecified</pose>
    <truncated>0</truncated>
    <difficult>0</difficult>
    <bndbox>
      <xmin>106</xmin>
      <ymin>178</ymin>
      <xmax>125</xmax>
      <ymax>197</ymax>
      <x1>106</x1>
      <y1>178</y1>
      <x2>106</x2>
      <y2>197</y2>
      <x3>125</x3>
      <y3>197</y3>
      <x4>125</x4>
      <y4>178</y4>
    </bndbox>
  </object>
  <object>
    <name>ship</name>
    <pose>Unspecified</pose>
    <truncated>0</truncated>
    <difficult>0</difficult>
    <bndbox>
      <xmin>168</xmin>
      <ymin>199</ymin>
      <xmax>191</xmax>
      <ymax>216</ymax>
      <x1>168</x1>
      <y1>199</y1>
      <x2>168</x2>
      <y2>216</y2>
      <x3>191</x3>
      <y3>216</y3>
      <x4>191</x4>
      <y4>199</y4>
    </bndbox>
  </object>
  <object>
    <name>ship</name>
    <pose>Unspecified</pose>
    <truncated>0</truncated>
    <difficult>0</difficult>
    <bndbox>
      <xmin>132</xmin>
      <ymin>244</ymin>
      <xmax>153</xmax>
      <ymax>257</ymax>
      <x1>132</x1>
      <y1>244</y1>
      <x2>132</x2>
      <y2>257</y2>
      <x3>153</x3>
      <y3>257</y3>
      <x4>153</x4>
      <y4>244</y4>
    </bndbox>
  </object>
  <object>
    <name>ship</name>
    <pose>Unspecified</pose>
    <truncated>0</truncated>
    <difficult>0</difficult>
    <bndbox>
      <xmin>289</xmin>
      <ymin>298</ymin>
      <xmax>309</xmax>
      <ymax>315</ymax>
      <x1>289</x1>
      <y1>298</y1>
      <x2>289</x2>
      <y2>315</y2>
      <x3>309</x3>
      <y3>315</y3>
      <x4>309</x4>
      <y4>298</y4>
    </bndbox>
  </object>
  <object>
    <name>ship</name>
    <pose>Unspecified</pose>
    <truncated>0</truncated>
    <difficult>0</difficult>
    <bndbox>
      <xmin>421</xmin>
      <ymin>290</ymin>
      <xmax>451</xmax>
      <ymax>301</ymax>
      <x1>421</x1>
      <y1>290</y1>
      <x2>421</x2>
      <y2>301</y2>
      <x3>451</x3>
      <y3>301</y3>
      <x4>451</x4>
      <y4>290</y4>
    </bndbox>
  </object>
  <object>
    <name>ship</name>
    <pose>Unspecified</pose>
    <truncated>0</truncated>
    <difficult>0</difficult>
    <bndbox>
      <xmin>381</xmin>
      <ymin>388</ymin>
      <xmax>400</xmax>
      <ymax>399</ymax>
      <x1>381</x1>
      <y1>388</y1>
      <x2>381</x2>
      <y2>399</y2>
      <x3>400</x3>
      <y3>399</y3>
      <x4>400</x4>
      <y4>388</y4>
    </bndbox>
  </object>
</annotation>
