<annotation>
  <folder>DATA</folder>
  <filename>000116.png</filename>
  <source>
    <database>Unknown</database>
  </source>
  <size>
    <width>500</width>
    <height>500</height>
    <depth>1</depth>
  </size>
  <segmented>0</segmented>
  <object>
    <name>ship</name>
    <pose>Unspecified</pose>
    <truncated>0</truncated>
    <difficult>0</difficult>
    <bndbox>
      <xmin>84</xmin>
      <ymin>165</ymin>
      <xmax>96</xmax>
      <ymax>178</ymax>
      <x1>84</x1>
      <y1>165</y1>
      <x2>84</x2>
      <y2>178</y2>
      <x3>96</x3>
      <y3>178</y3>
      <x4>96</x4>
      <y4>165</y4>
    </bndbox>
  </object>
  <object>
    <name>ship</name>
    <pose>Unspecified</pose>
    <truncated>0</truncated>
    <difficult>0</difficult>
    <bndbox>
      <xmin>106</xmin>
      <ymin>330</ymin>
      <xmax>117</xmax>
      <ymax>349</ymax>
      <x1>106</x1>
      <y1>330</y1>
      <x2>106</x2>
      <y2>349</y2>
      <x3>117</x3>
      <y3>349</y3>
      <x4>117</x4>
      <y4>330</y4>
    </bndbox>
  </object>
  <object>
    <name>ship</name>
    <pose>Unspecified</pose>
    <truncated>0</truncated>
    <difficult>0</difficult>
    <bndbox>
      <xmin>266</xmin>
      <ymin>106</ymin>
      <xmax>277</xmax>
      <ymax>123</ymax>
      <x1>266</x1>
      <y1>106</y1>
      <x2>266</x2>
      <y2>123</y2>
      <x3>277</x3>
      <y3>123</y3>
      <x4>277</x4>
      <y4>106</y4>
    </bndbox>
  </object>
  <object>
    <name>ship</name>
    <pose>Unspecified</pose>
    <truncated>0</truncated>
    <difficult>0</difficult>
    <bndbox>
      <xmin>280</xmin>
      <ymin>300</ymin>
      <xmax>291</xmax>
      <ymax>314</ymax>
      <x1>280</x1>
      <y1>300</y1>
      <x2>280</x2>
      <y2>314</y2>
      <x3>291</x3>
      <y3>314</y3>
      <x4>291</x4>
      <y4>300</y4>
    </bndbox>
  </object>
  <object>
    <name>ship</name>
    <pose>Unspecified</pose>
    <truncated>0</truncated>
    <difficult>0</difficult>
    <bndbox>
      <xmin>405</xmin>
      <ymin>272</ymin>
      <xmax>417</xmax>
      <ymax>289</ymax>
      <x1>405</x1>
      <y1>272</y1>
      <x2>405</x2>
      <y2>289</y2>
      <x3>417</x3>
      <y3>289</y3>
      <x4>417</x4>
      <y4>272</y4>
    </bndbox>
  </object>
</annotation>
