<annotation>
  <folder>DATA</folder>
  <filename>000154.png</filename>
  <source>
    <database>Unknown</database>
  </source>
  <size>
    <width>500</width>
    <height>500</height>
    <depth>1</depth>
  </size>
  <segmented>0</segmented>
  <object>
    <name>ship</name>
    <pose>Unspecified</pose>
    <truncated>0</truncated>
    <difficult>0</difficult>
    <bndbox>
      <xmin>115</xmin>
      <ymin>18</ymin>
      <xmax>133</xmax>
      <ymax>27</ymax>
      <x1>115</x1>
      <y1>18</y1>
      <x2>115</x2>
      <y2>27</y2>
      <x3>133</x3>
      <y3>27</y3>
      <x4>133</x4>
      <y4>18</y4>
    </bndbox>
  </object>
  <object>
    <name>ship</name>
    <pose>Unspecified</pose>
    <truncated>0</truncated>
    <difficult>0</difficult>
    <bndbox>
      <xmin>245</xmin>
      <ymin>26</ymin>
      <xmax>264</xmax>
      <ymax>37</ymax>
      <x1>245</x1>
      <y1>26</y1>
      <x2>245</x2>
      <y2>37</y2>
      <x3>264</x3>
      <y3>37</y3>
      <x4>264</x4>
      <y4>26</y4>
    </bndbox>
  </object>
  <object>
    <name>ship</name>
    <pose>Unspecified</pose>
    <truncated>0</truncated>
    <difficult>0</difficult>
    <bndbox>
      <xmin>130</xmin>
      <ymin>132</ymin>
      <xmax>148</xmax>
      <ymax>141</ymax>
      <x1>130</x1>
      <y1>132</y1>
      <x2>130</x2>
      <y2>141</y2>
      <x3>148</x3>
      <y3>141</y3>
      <x4>148</x4>
      <y4>132</y4>
    </bndbox>
  </object>
  <object>
    <name>ship</name>
    <pose>Unspecified</pose>
    <truncated>0</truncated>
    <difficult>0</difficult>
    <bndbox>
      <xmin>8</xmin>
      <ymin>150</ymin>
      <xmax>35</xmax>
      <ymax>159</ymax>
      <x1>8</x1>
      <y1>150</y1>
      <x2>8</x2>
      <y2>159</y2>
      <x3>35</x3>
      <y3>159</y3>
      <x4>35</x4>
      <y4>150</y4>
    </bndbox>
  </object>
  <object>
    <name>ship</name>
    <pose>Unspecified</pose>
    <truncated>0</truncated>
    <difficult>0</difficult>
    <bndbox>
      <xmin>87</xmin>
      <ymin>233</ymin>
      <xmax>100</xmax>
      <ymax>243</ymax>
      <x1>87</x1>
      <y1>233</y1>
      <x2>87</x2>
      <y2>243</y2>
      <x3>100</x3>
      <y3>243</y3>
      <x4>100</x4>
      <y4>233</y4>
    </bndbox>
  </object>
  <object>
    <name>ship</name>
    <pose>Unspecified</pose>
    <truncated>0</truncated>
    <difficult>0</difficult>
    <bndbox>
      <xmin>122</xmin>
      <ymin>322</ymin>
      <xmax>151</xmax>
      <ymax>332</ymax>
      <x1>122</x1>
      <y1>322</y1>
      <x2>122</x2>
      <y2>332</y2>
      <x3>151</x3>
      <y3>332</y3>
      <x4>151</x4>
      <y4>322</y4>
    </bndbox>
  </object>
  <object>
    <name>ship</name>
    <pose>Unspecified</pose>
    <truncated>0</truncated>
    <difficult>0</difficult>
    <bndbox>
      <xmin>44</xmin>
      <ymin>427</ymin>
      <xmax>66</xmax>
      <ymax>437</ymax>
      <x1>44</x1>
      <y1>427</y1>
      <x2>44</x2>
      <y2>437</y2>
      <x3>66</x3>
      <y3>437</y3>
      <x4>66</x4>
      <y4>427</y4>
    </bndbox>
  </object>
  <object>
    <name>ship</name>
    <pose>Unspecified</pose>
    <truncated>0</truncated>
    <difficult>0</difficult>
    <bndbox>
      <xmin>199</xmin>
      <ymin>423</ymin>
      <xmax>215</xmax>
      <ymax>432</ymax>
      <x1>199</x1>
      <y1>423</y1>
      <x2>199</x2>
      <y2>432</y2>
      <x3>215</x3>
      <y3>432</y3>
      <x4>215</x4>
      <y4>423</y4>
    </bndbox>
  </object>
  <object>
    <name>ship</name>
    <pose>Unspecified</pose>
    <truncated>0</truncated>
    <difficult>0</difficult>
    <bndbox>
      <xmin>218</xmin>
      <ymin>210</ymin>
      <xmax>248</xmax>
      <ymax>220</ymax>
      <x1>218</x1>
      <y1>210</y1>
      <x2>218</x2>
      <y2>220</y2>
      <x3>248</x3>
      <y3>220</y3>
      <x4>248</x4>
      <y4>210</y4>
    </bndbox>
  </object>
  <object>
    <name>ship</name>
    <pose>Unspecified</pose>
    <truncated>0</truncated>
    <difficult>0</difficult>
    <bndbox>
      <xmin>291</xmin>
      <ymin>136</ymin>
      <xmax>307</xmax>
      <ymax>145</ymax>
      <x1>291</x1>
      <y1>136</y1>
      <x2>291</x2>
      <y2>145</y2>
      <x3>307</x3>
      <y3>145</y3>
      <x4>307</x4>
      <y4>136</y4>
    </bndbox>
  </object>
  <object>
    <name>ship</name>
    <pose>Unspecified</pose>
    <truncated>0</truncated>
    <difficult>0</difficult>
    <bndbox>
      <xmin>353</xmin>
      <ymin>227</ymin>
      <xmax>370</xmax>
      <ymax>237</ymax>
      <x1>353</x1>
      <y1>227</y1>
      <x2>353</x2>
      <y2>237</y2>
      <x3>370</x3>
      <y3>237</y3>
      <x4>370</x4>
      <y4>227</y4>
    </bndbox>
  </object>
  <object>
    <name>ship</name>
    <pose>Unspecified</pose>
    <truncated>0</truncated>
    <difficult>0</difficult>
    <bndbox>
      <xmin>299</xmin>
      <ymin>344</ymin>
      <xmax>324</xmax>
      <ymax>354</ymax>
      <x1>299</x1>
      <y1>344</y1>
      <x2>299</x2>
      <y2>354</y2>
      <x3>324</x3>
      <y3>354</y3>
      <x4>324</x4>
      <y4>344</y4>
    </bndbox>
  </object>
  <object>
    <name>ship</name>
    <pose>Unspecified</pose>
    <truncated>0</truncated>
    <difficult>0</difficult>
    <bndbox>
      <xmin>326</xmin>
      <ymin>441</ymin>
      <xmax>342</xmax>
      <ymax>452</ymax>
      <x1>326</x1>
      <y1>441</y1>
      <x2>326</x2>
      <y2>452</y2>
      <x3>342</x3>
      <y3>452</y3>
      <x4>342</x4>
      <y4>441</y4>
    </bndbox>
  </object>
  <object>
    <name>ship</name>
    <pose>Unspecified</pose>
    <truncated>0</truncated>
    <difficult>0</difficult>
    <bndbox>
      <xmin>475</xmin>
      <ymin>301</ymin>
      <xmax>494</xmax>
      <ymax>306</ymax>
      <x1>475</x1>
      <y1>301</y1>
      <x2>475</x2>
      <y2>306</y2>
      <x3>494</x3>
      <y3>306</y3>
      <x4>494</x4>
      <y4>301</y4>
    </bndbox>
  </object>
</annotation>
