<annotation>
  <folder>DATA</folder>
  <filename>000118.png</filename>
  <source>
    <database>Unknown</database>
  </source>
  <size>
    <width>500</width>
    <height>500</height>
    <depth>1</depth>
  </size>
  <segmented>0</segmented>
  <object>
    <name>ship</name>
    <pose>Unspecified</pose>
    <truncated>0</truncated>
    <difficult>0</difficult>
    <bndbox>
      <xmin>222</xmin>
      <ymin>196</ymin>
      <xmax>236</xmax>
      <ymax>208</ymax>
      <x1>222</x1>
      <y1>196</y1>
      <x2>222</x2>
      <y2>208</y2>
      <x3>236</x3>
      <y3>208</y3>
      <x4>236</x4>
      <y4>196</y4>
    </bndbox>
  </object>
</annotation>
