<annotation>
  <folder>DATA</folder>
  <filename>000162.png</filename>
  <source>
    <database>Unknown</database>
  </source>
  <size>
    <width>500</width>
    <height>500</height>
    <depth>1</depth>
  </size>
  <segmented>0</segmented>
  <object>
    <name>ship</name>
    <pose>Unspecified</pose>
    <truncated>0</truncated>
    <difficult>1</difficult>
    <bndbox>
      <xmin>251</xmin>
      <ymin>204</ymin>
      <xmax>265</xmax>
      <ymax>210</ymax>
      <x1>251</x1>
      <y1>204</y1>
      <x2>251</x2>
      <y2>210</y2>
      <x3>265</x3>
      <y3>210</y3>
      <x4>265</x4>
      <y4>204</y4>
    </bndbox>
  </object>
  <object>
    <name>ship</name>
    <pose>Unspecified</pose>
    <truncated>0</truncated>
    <difficult>0</difficult>
    <bndbox>
      <xmin>195</xmin>
      <ymin>389</ymin>
      <xmax>223</xmax>
      <ymax>399</ymax>
      <x1>195</x1>
      <y1>389</y1>
      <x2>195</x2>
      <y2>399</y2>
      <x3>223</x3>
      <y3>399</y3>
      <x4>223</x4>
      <y4>389</y4>
    </bndbox>
  </object>
</annotation>
