<annotation>
  <folder>DATA</folder>
  <filename>000167.png</filename>
  <source>
    <database>Unknown</database>
  </source>
  <size>
    <width>500</width>
    <height>500</height>
    <depth>1</depth>
  </size>
  <segmented>0</segmented>
  <object>
    <name>ship</name>
    <pose>Unspecified</pose>
    <truncated>0</truncated>
    <difficult>0</difficult>
    <bndbox>
      <xmin>7</xmin>
      <ymin>64</ymin>
      <xmax>28</xmax>
      <ymax>71</ymax>
      <x1>7</x1>
      <y1>64</y1>
      <x2>7</x2>
      <y2>71</y2>
      <x3>28</x3>
      <y3>71</y3>
      <x4>28</x4>
      <y4>64</y4>
    </bndbox>
  </object>
  <object>
    <name>ship</name>
    <pose>Unspecified</pose>
    <truncated>0</truncated>
    <difficult>0</difficult>
    <bndbox>
      <xmin>115</xmin>
      <ymin>140</ymin>
      <xmax>134</xmax>
      <ymax>150</ymax>
      <x1>115</x1>
      <y1>140</y1>
      <x2>115</x2>
      <y2>150</y2>
      <x3>134</x3>
      <y3>150</y3>
      <x4>134</x4>
      <y4>140</y4>
    </bndbox>
  </object>
  <object>
    <name>ship</name>
    <pose>Unspecified</pose>
    <truncated>0</truncated>
    <difficult>0</difficult>
    <bndbox>
      <xmin>59</xmin>
      <ymin>266</ymin>
      <xmax>78</xmax>
      <ymax>273</ymax>
      <x1>59</x1>
      <y1>266</y1>
      <x2>59</x2>
      <y2>273</y2>
      <x3>78</x3>
      <y3>273</y3>
      <x4>78</x4>
      <y4>266</y4>
    </bndbox>
  </object>
  <object>
    <name>ship</name>
    <pose>Unspecified</pose>
    <truncated>0</truncated>
    <difficult>0</difficult>
    <bndbox>
      <xmin>91</xmin>
      <ymin>388</ymin>
      <xmax>110</xmax>
      <ymax>396</ymax>
      <x1>91</x1>
      <y1>388</y1>
      <x2>91</x2>
      <y2>396</y2>
      <x3>110</x3>
      <y3>396</y3>
      <x4>110</x4>
      <y4>388</y4>
    </bndbox>
  </object>
  <object>
    <name>ship</name>
    <pose>Unspecified</pose>
    <truncated>0</truncated>
    <difficult>0</difficult>
    <bndbox>
      <xmin>234</xmin>
      <ymin>137</ymin>
      <xmax>252</xmax>
      <ymax>148</ymax>
      <x1>234</x1>
      <y1>137</y1>
      <x2>234</x2>
      <y2>148</y2>
      <x3>252</x3>
      <y3>148</y3>
      <x4>252</x4>
      <y4>137</y4>
    </bndbox>
  </object>
  <object>
    <name>ship</name>
    <pose>Unspecified</pose>
    <truncated>0</truncated>
    <difficult>0</difficult>
    <bndbox>
      <xmin>190</xmin>
      <ymin>266</ymin>
      <xmax>205</xmax>
      <ymax>277</ymax>
      <x1>190</x1>
      <y1>266</y1>
      <x2>190</x2>
      <y2>277</y2>
      <x3>205</x3>
      <y3>277</y3>
      <x4>205</x4>
      <y4>266</y4>
    </bndbox>
  </object>
  <object>
    <name>ship</name>
    <pose>Unspecified</pose>
    <truncated>0</truncated>
    <difficult>0</difficult>
    <bndbox>
      <xmin>228</xmin>
      <ymin>384</ymin>
      <xmax>246</xmax>
      <ymax>394</ymax>
      <x1>228</x1>
      <y1>384</y1>
      <x2>228</x2>
      <y2>394</y2>
      <x3>246</x3>
      <y3>394</y3>
      <x4>246</x4>
      <y4>384</y4>
    </bndbox>
  </object>
  <object>
    <name>ship</name>
    <pose>Unspecified</pose>
    <truncated>0</truncated>
    <difficult>0</difficult>
    <bndbox>
      <xmin>347</xmin>
      <ymin>317</ymin>
      <xmax>369</xmax>
      <ymax>326</ymax>
      <x1>347</x1>
      <y1>317</y1>
      <x2>347</x2>
      <y2>326</y2>
      <x3>369</x3>
      <y3>326</y3>
      <x4>369</x4>
      <y4>317</y4>
    </bndbox>
  </object>
  <object>
    <name>ship</name>
    <pose>Unspecified</pose>
    <truncated>0</truncated>
    <difficult>0</difficult>
    <bndbox>
      <xmin>460</xmin>
      <ymin>266</ymin>
      <xmax>481</xmax>
      <ymax>273</ymax>
      <x1>460</x1>
      <y1>266</y1>
      <x2>460</x2>
      <y2>273</y2>
      <x3>481</x3>
      <y3>273</y3>
      <x4>481</x4>
      <y4>266</y4>
    </bndbox>
  </object>
  <object>
    <name>ship</name>
    <pose>Unspecified</pose>
    <truncated>0</truncated>
    <difficult>0</difficult>
    <bndbox>
      <xmin>438</xmin>
      <ymin>392</ymin>
      <xmax>456</xmax>
      <ymax>400</ymax>
      <x1>438</x1>
      <y1>392</y1>
      <x2>438</x2>
      <y2>400</y2>
      <x3>456</x3>
      <y3>400</y3>
      <x4>456</x4>
      <y4>392</y4>
    </bndbox>
  </object>
  <object>
    <name>ship</name>
    <pose>Unspecified</pose>
    <truncated>0</truncated>
    <difficult>0</difficult>
    <bndbox>
      <xmin>337</xmin>
      <ymin>51</ymin>
      <xmax>356</xmax>
      <ymax>61</ymax>
      <x1>337</x1>
      <y1>51</y1>
      <x2>337</x2>
      <y2>61</y2>
      <x3>356</x3>
      <y3>61</y3>
      <x4>356</x4>
      <y4>51</y4>
    </bndbox>
  </object>
</annotation>
