<annotation>
  <folder>DATA</folder>
  <filename>000199.png</filename>
  <source>
    <database>Unknown</database>
  </source>
  <size>
    <width>500</width>
    <height>500</height>
    <depth>1</depth>
  </size>
  <segmented>0</segmented>
  <object>
    <name>ship</name>
    <pose>Unspecified</pose>
    <truncated>0</truncated>
    <difficult>0</difficult>
    <bndbox>
      <xmin>184</xmin>
      <ymin>162</ymin>
      <xmax>214</xmax>
      <ymax>177</ymax>
      <x1>184</x1>
      <y1>162</y1>
      <x2>184</x2>
      <y2>177</y2>
      <x3>214</x3>
      <y3>177</y3>
      <x4>214</x4>
      <y4>162</y4>
    </bndbox>
  </object>
</annotation>
