<annotation>
  <folder>DATA</folder>
  <filename>000170.png</filename>
  <source>
    <database>Unknown</database>
  </source>
  <size>
    <width>500</width>
    <height>500</height>
    <depth>1</depth>
  </size>
  <segmented>0</segmented>
  <object>
    <name>ship</name>
    <pose>Unspecified</pose>
    <truncated>0</truncated>
    <difficult>0</difficult>
    <bndbox>
      <xmin>226</xmin>
      <ymin>239</ymin>
      <xmax>245</xmax>
      <ymax>251</ymax>
      <x1>226</x1>
      <y1>239</y1>
      <x2>226</x2>
      <y2>251</y2>
      <x3>245</x3>
      <y3>251</y3>
      <x4>245</x4>
      <y4>239</y4>
    </bndbox>
  </object>
  <object>
    <name>ship</name>
    <pose>Unspecified</pose>
    <truncated>0</truncated>
    <difficult>1</difficult>
    <bndbox>
      <xmin>423</xmin>
      <ymin>358</ymin>
      <xmax>431</xmax>
      <ymax>372</ymax>
      <x1>423</x1>
      <y1>358</y1>
      <x2>423</x2>
      <y2>372</y2>
      <x3>431</x3>
      <y3>372</y3>
      <x4>431</x4>
      <y4>358</y4>
    </bndbox>
  </object>
</annotation>
