<annotation>
  <folder>DATA</folder>
  <filename>000190.png</filename>
  <source>
    <database>Unknown</database>
  </source>
  <size>
    <width>500</width>
    <height>500</height>
    <depth>1</depth>
  </size>
  <segmented>0</segmented>
  <object>
    <name>ship</name>
    <pose>Unspecified</pose>
    <truncated>0</truncated>
    <difficult>0</difficult>
    <bndbox>
      <xmin>256</xmin>
      <ymin>164</ymin>
      <xmax>285</xmax>
      <ymax>220</ymax>
      <x1>256</x1>
      <y1>164</y1>
      <x2>256</x2>
      <y2>220</y2>
      <x3>285</x3>
      <y3>220</y3>
      <x4>285</x4>
      <y4>164</y4>
    </bndbox>
  </object>
</annotation>
