<annotation>
  <folder>DATA</folder>
  <filename>000196.png</filename>
  <source>
    <database>Unknown</database>
  </source>
  <size>
    <width>500</width>
    <height>500</height>
    <depth>1</depth>
  </size>
  <segmented>0</segmented>
  <object>
    <name>ship</name>
    <pose>Unspecified</pose>
    <truncated>0</truncated>
    <difficult>0</difficult>
    <bndbox>
      <xmin>194</xmin>
      <ymin>245</ymin>
      <xmax>209</xmax>
      <ymax>262</ymax>
      <x1>194</x1>
      <y1>245</y1>
      <x2>194</x2>
      <y2>262</y2>
      <x3>209</x3>
      <y3>262</y3>
      <x4>209</x4>
      <y4>245</y4>
    </bndbox>
  </object>
  <object>
    <name>ship</name>
    <pose>Unspecified</pose>
    <truncated>0</truncated>
    <difficult>0</difficult>
    <bndbox>
      <xmin>204</xmin>
      <ymin>226</ymin>
      <xmax>218</xmax>
      <ymax>240</ymax>
      <x1>204</x1>
      <y1>226</y1>
      <x2>204</x2>
      <y2>240</y2>
      <x3>218</x3>
      <y3>240</y3>
      <x4>218</x4>
      <y4>226</y4>
    </bndbox>
  </object>
</annotation>
