<annotation>
  <folder>DATA</folder>
  <filename>000183.png</filename>
  <source>
    <database>Unknown</database>
  </source>
  <size>
    <width>500</width>
    <height>500</height>
    <depth>1</depth>
  </size>
  <segmented>0</segmented>
  <object>
    <name>ship</name>
    <pose>Unspecified</pose>
    <truncated>0</truncated>
    <difficult>0</difficult>
    <bndbox>
      <xmin>404</xmin>
      <ymin>261</ymin>
      <xmax>419</xmax>
      <ymax>289</ymax>
      <x1>404</x1>
      <y1>261</y1>
      <x2>404</x2>
      <y2>289</y2>
      <x3>419</x3>
      <y3>289</y3>
      <x4>419</x4>
      <y4>261</y4>
    </bndbox>
  </object>
</annotation>
