<annotation>
  <folder>DATA</folder>
  <filename>000185.png</filename>
  <source>
    <database>Unknown</database>
  </source>
  <size>
    <width>500</width>
    <height>500</height>
    <depth>1</depth>
  </size>
  <segmented>0</segmented>
  <object>
    <name>ship</name>
    <pose>Unspecified</pose>
    <truncated>0</truncated>
    <difficult>0</difficult>
    <bndbox>
      <xmin>268</xmin>
      <ymin>285</ymin>
      <xmax>285</xmax>
      <ymax>293</ymax>
      <x1>268</x1>
      <y1>285</y1>
      <x2>268</x2>
      <y2>293</y2>
      <x3>285</x3>
      <y3>293</y3>
      <x4>285</x4>
      <y4>285</y4>
    </bndbox>
  </object>
</annotation>
