<annotation>
  <folder>DATA</folder>
  <filename>000145.png</filename>
  <source>
    <database>Unknown</database>
  </source>
  <size>
    <width>500</width>
    <height>500</height>
    <depth>1</depth>
  </size>
  <segmented>0</segmented>
  <object>
    <name>ship</name>
    <pose>Unspecified</pose>
    <truncated>0</truncated>
    <difficult>0</difficult>
    <bndbox>
      <xmin>93</xmin>
      <ymin>366</ymin>
      <xmax>114</xmax>
      <ymax>382</ymax>
      <x1>93</x1>
      <y1>366</y1>
      <x2>93</x2>
      <y2>382</y2>
      <x3>114</x3>
      <y3>382</y3>
      <x4>114</x4>
      <y4>366</y4>
    </bndbox>
  </object>
  <object>
    <name>ship</name>
    <pose>Unspecified</pose>
    <truncated>0</truncated>
    <difficult>0</difficult>
    <bndbox>
      <xmin>222</xmin>
      <ymin>322</ymin>
      <xmax>237</xmax>
      <ymax>330</ymax>
      <x1>222</x1>
      <y1>322</y1>
      <x2>222</x2>
      <y2>330</y2>
      <x3>237</x3>
      <y3>330</y3>
      <x4>237</x4>
      <y4>322</y4>
    </bndbox>
  </object>
  <object>
    <name>ship</name>
    <pose>Unspecified</pose>
    <truncated>0</truncated>
    <difficult>0</difficult>
    <bndbox>
      <xmin>443</xmin>
      <ymin>258</ymin>
      <xmax>469</xmax>
      <ymax>276</ymax>
      <x1>443</x1>
      <y1>258</y1>
      <x2>443</x2>
      <y2>276</y2>
      <x3>469</x3>
      <y3>276</y3>
      <x4>469</x4>
      <y4>258</y4>
    </bndbox>
  </object>
  <object>
    <name>ship</name>
    <pose>Unspecified</pose>
    <truncated>0</truncated>
    <difficult>0</difficult>
    <bndbox>
      <xmin>475</xmin>
      <ymin>237</ymin>
      <xmax>498</xmax>
      <ymax>254</ymax>
      <x1>475</x1>
      <y1>237</y1>
      <x2>475</x2>
      <y2>254</y2>
      <x3>498</x3>
      <y3>254</y3>
      <x4>498</x4>
      <y4>237</y4>
    </bndbox>
  </object>
  <object>
    <name>ship</name>
    <pose>Unspecified</pose>
    <truncated>0</truncated>
    <difficult>0</difficult>
    <bndbox>
      <xmin>187</xmin>
      <ymin>229</ymin>
      <xmax>195</xmax>
      <ymax>257</ymax>
      <x1>187</x1>
      <y1>229</y1>
      <x2>187</x2>
      <y2>257</y2>
      <x3>195</x3>
      <y3>257</y3>
      <x4>195</x4>
      <y4>229</y4>
    </bndbox>
  </object>
  <object>
    <name>ship</name>
    <pose>Unspecified</pose>
    <truncated>0</truncated>
    <difficult>1</difficult>
    <bndbox>
      <xmin>166</xmin>
      <ymin>289</ymin>
      <xmax>189</xmax>
      <ymax>301</ymax>
      <x1>166</x1>
      <y1>289</y1>
      <x2>166</x2>
      <y2>301</y2>
      <x3>189</x3>
      <y3>301</y3>
      <x4>189</x4>
      <y4>289</y4>
    </bndbox>
  </object>
  <object>
    <name>ship</name>
    <pose>Unspecified</pose>
    <truncated>0</truncated>
    <difficult>1</difficult>
    <bndbox>
      <xmin>142</xmin>
      <ymin>300</ymin>
      <xmax>161</xmax>
      <ymax>310</ymax>
      <x1>142</x1>
      <y1>300</y1>
      <x2>142</x2>
      <y2>310</y2>
      <x3>161</x3>
      <y3>310</y3>
      <x4>161</x4>
      <y4>300</y4>
    </bndbox>
  </object>
  <object>
    <name>ship</name>
    <pose>Unspecified</pose>
    <truncated>0</truncated>
    <difficult>1</difficult>
    <bndbox>
      <xmin>118</xmin>
      <ymin>309</ymin>
      <xmax>137</xmax>
      <ymax>319</ymax>
      <x1>118</x1>
      <y1>309</y1>
      <x2>118</x2>
      <y2>319</y2>
      <x3>137</x3>
      <y3>319</y3>
      <x4>137</x4>
      <y4>309</y4>
    </bndbox>
  </object>
</annotation>
