<annotation>
  <folder>DATA</folder>
  <filename>000180.png</filename>
  <source>
    <database>Unknown</database>
  </source>
  <size>
    <width>500</width>
    <height>500</height>
    <depth>1</depth>
  </size>
  <segmented>0</segmented>
  <object>
    <name>ship</name>
    <pose>Unspecified</pose>
    <truncated>0</truncated>
    <difficult>0</difficult>
    <bndbox>
      <xmin>203</xmin>
      <ymin>94</ymin>
      <xmax>223</xmax>
      <ymax>121</ymax>
      <x1>203</x1>
      <y1>94</y1>
      <x2>203</x2>
      <y2>121</y2>
      <x3>223</x3>
      <y3>121</y3>
      <x4>223</x4>
      <y4>94</y4>
    </bndbox>
  </object>
</annotation>
