<annotation>
  <folder>DATA</folder>
  <filename>000155.png</filename>
  <source>
    <database>Unknown</database>
  </source>
  <size>
    <width>500</width>
    <height>500</height>
    <depth>1</depth>
  </size>
  <segmented>0</segmented>
  <object>
    <name>ship</name>
    <pose>Unspecified</pose>
    <truncated>0</truncated>
    <difficult>0</difficult>
    <bndbox>
      <xmin>184</xmin>
      <ymin>38</ymin>
      <xmax>212</xmax>
      <ymax>48</ymax>
      <x1>184</x1>
      <y1>38</y1>
      <x2>184</x2>
      <y2>48</y2>
      <x3>212</x3>
      <y3>48</y3>
      <x4>212</x4>
      <y4>38</y4>
    </bndbox>
  </object>
  <object>
    <name>ship</name>
    <pose>Unspecified</pose>
    <truncated>0</truncated>
    <difficult>0</difficult>
    <bndbox>
      <xmin>366</xmin>
      <ymin>86</ymin>
      <xmax>382</xmax>
      <ymax>93</ymax>
      <x1>366</x1>
      <y1>86</y1>
      <x2>366</x2>
      <y2>93</y2>
      <x3>382</x3>
      <y3>93</y3>
      <x4>382</x4>
      <y4>86</y4>
    </bndbox>
  </object>
  <object>
    <name>ship</name>
    <pose>Unspecified</pose>
    <truncated>0</truncated>
    <difficult>0</difficult>
    <bndbox>
      <xmin>48</xmin>
      <ymin>120</ymin>
      <xmax>76</xmax>
      <ymax>128</ymax>
      <x1>48</x1>
      <y1>120</y1>
      <x2>48</x2>
      <y2>128</y2>
      <x3>76</x3>
      <y3>128</y3>
      <x4>76</x4>
      <y4>120</y4>
    </bndbox>
  </object>
  <object>
    <name>ship</name>
    <pose>Unspecified</pose>
    <truncated>0</truncated>
    <difficult>0</difficult>
    <bndbox>
      <xmin>254</xmin>
      <ymin>197</ymin>
      <xmax>272</xmax>
      <ymax>205</ymax>
      <x1>254</x1>
      <y1>197</y1>
      <x2>254</x2>
      <y2>205</y2>
      <x3>272</x3>
      <y3>205</y3>
      <x4>272</x4>
      <y4>197</y4>
    </bndbox>
  </object>
  <object>
    <name>ship</name>
    <pose>Unspecified</pose>
    <truncated>0</truncated>
    <difficult>0</difficult>
    <bndbox>
      <xmin>78</xmin>
      <ymin>252</ymin>
      <xmax>109</xmax>
      <ymax>264</ymax>
      <x1>78</x1>
      <y1>252</y1>
      <x2>78</x2>
      <y2>264</y2>
      <x3>109</x3>
      <y3>264</y3>
      <x4>109</x4>
      <y4>252</y4>
    </bndbox>
  </object>
  <object>
    <name>ship</name>
    <pose>Unspecified</pose>
    <truncated>0</truncated>
    <difficult>0</difficult>
    <bndbox>
      <xmin>208</xmin>
      <ymin>293</ymin>
      <xmax>230</xmax>
      <ymax>300</ymax>
      <x1>208</x1>
      <y1>293</y1>
      <x2>208</x2>
      <y2>300</y2>
      <x3>230</x3>
      <y3>300</y3>
      <x4>230</x4>
      <y4>293</y4>
    </bndbox>
  </object>
  <object>
    <name>ship</name>
    <pose>Unspecified</pose>
    <truncated>0</truncated>
    <difficult>0</difficult>
    <bndbox>
      <xmin>363</xmin>
      <ymin>302</ymin>
      <xmax>386</xmax>
      <ymax>308</ymax>
      <x1>363</x1>
      <y1>302</y1>
      <x2>363</x2>
      <y2>308</y2>
      <x3>386</x3>
      <y3>308</y3>
      <x4>386</x4>
      <y4>302</y4>
    </bndbox>
  </object>
  <object>
    <name>ship</name>
    <pose>Unspecified</pose>
    <truncated>0</truncated>
    <difficult>0</difficult>
    <bndbox>
      <xmin>162</xmin>
      <ymin>389</ymin>
      <xmax>183</xmax>
      <ymax>398</ymax>
      <x1>162</x1>
      <y1>389</y1>
      <x2>162</x2>
      <y2>398</y2>
      <x3>183</x3>
      <y3>398</y3>
      <x4>183</x4>
      <y4>389</y4>
    </bndbox>
  </object>
  <object>
    <name>ship</name>
    <pose>Unspecified</pose>
    <truncated>0</truncated>
    <difficult>0</difficult>
    <bndbox>
      <xmin>25</xmin>
      <ymin>402</ymin>
      <xmax>52</xmax>
      <ymax>412</ymax>
      <x1>25</x1>
      <y1>402</y1>
      <x2>25</x2>
      <y2>412</y2>
      <x3>52</x3>
      <y3>412</y3>
      <x4>52</x4>
      <y4>402</y4>
    </bndbox>
  </object>
  <object>
    <name>ship</name>
    <pose>Unspecified</pose>
    <truncated>0</truncated>
    <difficult>0</difficult>
    <bndbox>
      <xmin>335</xmin>
      <ymin>435</ymin>
      <xmax>364</xmax>
      <ymax>444</ymax>
      <x1>335</x1>
      <y1>435</y1>
      <x2>335</x2>
      <y2>444</y2>
      <x3>364</x3>
      <y3>444</y3>
      <x4>364</x4>
      <y4>435</y4>
    </bndbox>
  </object>
</annotation>
