<annotation>
  <folder>DATA</folder>
  <filename>000125.png</filename>
  <source>
    <database>Unknown</database>
  </source>
  <size>
    <width>500</width>
    <height>500</height>
    <depth>1</depth>
  </size>
  <segmented>0</segmented>
  <object>
    <name>ship</name>
    <pose>Unspecified</pose>
    <truncated>0</truncated>
    <difficult>0</difficult>
    <bndbox>
      <xmin>363</xmin>
      <ymin>56</ymin>
      <xmax>375</xmax>
      <ymax>73</ymax>
      <x1>363</x1>
      <y1>56</y1>
      <x2>363</x2>
      <y2>73</y2>
      <x3>375</x3>
      <y3>73</y3>
      <x4>375</x4>
      <y4>56</y4>
    </bndbox>
  </object>
  <object>
    <name>ship</name>
    <pose>Unspecified</pose>
    <truncated>0</truncated>
    <difficult>0</difficult>
    <bndbox>
      <xmin>237</xmin>
      <ymin>221</ymin>
      <xmax>248</xmax>
      <ymax>238</ymax>
      <x1>237</x1>
      <y1>221</y1>
      <x2>237</x2>
      <y2>238</y2>
      <x3>248</x3>
      <y3>238</y3>
      <x4>248</x4>
      <y4>221</y4>
    </bndbox>
  </object>
  <object>
    <name>ship</name>
    <pose>Unspecified</pose>
    <truncated>0</truncated>
    <difficult>0</difficult>
    <bndbox>
      <xmin>54</xmin>
      <ymin>277</ymin>
      <xmax>66</xmax>
      <ymax>293</ymax>
      <x1>54</x1>
      <y1>277</y1>
      <x2>54</x2>
      <y2>293</y2>
      <x3>66</x3>
      <y3>293</y3>
      <x4>66</x4>
      <y4>277</y4>
    </bndbox>
  </object>
  <object>
    <name>ship</name>
    <pose>Unspecified</pose>
    <truncated>0</truncated>
    <difficult>0</difficult>
    <bndbox>
      <xmin>72</xmin>
      <ymin>444</ymin>
      <xmax>87</xmax>
      <ymax>465</ymax>
      <x1>72</x1>
      <y1>444</y1>
      <x2>72</x2>
      <y2>465</y2>
      <x3>87</x3>
      <y3>465</y3>
      <x4>87</x4>
      <y4>444</y4>
    </bndbox>
  </object>
  <object>
    <name>ship</name>
    <pose>Unspecified</pose>
    <truncated>0</truncated>
    <difficult>0</difficult>
    <bndbox>
      <xmin>249</xmin>
      <ymin>413</ymin>
      <xmax>260</xmax>
      <ymax>428</ymax>
      <x1>249</x1>
      <y1>413</y1>
      <x2>249</x2>
      <y2>428</y2>
      <x3>260</x3>
      <y3>428</y3>
      <x4>260</x4>
      <y4>413</y4>
    </bndbox>
  </object>
  <object>
    <name>ship</name>
    <pose>Unspecified</pose>
    <truncated>0</truncated>
    <difficult>0</difficult>
    <bndbox>
      <xmin>374</xmin>
      <ymin>383</ymin>
      <xmax>388</xmax>
      <ymax>403</ymax>
      <x1>374</x1>
      <y1>383</y1>
      <x2>374</x2>
      <y2>403</y2>
      <x3>388</x3>
      <y3>403</y3>
      <x4>388</x4>
      <y4>383</y4>
    </bndbox>
  </object>
</annotation>
