<annotation>
  <folder>DATA</folder>
  <filename>000174.png</filename>
  <source>
    <database>Unknown</database>
  </source>
  <size>
    <width>500</width>
    <height>500</height>
    <depth>1</depth>
  </size>
  <segmented>0</segmented>
  <object>
    <name>ship</name>
    <pose>Unspecified</pose>
    <truncated>0</truncated>
    <difficult>0</difficult>
    <bndbox>
      <xmin>123</xmin>
      <ymin>178</ymin>
      <xmax>146</xmax>
      <ymax>195</ymax>
      <x1>123</x1>
      <y1>178</y1>
      <x2>123</x2>
      <y2>195</y2>
      <x3>146</x3>
      <y3>195</y3>
      <x4>146</x4>
      <y4>178</y4>
    </bndbox>
  </object>
  <object>
    <name>ship</name>
    <pose>Unspecified</pose>
    <truncated>0</truncated>
    <difficult>0</difficult>
    <bndbox>
      <xmin>229</xmin>
      <ymin>38</ymin>
      <xmax>256</xmax>
      <ymax>61</ymax>
      <x1>229</x1>
      <y1>38</y1>
      <x2>229</x2>
      <y2>61</y2>
      <x3>256</x3>
      <y3>61</y3>
      <x4>256</x4>
      <y4>38</y4>
    </bndbox>
  </object>
  <object>
    <name>ship</name>
    <pose>Unspecified</pose>
    <truncated>0</truncated>
    <difficult>0</difficult>
    <bndbox>
      <xmin>365</xmin>
      <ymin>296</ymin>
      <xmax>379</xmax>
      <ymax>324</ymax>
      <x1>365</x1>
      <y1>296</y1>
      <x2>365</x2>
      <y2>324</y2>
      <x3>379</x3>
      <y3>324</y3>
      <x4>379</x4>
      <y4>296</y4>
    </bndbox>
  </object>
</annotation>
