<annotation>
  <folder>DATA</folder>
  <filename>000191.png</filename>
  <source>
    <database>Unknown</database>
  </source>
  <size>
    <width>500</width>
    <height>500</height>
    <depth>1</depth>
  </size>
  <segmented>0</segmented>
  <object>
    <name>ship</name>
    <pose>Unspecified</pose>
    <truncated>0</truncated>
    <difficult>0</difficult>
    <bndbox>
      <xmin>66</xmin>
      <ymin>307</ymin>
      <xmax>75</xmax>
      <ymax>323</ymax>
      <x1>66</x1>
      <y1>307</y1>
      <x2>66</x2>
      <y2>323</y2>
      <x3>75</x3>
      <y3>323</y3>
      <x4>75</x4>
      <y4>307</y4>
    </bndbox>
  </object>
  <object>
    <name>ship</name>
    <pose>Unspecified</pose>
    <truncated>0</truncated>
    <difficult>0</difficult>
    <bndbox>
      <xmin>444</xmin>
      <ymin>155</ymin>
      <xmax>455</xmax>
      <ymax>172</ymax>
      <x1>444</x1>
      <y1>155</y1>
      <x2>444</x2>
      <y2>172</y2>
      <x3>455</x3>
      <y3>172</y3>
      <x4>455</x4>
      <y4>155</y4>
    </bndbox>
  </object>
</annotation>
