<annotation>
  <folder>DATA</folder>
  <filename>000139.png</filename>
  <source>
    <database>Unknown</database>
  </source>
  <size>
    <width>500</width>
    <height>500</height>
    <depth>1</depth>
  </size>
  <segmented>0</segmented>
  <object>
    <name>ship</name>
    <pose>Unspecified</pose>
    <truncated>0</truncated>
    <difficult>0</difficult>
    <bndbox>
      <xmin>233</xmin>
      <ymin>301</ymin>
      <xmax>256</xmax>
      <ymax>320</ymax>
      <x1>233</x1>
      <y1>301</y1>
      <x2>233</x2>
      <y2>320</y2>
      <x3>256</x3>
      <y3>320</y3>
      <x4>256</x4>
      <y4>301</y4>
    </bndbox>
  </object>
</annotation>
