<annotation>
  <folder>DATA</folder>
  <filename>000137.png</filename>
  <source>
    <database>Unknown</database>
  </source>
  <size>
    <width>500</width>
    <height>500</height>
    <depth>1</depth>
  </size>
  <segmented>0</segmented>
  <object>
    <name>ship</name>
    <pose>Unspecified</pose>
    <truncated>0</truncated>
    <difficult>0</difficult>
    <bndbox>
      <xmin>376</xmin>
      <ymin>84</ymin>
      <xmax>393</xmax>
      <ymax>91</ymax>
      <x1>376</x1>
      <y1>84</y1>
      <x2>376</x2>
      <y2>91</y2>
      <x3>393</x3>
      <y3>91</y3>
      <x4>393</x4>
      <y4>84</y4>
    </bndbox>
  </object>
</annotation>
