<annotation>
  <folder>DATA</folder>
  <filename>000181.png</filename>
  <source>
    <database>Unknown</database>
  </source>
  <size>
    <width>500</width>
    <height>500</height>
    <depth>1</depth>
  </size>
  <segmented>0</segmented>
  <object>
    <name>ship</name>
    <pose>Unspecified</pose>
    <truncated>0</truncated>
    <difficult>0</difficult>
    <bndbox>
      <xmin>324</xmin>
      <ymin>199</ymin>
      <xmax>347</xmax>
      <ymax>220</ymax>
      <x1>324</x1>
      <y1>199</y1>
      <x2>324</x2>
      <y2>220</y2>
      <x3>347</x3>
      <y3>220</y3>
      <x4>347</x4>
      <y4>199</y4>
    </bndbox>
  </object>
</annotation>
