<annotation>
  <folder>DATA</folder>
  <filename>000113.png</filename>
  <source>
    <database>Unknown</database>
  </source>
  <size>
    <width>500</width>
    <height>500</height>
    <depth>1</depth>
  </size>
  <segmented>0</segmented>
  <object>
    <name>ship</name>
    <pose>Unspecified</pose>
    <truncated>0</truncated>
    <difficult>0</difficult>
    <bndbox>
      <xmin>35</xmin>
      <ymin>32</ymin>
      <xmax>43</xmax>
      <ymax>53</ymax>
      <x1>35</x1>
      <y1>32</y1>
      <x2>35</x2>
      <y2>53</y2>
      <x3>43</x3>
      <y3>53</y3>
      <x4>43</x4>
      <y4>32</y4>
    </bndbox>
  </object>
  <object>
    <name>ship</name>
    <pose>Unspecified</pose>
    <truncated>0</truncated>
    <difficult>0</difficult>
    <bndbox>
      <xmin>164</xmin>
      <ymin>206</ymin>
      <xmax>172</xmax>
      <ymax>227</ymax>
      <x1>164</x1>
      <y1>206</y1>
      <x2>164</x2>
      <y2>227</y2>
      <x3>172</x3>
      <y3>227</y3>
      <x4>172</x4>
      <y4>206</y4>
    </bndbox>
  </object>
  <object>
    <name>ship</name>
    <pose>Unspecified</pose>
    <truncated>0</truncated>
    <difficult>0</difficult>
    <bndbox>
      <xmin>35</xmin>
      <ymin>311</ymin>
      <xmax>42</xmax>
      <ymax>325</ymax>
      <x1>35</x1>
      <y1>311</y1>
      <x2>35</x2>
      <y2>325</y2>
      <x3>42</x3>
      <y3>325</y3>
      <x4>42</x4>
      <y4>311</y4>
    </bndbox>
  </object>
  <object>
    <name>ship</name>
    <pose>Unspecified</pose>
    <truncated>0</truncated>
    <difficult>0</difficult>
    <bndbox>
      <xmin>107</xmin>
      <ymin>448</ymin>
      <xmax>111</xmax>
      <ymax>463</ymax>
      <x1>107</x1>
      <y1>448</y1>
      <x2>107</x2>
      <y2>463</y2>
      <x3>111</x3>
      <y3>463</y3>
      <x4>111</x4>
      <y4>448</y4>
    </bndbox>
  </object>
  <object>
    <name>ship</name>
    <pose>Unspecified</pose>
    <truncated>0</truncated>
    <difficult>1</difficult>
    <bndbox>
      <xmin>224</xmin>
      <ymin>434</ymin>
      <xmax>230</xmax>
      <ymax>449</ymax>
      <x1>224</x1>
      <y1>434</y1>
      <x2>224</x2>
      <y2>449</y2>
      <x3>230</x3>
      <y3>449</y3>
      <x4>230</x4>
      <y4>434</y4>
    </bndbox>
  </object>
  <object>
    <name>ship</name>
    <pose>Unspecified</pose>
    <truncated>0</truncated>
    <difficult>0</difficult>
    <bndbox>
      <xmin>364</xmin>
      <ymin>124</ymin>
      <xmax>371</xmax>
      <ymax>139</ymax>
      <x1>364</x1>
      <y1>124</y1>
      <x2>364</x2>
      <y2>139</y2>
      <x3>371</x3>
      <y3>139</y3>
      <x4>371</x4>
      <y4>124</y4>
    </bndbox>
  </object>
  <object>
    <name>ship</name>
    <pose>Unspecified</pose>
    <truncated>0</truncated>
    <difficult>0</difficult>
    <bndbox>
      <xmin>450</xmin>
      <ymin>192</ymin>
      <xmax>456</xmax>
      <ymax>212</ymax>
      <x1>450</x1>
      <y1>192</y1>
      <x2>450</x2>
      <y2>212</y2>
      <x3>456</x3>
      <y3>212</y3>
      <x4>456</x4>
      <y4>192</y4>
    </bndbox>
  </object>
  <object>
    <name>ship</name>
    <pose>Unspecified</pose>
    <truncated>0</truncated>
    <difficult>0</difficult>
    <bndbox>
      <xmin>391</xmin>
      <ymin>336</ymin>
      <xmax>398</xmax>
      <ymax>352</ymax>
      <x1>391</x1>
      <y1>336</y1>
      <x2>391</x2>
      <y2>352</y2>
      <x3>398</x3>
      <y3>352</y3>
      <x4>398</x4>
      <y4>336</y4>
    </bndbox>
  </object>
  <object>
    <name>ship</name>
    <pose>Unspecified</pose>
    <truncated>0</truncated>
    <difficult>0</difficult>
    <bndbox>
      <xmin>321</xmin>
      <ymin>405</ymin>
      <xmax>326</xmax>
      <ymax>423</ymax>
      <x1>321</x1>
      <y1>405</y1>
      <x2>321</x2>
      <y2>423</y2>
      <x3>326</x3>
      <y3>423</y3>
      <x4>326</x4>
      <y4>405</y4>
    </bndbox>
  </object>
  <object>
    <name>ship</name>
    <pose>Unspecified</pose>
    <truncated>0</truncated>
    <difficult>1</difficult>
    <bndbox>
      <xmin>389</xmin>
      <ymin>468</ymin>
      <xmax>394</xmax>
      <ymax>479</ymax>
      <x1>389</x1>
      <y1>468</y1>
      <x2>389</x2>
      <y2>479</y2>
      <x3>394</x3>
      <y3>479</y3>
      <x4>394</x4>
      <y4>468</y4>
    </bndbox>
  </object>
</annotation>
