<annotation>
  <folder>DATA</folder>
  <filename>000173.png</filename>
  <source>
    <database>Unknown</database>
  </source>
  <size>
    <width>500</width>
    <height>500</height>
    <depth>1</depth>
  </size>
  <segmented>0</segmented>
  <object>
    <name>ship</name>
    <pose>Unspecified</pose>
    <truncated>0</truncated>
    <difficult>0</difficult>
    <bndbox>
      <xmin>229</xmin>
      <ymin>207</ymin>
      <xmax>255</xmax>
      <ymax>219</ymax>
      <x1>229</x1>
      <y1>207</y1>
      <x2>229</x2>
      <y2>219</y2>
      <x3>255</x3>
      <y3>219</y3>
      <x4>255</x4>
      <y4>207</y4>
    </bndbox>
  </object>
</annotation>
