<annotation>
  <folder>DATA</folder>
  <filename>000128.png</filename>
  <source>
    <database>Unknown</database>
  </source>
  <size>
    <width>500</width>
    <height>500</height>
    <depth>1</depth>
  </size>
  <segmented>0</segmented>
  <object>
    <name>ship</name>
    <pose>Unspecified</pose>
    <truncated>0</truncated>
    <difficult>0</difficult>
    <bndbox>
      <xmin>303</xmin>
      <ymin>252</ymin>
      <xmax>315</xmax>
      <ymax>269</ymax>
      <x1>303</x1>
      <y1>252</y1>
      <x2>303</x2>
      <y2>269</y2>
      <x3>315</x3>
      <y3>269</y3>
      <x4>315</x4>
      <y4>252</y4>
    </bndbox>
  </object>
  <object>
    <name>ship</name>
    <pose>Unspecified</pose>
    <truncated>0</truncated>
    <difficult>0</difficult>
    <bndbox>
      <xmin>154</xmin>
      <ymin>353</ymin>
      <xmax>167</xmax>
      <ymax>369</ymax>
      <x1>154</x1>
      <y1>353</y1>
      <x2>154</x2>
      <y2>369</y2>
      <x3>167</x3>
      <y3>369</y3>
      <x4>167</x4>
      <y4>353</y4>
    </bndbox>
  </object>
  <object>
    <name>ship</name>
    <pose>Unspecified</pose>
    <truncated>0</truncated>
    <difficult>0</difficult>
    <bndbox>
      <xmin>253</xmin>
      <ymin>427</ymin>
      <xmax>264</xmax>
      <ymax>445</ymax>
      <x1>253</x1>
      <y1>427</y1>
      <x2>253</x2>
      <y2>445</y2>
      <x3>264</x3>
      <y3>445</y3>
      <x4>264</x4>
      <y4>427</y4>
    </bndbox>
  </object>
  <object>
    <name>ship</name>
    <pose>Unspecified</pose>
    <truncated>0</truncated>
    <difficult>0</difficult>
    <bndbox>
      <xmin>461</xmin>
      <ymin>338</ymin>
      <xmax>473</xmax>
      <ymax>354</ymax>
      <x1>461</x1>
      <y1>338</y1>
      <x2>461</x2>
      <y2>354</y2>
      <x3>473</x3>
      <y3>354</y3>
      <x4>473</x4>
      <y4>338</y4>
    </bndbox>
  </object>
</annotation>
