<annotation>
  <folder>DATA</folder>
  <filename>000134.png</filename>
  <source>
    <database>Unknown</database>
  </source>
  <size>
    <width>500</width>
    <height>500</height>
    <depth>1</depth>
  </size>
  <segmented>0</segmented>
  <object>
    <name>ship</name>
    <pose>Unspecified</pose>
    <truncated>0</truncated>
    <difficult>0</difficult>
    <bndbox>
      <xmin>86</xmin>
      <ymin>182</ymin>
      <xmax>97</xmax>
      <ymax>193</ymax>
      <x1>86</x1>
      <y1>182</y1>
      <x2>86</x2>
      <y2>193</y2>
      <x3>97</x3>
      <y3>193</y3>
      <x4>97</x4>
      <y4>182</y4>
    </bndbox>
  </object>
  <object>
    <name>ship</name>
    <pose>Unspecified</pose>
    <truncated>0</truncated>
    <difficult>0</difficult>
    <bndbox>
      <xmin>407</xmin>
      <ymin>403</ymin>
      <xmax>421</xmax>
      <ymax>412</ymax>
      <x1>407</x1>
      <y1>403</y1>
      <x2>407</x2>
      <y2>412</y2>
      <x3>421</x3>
      <y3>412</y3>
      <x4>421</x4>
      <y4>403</y4>
    </bndbox>
  </object>
</annotation>
