<annotation>
  <folder>DATA</folder>
  <filename>000124.png</filename>
  <source>
    <database>Unknown</database>
  </source>
  <size>
    <width>500</width>
    <height>500</height>
    <depth>1</depth>
  </size>
  <segmented>0</segmented>
  <object>
    <name>ship</name>
    <pose>Unspecified</pose>
    <truncated>0</truncated>
    <difficult>0</difficult>
    <bndbox>
      <xmin>213</xmin>
      <ymin>164</ymin>
      <xmax>225</xmax>
      <ymax>182</ymax>
      <x1>213</x1>
      <y1>164</y1>
      <x2>213</x2>
      <y2>182</y2>
      <x3>225</x3>
      <y3>182</y3>
      <x4>225</x4>
      <y4>164</y4>
    </bndbox>
  </object>
  <object>
    <name>ship</name>
    <pose>Unspecified</pose>
    <truncated>0</truncated>
    <difficult>0</difficult>
    <bndbox>
      <xmin>370</xmin>
      <ymin>312</ymin>
      <xmax>387</xmax>
      <ymax>328</ymax>
      <x1>370</x1>
      <y1>312</y1>
      <x2>370</x2>
      <y2>328</y2>
      <x3>387</x3>
      <y3>328</y3>
      <x4>387</x4>
      <y4>312</y4>
    </bndbox>
  </object>
</annotation>
