<annotation>
  <folder>DATA</folder>
  <filename>000187.png</filename>
  <source>
    <database>Unknown</database>
  </source>
  <size>
    <width>500</width>
    <height>500</height>
    <depth>1</depth>
  </size>
  <segmented>0</segmented>
  <object>
    <name>ship</name>
    <pose>Unspecified</pose>
    <truncated>0</truncated>
    <difficult>0</difficult>
    <bndbox>
      <xmin>192</xmin>
      <ymin>223</ymin>
      <xmax>218</xmax>
      <ymax>238</ymax>
      <x1>192</x1>
      <y1>223</y1>
      <x2>192</x2>
      <y2>238</y2>
      <x3>218</x3>
      <y3>238</y3>
      <x4>218</x4>
      <y4>223</y4>
    </bndbox>
  </object>
</annotation>
