<annotation>
  <folder>DATA</folder>
  <filename>000161.png</filename>
  <source>
    <database>Unknown</database>
  </source>
  <size>
    <width>500</width>
    <height>500</height>
    <depth>1</depth>
  </size>
  <segmented>0</segmented>
  <object>
    <name>ship</name>
    <pose>Unspecified</pose>
    <truncated>0</truncated>
    <difficult>0</difficult>
    <bndbox>
      <xmin>59</xmin>
      <ymin>126</ymin>
      <xmax>86</xmax>
      <ymax>136</ymax>
      <x1>59</x1>
      <y1>126</y1>
      <x2>59</x2>
      <y2>136</y2>
      <x3>86</x3>
      <y3>136</y3>
      <x4>86</x4>
      <y4>126</y4>
    </bndbox>
  </object>
  <object>
    <name>ship</name>
    <pose>Unspecified</pose>
    <truncated>0</truncated>
    <difficult>0</difficult>
    <bndbox>
      <xmin>42</xmin>
      <ymin>330</ymin>
      <xmax>67</xmax>
      <ymax>339</ymax>
      <x1>42</x1>
      <y1>330</y1>
      <x2>42</x2>
      <y2>339</y2>
      <x3>67</x3>
      <y3>339</y3>
      <x4>67</x4>
      <y4>330</y4>
    </bndbox>
  </object>
  <object>
    <name>ship</name>
    <pose>Unspecified</pose>
    <truncated>0</truncated>
    <difficult>0</difficult>
    <bndbox>
      <xmin>268</xmin>
      <ymin>427</ymin>
      <xmax>286</xmax>
      <ymax>434</ymax>
      <x1>268</x1>
      <y1>427</y1>
      <x2>268</x2>
      <y2>434</y2>
      <x3>286</x3>
      <y3>434</y3>
      <x4>286</x4>
      <y4>427</y4>
    </bndbox>
  </object>
  <object>
    <name>ship</name>
    <pose>Unspecified</pose>
    <truncated>0</truncated>
    <difficult>0</difficult>
    <bndbox>
      <xmin>441</xmin>
      <ymin>154</ymin>
      <xmax>459</xmax>
      <ymax>162</ymax>
      <x1>441</x1>
      <y1>154</y1>
      <x2>441</x2>
      <y2>162</y2>
      <x3>459</x3>
      <y3>162</y3>
      <x4>459</x4>
      <y4>154</y4>
    </bndbox>
  </object>
</annotation>
