<annotation>
  <folder>DATA</folder>
  <filename>000172.png</filename>
  <source>
    <database>Unknown</database>
  </source>
  <size>
    <width>500</width>
    <height>500</height>
    <depth>1</depth>
  </size>
  <segmented>0</segmented>
  <object>
    <name>ship</name>
    <pose>Unspecified</pose>
    <truncated>0</truncated>
    <difficult>1</difficult>
    <bndbox>
      <xmin>218</xmin>
      <ymin>158</ymin>
      <xmax>225</xmax>
      <ymax>163</ymax>
      <x1>218</x1>
      <y1>158</y1>
      <x2>218</x2>
      <y2>163</y2>
      <x3>225</x3>
      <y3>163</y3>
      <x4>225</x4>
      <y4>158</y4>
    </bndbox>
  </object>
  <object>
    <name>ship</name>
    <pose>Unspecified</pose>
    <truncated>0</truncated>
    <difficult>0</difficult>
    <bndbox>
      <xmin>345</xmin>
      <ymin>366</ymin>
      <xmax>363</xmax>
      <ymax>373</ymax>
      <x1>345</x1>
      <y1>366</y1>
      <x2>345</x2>
      <y2>373</y2>
      <x3>363</x3>
      <y3>373</y3>
      <x4>363</x4>
      <y4>366</y4>
    </bndbox>
  </object>
</annotation>
