<annotation>
  <folder>DATA</folder>
  <filename>000165.png</filename>
  <source>
    <database>Unknown</database>
  </source>
  <size>
    <width>500</width>
    <height>500</height>
    <depth>1</depth>
  </size>
  <segmented>0</segmented>
  <object>
    <name>ship</name>
    <pose>Unspecified</pose>
    <truncated>0</truncated>
    <difficult>0</difficult>
    <bndbox>
      <xmin>376</xmin>
      <ymin>145</ymin>
      <xmax>394</xmax>
      <ymax>153</ymax>
      <x1>376</x1>
      <y1>145</y1>
      <x2>376</x2>
      <y2>153</y2>
      <x3>394</x3>
      <y3>153</y3>
      <x4>394</x4>
      <y4>145</y4>
    </bndbox>
  </object>
  <object>
    <name>ship</name>
    <pose>Unspecified</pose>
    <truncated>0</truncated>
    <difficult>0</difficult>
    <bndbox>
      <xmin>295</xmin>
      <ymin>347</ymin>
      <xmax>313</xmax>
      <ymax>356</ymax>
      <x1>295</x1>
      <y1>347</y1>
      <x2>295</x2>
      <y2>356</y2>
      <x3>313</x3>
      <y3>356</y3>
      <x4>313</x4>
      <y4>347</y4>
    </bndbox>
  </object>
  <object>
    <name>ship</name>
    <pose>Unspecified</pose>
    <truncated>0</truncated>
    <difficult>0</difficult>
    <bndbox>
      <xmin>148</xmin>
      <ymin>370</ymin>
      <xmax>166</xmax>
      <ymax>377</ymax>
      <x1>148</x1>
      <y1>370</y1>
      <x2>148</x2>
      <y2>377</y2>
      <x3>166</x3>
      <y3>377</y3>
      <x4>166</x4>
      <y4>370</y4>
    </bndbox>
  </object>
  <object>
    <name>ship</name>
    <pose>Unspecified</pose>
    <truncated>0</truncated>
    <difficult>0</difficult>
    <bndbox>
      <xmin>16</xmin>
      <ymin>382</ymin>
      <xmax>36</xmax>
      <ymax>390</ymax>
      <x1>16</x1>
      <y1>382</y1>
      <x2>16</x2>
      <y2>390</y2>
      <x3>36</x3>
      <y3>390</y3>
      <x4>36</x4>
      <y4>382</y4>
    </bndbox>
  </object>
  <object>
    <name>ship</name>
    <pose>Unspecified</pose>
    <truncated>0</truncated>
    <difficult>0</difficult>
    <bndbox>
      <xmin>42</xmin>
      <ymin>442</ymin>
      <xmax>59</xmax>
      <ymax>452</ymax>
      <x1>42</x1>
      <y1>442</y1>
      <x2>42</x2>
      <y2>452</y2>
      <x3>59</x3>
      <y3>452</y3>
      <x4>59</x4>
      <y4>442</y4>
    </bndbox>
  </object>
</annotation>
