<annotation>
  <folder>DATA</folder>
  <filename>000140.png</filename>
  <source>
    <database>Unknown</database>
  </source>
  <size>
    <width>500</width>
    <height>500</height>
    <depth>1</depth>
  </size>
  <segmented>0</segmented>
  <object>
    <name>ship</name>
    <pose>Unspecified</pose>
    <truncated>0</truncated>
    <difficult>0</difficult>
    <bndbox>
      <xmin>304</xmin>
      <ymin>144</ymin>
      <xmax>317</xmax>
      <ymax>158</ymax>
      <x1>304</x1>
      <y1>144</y1>
      <x2>304</x2>
      <y2>158</y2>
      <x3>317</x3>
      <y3>158</y3>
      <x4>317</x4>
      <y4>144</y4>
    </bndbox>
  </object>
</annotation>
