<annotation>
  <folder>DATA</folder>
  <filename>000144.png</filename>
  <source>
    <database>Unknown</database>
  </source>
  <size>
    <width>500</width>
    <height>500</height>
    <depth>1</depth>
  </size>
  <segmented>0</segmented>
  <object>
    <name>ship</name>
    <pose>Unspecified</pose>
    <truncated>0</truncated>
    <difficult>0</difficult>
    <bndbox>
      <xmin>420</xmin>
      <ymin>324</ymin>
      <xmax>437</xmax>
      <ymax>338</ymax>
      <x1>420</x1>
      <y1>324</y1>
      <x2>420</x2>
      <y2>338</y2>
      <x3>437</x3>
      <y3>338</y3>
      <x4>437</x4>
      <y4>324</y4>
    </bndbox>
  </object>
</annotation>
