<annotation>
  <folder>DATA</folder>
  <filename>000197.png</filename>
  <source>
    <database>Unknown</database>
  </source>
  <size>
    <width>500</width>
    <height>500</height>
    <depth>1</depth>
  </size>
  <segmented>0</segmented>
  <object>
    <name>ship</name>
    <pose>Unspecified</pose>
    <truncated>0</truncated>
    <difficult>0</difficult>
    <bndbox>
      <xmin>215</xmin>
      <ymin>271</ymin>
      <xmax>246</xmax>
      <ymax>300</ymax>
      <x1>215</x1>
      <y1>271</y1>
      <x2>215</x2>
      <y2>300</y2>
      <x3>246</x3>
      <y3>300</y3>
      <x4>246</x4>
      <y4>271</y4>
    </bndbox>
  </object>
  <object>
    <name>ship</name>
    <pose>Unspecified</pose>
    <truncated>0</truncated>
    <difficult>0</difficult>
    <bndbox>
      <xmin>451</xmin>
      <ymin>341</ymin>
      <xmax>490</xmax>
      <ymax>356</ymax>
      <x1>451</x1>
      <y1>341</y1>
      <x2>451</x2>
      <y2>356</y2>
      <x3>490</x3>
      <y3>356</y3>
      <x4>490</x4>
      <y4>341</y4>
    </bndbox>
  </object>
  <object>
    <name>ship</name>
    <pose>Unspecified</pose>
    <truncated>0</truncated>
    <difficult>0</difficult>
    <bndbox>
      <xmin>49</xmin>
      <ymin>213</ymin>
      <xmax>62</xmax>
      <ymax>253</ymax>
      <x1>49</x1>
      <y1>213</y1>
      <x2>49</x2>
      <y2>253</y2>
      <x3>62</x3>
      <y3>253</y3>
      <x4>62</x4>
      <y4>213</y4>
    </bndbox>
  </object>
</annotation>
