<annotation>
  <folder>DATA</folder>
  <filename>000130.png</filename>
  <source>
    <database>Unknown</database>
  </source>
  <size>
    <width>500</width>
    <height>500</height>
    <depth>1</depth>
  </size>
  <segmented>0</segmented>
  <object>
    <name>ship</name>
    <pose>Unspecified</pose>
    <truncated>0</truncated>
    <difficult>0</difficult>
    <bndbox>
      <xmin>95</xmin>
      <ymin>432</ymin>
      <xmax>126</xmax>
      <ymax>448</ymax>
      <x1>95</x1>
      <y1>432</y1>
      <x2>95</x2>
      <y2>448</y2>
      <x3>126</x3>
      <y3>448</y3>
      <x4>126</x4>
      <y4>432</y4>
    </bndbox>
  </object>
  <object>
    <name>ship</name>
    <pose>Unspecified</pose>
    <truncated>0</truncated>
    <difficult>0</difficult>
    <bndbox>
      <xmin>291</xmin>
      <ymin>341</ymin>
      <xmax>320</xmax>
      <ymax>358</ymax>
      <x1>291</x1>
      <y1>341</y1>
      <x2>291</x2>
      <y2>358</y2>
      <x3>320</x3>
      <y3>358</y3>
      <x4>320</x4>
      <y4>341</y4>
    </bndbox>
  </object>
</annotation>
