<annotation>
  <folder>DATA</folder>
  <filename>000178.png</filename>
  <source>
    <database>Unknown</database>
  </source>
  <size>
    <width>500</width>
    <height>500</height>
    <depth>1</depth>
  </size>
  <segmented>0</segmented>
  <object>
    <name>ship</name>
    <pose>Unspecified</pose>
    <truncated>0</truncated>
    <difficult>0</difficult>
    <bndbox>
      <xmin>175</xmin>
      <ymin>278</ymin>
      <xmax>195</xmax>
      <ymax>301</ymax>
      <x1>175</x1>
      <y1>278</y1>
      <x2>175</x2>
      <y2>301</y2>
      <x3>195</x3>
      <y3>301</y3>
      <x4>195</x4>
      <y4>278</y4>
    </bndbox>
  </object>
  <object>
    <name>ship</name>
    <pose>Unspecified</pose>
    <truncated>0</truncated>
    <difficult>0</difficult>
    <bndbox>
      <xmin>366</xmin>
      <ymin>280</ymin>
      <xmax>395</xmax>
      <ymax>301</ymax>
      <x1>366</x1>
      <y1>280</y1>
      <x2>366</x2>
      <y2>301</y2>
      <x3>395</x3>
      <y3>301</y3>
      <x4>395</x4>
      <y4>280</y4>
    </bndbox>
  </object>
</annotation>
