<annotation>
  <folder>DATA</folder>
  <filename>000138.png</filename>
  <source>
    <database>Unknown</database>
  </source>
  <size>
    <width>500</width>
    <height>500</height>
    <depth>1</depth>
  </size>
  <segmented>0</segmented>
  <object>
    <name>ship</name>
    <pose>Unspecified</pose>
    <truncated>0</truncated>
    <difficult>0</difficult>
    <bndbox>
      <xmin>261</xmin>
      <ymin>249</ymin>
      <xmax>276</xmax>
      <ymax>263</ymax>
      <x1>261</x1>
      <y1>249</y1>
      <x2>261</x2>
      <y2>263</y2>
      <x3>276</x3>
      <y3>263</y3>
      <x4>276</x4>
      <y4>249</y4>
    </bndbox>
  </object>
</annotation>
