<annotation>
  <folder>DATA</folder>
  <filename>000133.png</filename>
  <source>
    <database>Unknown</database>
  </source>
  <size>
    <width>500</width>
    <height>500</height>
    <depth>1</depth>
  </size>
  <segmented>0</segmented>
  <object>
    <name>ship</name>
    <pose>Unspecified</pose>
    <truncated>0</truncated>
    <difficult>0</difficult>
    <bndbox>
      <xmin>281</xmin>
      <ymin>211</ymin>
      <xmax>299</xmax>
      <ymax>219</ymax>
      <x1>281</x1>
      <y1>211</y1>
      <x2>281</x2>
      <y2>219</y2>
      <x3>299</x3>
      <y3>219</y3>
      <x4>299</x4>
      <y4>211</y4>
    </bndbox>
  </object>
</annotation>
