<annotation>
  <folder>DATA</folder>
  <filename>000177.png</filename>
  <source>
    <database>Unknown</database>
  </source>
  <size>
    <width>500</width>
    <height>500</height>
    <depth>1</depth>
  </size>
  <segmented>0</segmented>
  <object>
    <name>ship</name>
    <pose>Unspecified</pose>
    <truncated>0</truncated>
    <difficult>0</difficult>
    <bndbox>
      <xmin>256</xmin>
      <ymin>274</ymin>
      <xmax>286</xmax>
      <ymax>283</ymax>
      <x1>256</x1>
      <y1>274</y1>
      <x2>256</x2>
      <y2>283</y2>
      <x3>286</x3>
      <y3>283</y3>
      <x4>286</x4>
      <y4>274</y4>
    </bndbox>
  </object>
</annotation>
