<annotation>
  <folder>DATA</folder>
  <filename>000105.png</filename>
  <source>
    <database>Unknown</database>
  </source>
  <size>
    <width>500</width>
    <height>500</height>
    <depth>1</depth>
  </size>
  <segmented>0</segmented>
  <object>
    <name>ship</name>
    <pose>Unspecified</pose>
    <truncated>0</truncated>
    <difficult>0</difficult>
    <bndbox>
      <xmin>58</xmin>
      <ymin>13</ymin>
      <xmax>69</xmax>
      <ymax>29</ymax>
      <x1>58</x1>
      <y1>13</y1>
      <x2>58</x2>
      <y2>29</y2>
      <x3>69</x3>
      <y3>29</y3>
      <x4>69</x4>
      <y4>13</y4>
    </bndbox>
  </object>
  <object>
    <name>ship</name>
    <pose>Unspecified</pose>
    <truncated>0</truncated>
    <difficult>0</difficult>
    <bndbox>
      <xmin>51</xmin>
      <ymin>166</ymin>
      <xmax>68</xmax>
      <ymax>184</ymax>
      <x1>51</x1>
      <y1>166</y1>
      <x2>51</x2>
      <y2>184</y2>
      <x3>68</x3>
      <y3>184</y3>
      <x4>68</x4>
      <y4>166</y4>
    </bndbox>
  </object>
  <object>
    <name>ship</name>
    <pose>Unspecified</pose>
    <truncated>0</truncated>
    <difficult>0</difficult>
    <bndbox>
      <xmin>37</xmin>
      <ymin>263</ymin>
      <xmax>47</xmax>
      <ymax>279</ymax>
      <x1>37</x1>
      <y1>263</y1>
      <x2>37</x2>
      <y2>279</y2>
      <x3>47</x3>
      <y3>279</y3>
      <x4>47</x4>
      <y4>263</y4>
    </bndbox>
  </object>
  <object>
    <name>ship</name>
    <pose>Unspecified</pose>
    <truncated>0</truncated>
    <difficult>1</difficult>
    <bndbox>
      <xmin>171</xmin>
      <ymin>299</ymin>
      <xmax>183</xmax>
      <ymax>309</ymax>
      <x1>171</x1>
      <y1>299</y1>
      <x2>171</x2>
      <y2>309</y2>
      <x3>183</x3>
      <y3>309</y3>
      <x4>183</x4>
      <y4>299</y4>
    </bndbox>
  </object>
  <object>
    <name>ship</name>
    <pose>Unspecified</pose>
    <truncated>0</truncated>
    <difficult>0</difficult>
    <bndbox>
      <xmin>230</xmin>
      <ymin>373</ymin>
      <xmax>248</xmax>
      <ymax>392</ymax>
      <x1>230</x1>
      <y1>373</y1>
      <x2>230</x2>
      <y2>392</y2>
      <x3>248</x3>
      <y3>392</y3>
      <x4>248</x4>
      <y4>373</y4>
    </bndbox>
  </object>
</annotation>
