<annotation>
  <folder>DATA</folder>
  <filename>000112.png</filename>
  <source>
    <database>Unknown</database>
  </source>
  <size>
    <width>500</width>
    <height>500</height>
    <depth>1</depth>
  </size>
  <segmented>0</segmented>
  <object>
    <name>ship</name>
    <pose>Unspecified</pose>
    <truncated>0</truncated>
    <difficult>0</difficult>
    <bndbox>
      <xmin>198</xmin>
      <ymin>206</ymin>
      <xmax>208</xmax>
      <ymax>231</ymax>
      <x1>198</x1>
      <y1>206</y1>
      <x2>198</x2>
      <y2>231</y2>
      <x3>208</x3>
      <y3>231</y3>
      <x4>208</x4>
      <y4>206</y4>
    </bndbox>
  </object>
  <object>
    <name>ship</name>
    <pose>Unspecified</pose>
    <truncated>0</truncated>
    <difficult>0</difficult>
    <bndbox>
      <xmin>303</xmin>
      <ymin>281</ymin>
      <xmax>312</xmax>
      <ymax>307</ymax>
      <x1>303</x1>
      <y1>281</y1>
      <x2>303</x2>
      <y2>307</y2>
      <x3>312</x3>
      <y3>307</y3>
      <x4>312</x4>
      <y4>281</y4>
    </bndbox>
  </object>
</annotation>
