<annotation>
  <folder>DATA</folder>
  <filename>000164.png</filename>
  <source>
    <database>Unknown</database>
  </source>
  <size>
    <width>500</width>
    <height>500</height>
    <depth>1</depth>
  </size>
  <segmented>0</segmented>
  <object>
    <name>ship</name>
    <pose>Unspecified</pose>
    <truncated>0</truncated>
    <difficult>0</difficult>
    <bndbox>
      <xmin>117</xmin>
      <ymin>283</ymin>
      <xmax>137</xmax>
      <ymax>292</ymax>
      <x1>117</x1>
      <y1>283</y1>
      <x2>117</x2>
      <y2>292</y2>
      <x3>137</x3>
      <y3>292</y3>
      <x4>137</x4>
      <y4>283</y4>
    </bndbox>
  </object>
</annotation>
