<annotation>
  <folder>DATA</folder>
  <filename>000168.png</filename>
  <source>
    <database>Unknown</database>
  </source>
  <size>
    <width>500</width>
    <height>500</height>
    <depth>1</depth>
  </size>
  <segmented>0</segmented>
  <object>
    <name>ship</name>
    <pose>Unspecified</pose>
    <truncated>0</truncated>
    <difficult>0</difficult>
    <bndbox>
      <xmin>221</xmin>
      <ymin>257</ymin>
      <xmax>231</xmax>
      <ymax>267</ymax>
      <x1>221</x1>
      <y1>257</y1>
      <x2>221</x2>
      <y2>267</y2>
      <x3>231</x3>
      <y3>267</y3>
      <x4>231</x4>
      <y4>257</y4>
    </bndbox>
  </object>
</annotation>
