<annotation>
  <folder>DATA</folder>
  <filename>000117.png</filename>
  <source>
    <database>Unknown</database>
  </source>
  <size>
    <width>500</width>
    <height>500</height>
    <depth>1</depth>
  </size>
  <segmented>0</segmented>
  <object>
    <name>ship</name>
    <pose>Unspecified</pose>
    <truncated>0</truncated>
    <difficult>0</difficult>
    <bndbox>
      <xmin>205</xmin>
      <ymin>82</ymin>
      <xmax>232</xmax>
      <ymax>101</ymax>
      <x1>205</x1>
      <y1>82</y1>
      <x2>205</x2>
      <y2>101</y2>
      <x3>232</x3>
      <y3>101</y3>
      <x4>232</x4>
      <y4>82</y4>
    </bndbox>
  </object>
</annotation>
