<annotation>
  <folder>DATA</folder>
  <filename>000106.png</filename>
  <source>
    <database>Unknown</database>
  </source>
  <size>
    <width>500</width>
    <height>500</height>
    <depth>1</depth>
  </size>
  <segmented>0</segmented>
  <object>
    <name>ship</name>
    <pose>Unspecified</pose>
    <truncated>0</truncated>
    <difficult>0</difficult>
    <bndbox>
      <xmin>106</xmin>
      <ymin>204</ymin>
      <xmax>135</xmax>
      <ymax>215</ymax>
      <x1>106</x1>
      <y1>204</y1>
      <x2>106</x2>
      <y2>215</y2>
      <x3>135</x3>
      <y3>215</y3>
      <x4>135</x4>
      <y4>204</y4>
    </bndbox>
  </object>
  <object>
    <name>ship</name>
    <pose>Unspecified</pose>
    <truncated>0</truncated>
    <difficult>0</difficult>
    <bndbox>
      <xmin>221</xmin>
      <ymin>343</ymin>
      <xmax>239</xmax>
      <ymax>368</ymax>
      <x1>221</x1>
      <y1>343</y1>
      <x2>221</x2>
      <y2>368</y2>
      <x3>239</x3>
      <y3>368</y3>
      <x4>239</x4>
      <y4>343</y4>
    </bndbox>
  </object>
  <object>
    <name>ship</name>
    <pose>Unspecified</pose>
    <truncated>0</truncated>
    <difficult>0</difficult>
    <bndbox>
      <xmin>272</xmin>
      <ymin>431</ymin>
      <xmax>287</xmax>
      <ymax>465</ymax>
      <x1>272</x1>
      <y1>431</y1>
      <x2>272</x2>
      <y2>465</y2>
      <x3>287</x3>
      <y3>465</y3>
      <x4>287</x4>
      <y4>431</y4>
    </bndbox>
  </object>
</annotation>
