<annotation>
  <folder>DATA</folder>
  <filename>000193.png</filename>
  <source>
    <database>Unknown</database>
  </source>
  <size>
    <width>500</width>
    <height>500</height>
    <depth>1</depth>
  </size>
  <segmented>0</segmented>
  <object>
    <name>ship</name>
    <pose>Unspecified</pose>
    <truncated>0</truncated>
    <difficult>0</difficult>
    <bndbox>
      <xmin>253</xmin>
      <ymin>232</ymin>
      <xmax>261</xmax>
      <ymax>251</ymax>
      <x1>253</x1>
      <y1>232</y1>
      <x2>253</x2>
      <y2>251</y2>
      <x3>261</x3>
      <y3>251</y3>
      <x4>261</x4>
      <y4>232</y4>
    </bndbox>
  </object>
</annotation>
