<annotation>
  <folder>DATA</folder>
  <filename>000114.png</filename>
  <source>
    <database>Unknown</database>
  </source>
  <size>
    <width>500</width>
    <height>500</height>
    <depth>1</depth>
  </size>
  <segmented>0</segmented>
  <object>
    <name>ship</name>
    <pose>Unspecified</pose>
    <truncated>0</truncated>
    <difficult>0</difficult>
    <bndbox>
      <xmin>195</xmin>
      <ymin>137</ymin>
      <xmax>205</xmax>
      <ymax>153</ymax>
      <x1>195</x1>
      <y1>137</y1>
      <x2>195</x2>
      <y2>153</y2>
      <x3>205</x3>
      <y3>153</y3>
      <x4>205</x4>
      <y4>137</y4>
    </bndbox>
  </object>
  <object>
    <name>ship</name>
    <pose>Unspecified</pose>
    <truncated>0</truncated>
    <difficult>0</difficult>
    <bndbox>
      <xmin>301</xmin>
      <ymin>340</ymin>
      <xmax>315</xmax>
      <ymax>368</ymax>
      <x1>301</x1>
      <y1>340</y1>
      <x2>301</x2>
      <y2>368</y2>
      <x3>315</x3>
      <y3>368</y3>
      <x4>315</x4>
      <y4>340</y4>
    </bndbox>
  </object>
</annotation>
