<annotation>
  <folder>DATA</folder>
  <filename>000169.png</filename>
  <source>
    <database>Unknown</database>
  </source>
  <size>
    <width>500</width>
    <height>500</height>
    <depth>1</depth>
  </size>
  <segmented>0</segmented>
  <object>
    <name>ship</name>
    <pose>Unspecified</pose>
    <truncated>0</truncated>
    <difficult>0</difficult>
    <bndbox>
      <xmin>301</xmin>
      <ymin>299</ymin>
      <xmax>314</xmax>
      <ymax>305</ymax>
      <x1>301</x1>
      <y1>299</y1>
      <x2>301</x2>
      <y2>305</y2>
      <x3>314</x3>
      <y3>305</y3>
      <x4>314</x4>
      <y4>299</y4>
    </bndbox>
  </object>
  <object>
    <name>ship</name>
    <pose>Unspecified</pose>
    <truncated>0</truncated>
    <difficult>0</difficult>
    <bndbox>
      <xmin>447</xmin>
      <ymin>245</ymin>
      <xmax>458</xmax>
      <ymax>251</ymax>
      <x1>447</x1>
      <y1>245</y1>
      <x2>447</x2>
      <y2>251</y2>
      <x3>458</x3>
      <y3>251</y3>
      <x4>458</x4>
      <y4>245</y4>
    </bndbox>
  </object>
</annotation>
