<annotation>
  <folder>DATA</folder>
  <filename>000159.png</filename>
  <source>
    <database>Unknown</database>
  </source>
  <size>
    <width>500</width>
    <height>500</height>
    <depth>1</depth>
  </size>
  <segmented>0</segmented>
  <object>
    <name>ship</name>
    <pose>Unspecified</pose>
    <truncated>0</truncated>
    <difficult>0</difficult>
    <bndbox>
      <xmin>65</xmin>
      <ymin>160</ymin>
      <xmax>94</xmax>
      <ymax>172</ymax>
      <x1>65</x1>
      <y1>160</y1>
      <x2>65</x2>
      <y2>172</y2>
      <x3>94</x3>
      <y3>172</y3>
      <x4>94</x4>
      <y4>160</y4>
    </bndbox>
  </object>
  <object>
    <name>ship</name>
    <pose>Unspecified</pose>
    <truncated>0</truncated>
    <difficult>0</difficult>
    <bndbox>
      <xmin>283</xmin>
      <ymin>163</ymin>
      <xmax>312</xmax>
      <ymax>173</ymax>
      <x1>283</x1>
      <y1>163</y1>
      <x2>283</x2>
      <y2>173</y2>
      <x3>312</x3>
      <y3>173</y3>
      <x4>312</x4>
      <y4>163</y4>
    </bndbox>
  </object>
  <object>
    <name>ship</name>
    <pose>Unspecified</pose>
    <truncated>0</truncated>
    <difficult>0</difficult>
    <bndbox>
      <xmin>309</xmin>
      <ymin>348</ymin>
      <xmax>336</xmax>
      <ymax>359</ymax>
      <x1>309</x1>
      <y1>348</y1>
      <x2>309</x2>
      <y2>359</y2>
      <x3>336</x3>
      <y3>359</y3>
      <x4>336</x4>
      <y4>348</y4>
    </bndbox>
  </object>
</annotation>
