<annotation>
  <folder>DATA</folder>
  <filename>000111.png</filename>
  <source>
    <database>Unknown</database>
  </source>
  <size>
    <width>500</width>
    <height>500</height>
    <depth>1</depth>
  </size>
  <segmented>0</segmented>
  <object>
    <name>ship</name>
    <pose>Unspecified</pose>
    <truncated>0</truncated>
    <difficult>0</difficult>
    <bndbox>
      <xmin>79</xmin>
      <ymin>141</ymin>
      <xmax>98</xmax>
      <ymax>149</ymax>
      <x1>79</x1>
      <y1>141</y1>
      <x2>79</x2>
      <y2>149</y2>
      <x3>98</x3>
      <y3>149</y3>
      <x4>98</x4>
      <y4>141</y4>
    </bndbox>
  </object>
  <object>
    <name>ship</name>
    <pose>Unspecified</pose>
    <truncated>0</truncated>
    <difficult>0</difficult>
    <bndbox>
      <xmin>242</xmin>
      <ymin>142</ymin>
      <xmax>261</xmax>
      <ymax>151</ymax>
      <x1>242</x1>
      <y1>142</y1>
      <x2>242</x2>
      <y2>151</y2>
      <x3>261</x3>
      <y3>151</y3>
      <x4>261</x4>
      <y4>142</y4>
    </bndbox>
  </object>
  <object>
    <name>ship</name>
    <pose>Unspecified</pose>
    <truncated>0</truncated>
    <difficult>0</difficult>
    <bndbox>
      <xmin>396</xmin>
      <ymin>129</ymin>
      <xmax>418</xmax>
      <ymax>143</ymax>
      <x1>396</x1>
      <y1>129</y1>
      <x2>396</x2>
      <y2>143</y2>
      <x3>418</x3>
      <y3>143</y3>
      <x4>418</x4>
      <y4>129</y4>
    </bndbox>
  </object>
</annotation>
