<annotation>
  <folder>DATA</folder>
  <filename>000121.png</filename>
  <source>
    <database>Unknown</database>
  </source>
  <size>
    <width>500</width>
    <height>500</height>
    <depth>1</depth>
  </size>
  <segmented>0</segmented>
  <object>
    <name>ship</name>
    <pose>Unspecified</pose>
    <truncated>0</truncated>
    <difficult>0</difficult>
    <bndbox>
      <xmin>302</xmin>
      <ymin>318</ymin>
      <xmax>325</xmax>
      <ymax>327</ymax>
      <x1>302</x1>
      <y1>318</y1>
      <x2>302</x2>
      <y2>327</y2>
      <x3>325</x3>
      <y3>327</y3>
      <x4>325</x4>
      <y4>318</y4>
    </bndbox>
  </object>
</annotation>
