<annotation>
  <folder>DATA</folder>
  <filename>000184.png</filename>
  <source>
    <database>Unknown</database>
  </source>
  <size>
    <width>500</width>
    <height>500</height>
    <depth>1</depth>
  </size>
  <segmented>0</segmented>
  <object>
    <name>ship</name>
    <pose>Unspecified</pose>
    <truncated>0</truncated>
    <difficult>0</difficult>
    <bndbox>
      <xmin>407</xmin>
      <ymin>126</ymin>
      <xmax>427</xmax>
      <ymax>132</ymax>
      <x1>407</x1>
      <y1>126</y1>
      <x2>407</x2>
      <y2>132</y2>
      <x3>427</x3>
      <y3>132</y3>
      <x4>427</x4>
      <y4>126</y4>
    </bndbox>
  </object>
  <object>
    <name>ship</name>
    <pose>Unspecified</pose>
    <truncated>0</truncated>
    <difficult>0</difficult>
    <bndbox>
      <xmin>141</xmin>
      <ymin>348</ymin>
      <xmax>158</xmax>
      <ymax>360</ymax>
      <x1>141</x1>
      <y1>348</y1>
      <x2>141</x2>
      <y2>360</y2>
      <x3>158</x3>
      <y3>360</y3>
      <x4>158</x4>
      <y4>348</y4>
    </bndbox>
  </object>
</annotation>
