<annotation>
  <folder>DATA</folder>
  <filename>000110.png</filename>
  <source>
    <database>Unknown</database>
  </source>
  <size>
    <width>500</width>
    <height>500</height>
    <depth>1</depth>
  </size>
  <segmented>0</segmented>
  <object>
    <name>ship</name>
    <pose>Unspecified</pose>
    <truncated>0</truncated>
    <difficult>0</difficult>
    <bndbox>
      <xmin>26</xmin>
      <ymin>185</ymin>
      <xmax>57</xmax>
      <ymax>196</ymax>
      <x1>26</x1>
      <y1>185</y1>
      <x2>26</x2>
      <y2>196</y2>
      <x3>57</x3>
      <y3>196</y3>
      <x4>57</x4>
      <y4>185</y4>
    </bndbox>
  </object>
  <object>
    <name>ship</name>
    <pose>Unspecified</pose>
    <truncated>0</truncated>
    <difficult>0</difficult>
    <bndbox>
      <xmin>101</xmin>
      <ymin>412</ymin>
      <xmax>118</xmax>
      <ymax>427</ymax>
      <x1>101</x1>
      <y1>412</y1>
      <x2>101</x2>
      <y2>427</y2>
      <x3>118</x3>
      <y3>427</y3>
      <x4>118</x4>
      <y4>412</y4>
    </bndbox>
  </object>
  <object>
    <name>ship</name>
    <pose>Unspecified</pose>
    <truncated>0</truncated>
    <difficult>0</difficult>
    <bndbox>
      <xmin>364</xmin>
      <ymin>302</ymin>
      <xmax>392</xmax>
      <ymax>314</ymax>
      <x1>364</x1>
      <y1>302</y1>
      <x2>364</x2>
      <y2>314</y2>
      <x3>392</x3>
      <y3>314</y3>
      <x4>392</x4>
      <y4>302</y4>
    </bndbox>
  </object>
  <object>
    <name>ship</name>
    <pose>Unspecified</pose>
    <truncated>0</truncated>
    <difficult>0</difficult>
    <bndbox>
      <xmin>437</xmin>
      <ymin>178</ymin>
      <xmax>462</xmax>
      <ymax>189</ymax>
      <x1>437</x1>
      <y1>178</y1>
      <x2>437</x2>
      <y2>189</y2>
      <x3>462</x3>
      <y3>189</y3>
      <x4>462</x4>
      <y4>178</y4>
    </bndbox>
  </object>
</annotation>
