<annotation>
  <folder>DATA</folder>
  <filename>000119.png</filename>
  <source>
    <database>Unknown</database>
  </source>
  <size>
    <width>500</width>
    <height>500</height>
    <depth>1</depth>
  </size>
  <segmented>0</segmented>
  <object>
    <name>ship</name>
    <pose>Unspecified</pose>
    <truncated>0</truncated>
    <difficult>0</difficult>
    <bndbox>
      <xmin>264</xmin>
      <ymin>184</ymin>
      <xmax>275</xmax>
      <ymax>207</ymax>
      <x1>264</x1>
      <y1>184</y1>
      <x2>264</x2>
      <y2>207</y2>
      <x3>275</x3>
      <y3>207</y3>
      <x4>275</x4>
      <y4>184</y4>
    </bndbox>
  </object>
</annotation>
