<annotation>
  <folder>DATA</folder>
  <filename>000127.png</filename>
  <source>
    <database>Unknown</database>
  </source>
  <size>
    <width>500</width>
    <height>500</height>
    <depth>1</depth>
  </size>
  <segmented>0</segmented>
  <object>
    <name>ship</name>
    <pose>Unspecified</pose>
    <truncated>0</truncated>
    <difficult>0</difficult>
    <bndbox>
      <xmin>20</xmin>
      <ymin>122</ymin>
      <xmax>29</xmax>
      <ymax>129</ymax>
      <x1>20</x1>
      <y1>122</y1>
      <x2>20</x2>
      <y2>129</y2>
      <x3>29</x3>
      <y3>129</y3>
      <x4>29</x4>
      <y4>122</y4>
    </bndbox>
  </object>
  <object>
    <name>ship</name>
    <pose>Unspecified</pose>
    <truncated>0</truncated>
    <difficult>0</difficult>
    <bndbox>
      <xmin>42</xmin>
      <ymin>239</ymin>
      <xmax>56</xmax>
      <ymax>246</ymax>
      <x1>42</x1>
      <y1>239</y1>
      <x2>42</x2>
      <y2>246</y2>
      <x3>56</x3>
      <y3>246</y3>
      <x4>56</x4>
      <y4>239</y4>
    </bndbox>
  </object>
  <object>
    <name>ship</name>
    <pose>Unspecified</pose>
    <truncated>0</truncated>
    <difficult>0</difficult>
    <bndbox>
      <xmin>148</xmin>
      <ymin>240</ymin>
      <xmax>158</xmax>
      <ymax>247</ymax>
      <x1>148</x1>
      <y1>240</y1>
      <x2>148</x2>
      <y2>247</y2>
      <x3>158</x3>
      <y3>247</y3>
      <x4>158</x4>
      <y4>240</y4>
    </bndbox>
  </object>
  <object>
    <name>ship</name>
    <pose>Unspecified</pose>
    <truncated>0</truncated>
    <difficult>0</difficult>
    <bndbox>
      <xmin>247</xmin>
      <ymin>231</ymin>
      <xmax>261</xmax>
      <ymax>240</ymax>
      <x1>247</x1>
      <y1>231</y1>
      <x2>247</x2>
      <y2>240</y2>
      <x3>261</x3>
      <y3>240</y3>
      <x4>261</x4>
      <y4>231</y4>
    </bndbox>
  </object>
  <object>
    <name>ship</name>
    <pose>Unspecified</pose>
    <truncated>0</truncated>
    <difficult>0</difficult>
    <bndbox>
      <xmin>331</xmin>
      <ymin>229</ymin>
      <xmax>341</xmax>
      <ymax>237</ymax>
      <x1>331</x1>
      <y1>229</y1>
      <x2>331</x2>
      <y2>237</y2>
      <x3>341</x3>
      <y3>237</y3>
      <x4>341</x4>
      <y4>229</y4>
    </bndbox>
  </object>
  <object>
    <name>ship</name>
    <pose>Unspecified</pose>
    <truncated>0</truncated>
    <difficult>0</difficult>
    <bndbox>
      <xmin>420</xmin>
      <ymin>202</ymin>
      <xmax>427</xmax>
      <ymax>211</ymax>
      <x1>420</x1>
      <y1>202</y1>
      <x2>420</x2>
      <y2>211</y2>
      <x3>427</x3>
      <y3>211</y3>
      <x4>427</x4>
      <y4>202</y4>
    </bndbox>
  </object>
  <object>
    <name>ship</name>
    <pose>Unspecified</pose>
    <truncated>0</truncated>
    <difficult>0</difficult>
    <bndbox>
      <xmin>347</xmin>
      <ymin>327</ymin>
      <xmax>361</xmax>
      <ymax>333</ymax>
      <x1>347</x1>
      <y1>327</y1>
      <x2>347</x2>
      <y2>333</y2>
      <x3>361</x3>
      <y3>333</y3>
      <x4>361</x4>
      <y4>327</y4>
    </bndbox>
  </object>
</annotation>
