<annotation>
  <folder>DATA</folder>
  <filename>000136.png</filename>
  <source>
    <database>Unknown</database>
  </source>
  <size>
    <width>500</width>
    <height>500</height>
    <depth>1</depth>
  </size>
  <segmented>0</segmented>
  <object>
    <name>ship</name>
    <pose>Unspecified</pose>
    <truncated>0</truncated>
    <difficult>0</difficult>
    <bndbox>
      <xmin>386</xmin>
      <ymin>52</ymin>
      <xmax>398</xmax>
      <ymax>64</ymax>
      <x1>386</x1>
      <y1>52</y1>
      <x2>386</x2>
      <y2>64</y2>
      <x3>398</x3>
      <y3>64</y3>
      <x4>398</x4>
      <y4>52</y4>
    </bndbox>
  </object>
  <object>
    <name>ship</name>
    <pose>Unspecified</pose>
    <truncated>0</truncated>
    <difficult>0</difficult>
    <bndbox>
      <xmin>145</xmin>
      <ymin>393</ymin>
      <xmax>162</xmax>
      <ymax>407</ymax>
      <x1>145</x1>
      <y1>393</y1>
      <x2>145</x2>
      <y2>407</y2>
      <x3>162</x3>
      <y3>407</y3>
      <x4>162</x4>
      <y4>393</y4>
    </bndbox>
  </object>
</annotation>
