<annotation>
  <folder>DATA</folder>
  <filename>000108.png</filename>
  <source>
    <database>Unknown</database>
  </source>
  <size>
    <width>500</width>
    <height>500</height>
    <depth>1</depth>
  </size>
  <segmented>0</segmented>
  <object>
    <name>ship</name>
    <pose>Unspecified</pose>
    <truncated>0</truncated>
    <difficult>0</difficult>
    <bndbox>
      <xmin>70</xmin>
      <ymin>256</ymin>
      <xmax>90</xmax>
      <ymax>266</ymax>
      <x1>70</x1>
      <y1>256</y1>
      <x2>70</x2>
      <y2>266</y2>
      <x3>90</x3>
      <y3>266</y3>
      <x4>90</x4>
      <y4>256</y4>
    </bndbox>
  </object>
  <object>
    <name>ship</name>
    <pose>Unspecified</pose>
    <truncated>0</truncated>
    <difficult>0</difficult>
    <bndbox>
      <xmin>147</xmin>
      <ymin>282</ymin>
      <xmax>166</xmax>
      <ymax>290</ymax>
      <x1>147</x1>
      <y1>282</y1>
      <x2>147</x2>
      <y2>290</y2>
      <x3>166</x3>
      <y3>290</y3>
      <x4>166</x4>
      <y4>282</y4>
    </bndbox>
  </object>
  <object>
    <name>ship</name>
    <pose>Unspecified</pose>
    <truncated>0</truncated>
    <difficult>0</difficult>
    <bndbox>
      <xmin>157</xmin>
      <ymin>322</ymin>
      <xmax>176</xmax>
      <ymax>333</ymax>
      <x1>157</x1>
      <y1>322</y1>
      <x2>157</x2>
      <y2>333</y2>
      <x3>176</x3>
      <y3>333</y3>
      <x4>176</x4>
      <y4>322</y4>
    </bndbox>
  </object>
  <object>
    <name>ship</name>
    <pose>Unspecified</pose>
    <truncated>0</truncated>
    <difficult>0</difficult>
    <bndbox>
      <xmin>419</xmin>
      <ymin>218</ymin>
      <xmax>438</xmax>
      <ymax>228</ymax>
      <x1>419</x1>
      <y1>218</y1>
      <x2>419</x2>
      <y2>228</y2>
      <x3>438</x3>
      <y3>228</y3>
      <x4>438</x4>
      <y4>218</y4>
    </bndbox>
  </object>
</annotation>
