<annotation>
  <folder>DATA</folder>
  <filename>000188.png</filename>
  <source>
    <database>Unknown</database>
  </source>
  <size>
    <width>500</width>
    <height>500</height>
    <depth>1</depth>
  </size>
  <segmented>0</segmented>
  <object>
    <name>ship</name>
    <pose>Unspecified</pose>
    <truncated>0</truncated>
    <difficult>0</difficult>
    <bndbox>
      <xmin>275</xmin>
      <ymin>203</ymin>
      <xmax>294</xmax>
      <ymax>235</ymax>
      <x1>275</x1>
      <y1>203</y1>
      <x2>275</x2>
      <y2>235</y2>
      <x3>294</x3>
      <y3>235</y3>
      <x4>294</x4>
      <y4>203</y4>
    </bndbox>
  </object>
</annotation>
