<annotation>
  <folder>DATA</folder>
  <filename>000103.png</filename>
  <source>
    <database>Unknown</database>
  </source>
  <size>
    <width>500</width>
    <height>500</height>
    <depth>1</depth>
  </size>
  <segmented>0</segmented>
  <object>
    <name>ship</name>
    <pose>Unspecified</pose>
    <truncated>0</truncated>
    <difficult>0</difficult>
    <bndbox>
      <xmin>99</xmin>
      <ymin>122</ymin>
      <xmax>118</xmax>
      <ymax>131</ymax>
      <x1>99</x1>
      <y1>122</y1>
      <x2>99</x2>
      <y2>131</y2>
      <x3>118</x3>
      <y3>131</y3>
      <x4>118</x4>
      <y4>122</y4>
    </bndbox>
  </object>
  <object>
    <name>ship</name>
    <pose>Unspecified</pose>
    <truncated>0</truncated>
    <difficult>0</difficult>
    <bndbox>
      <xmin>290</xmin>
      <ymin>163</ymin>
      <xmax>313</xmax>
      <ymax>174</ymax>
      <x1>290</x1>
      <y1>163</y1>
      <x2>290</x2>
      <y2>174</y2>
      <x3>313</x3>
      <y3>174</y3>
      <x4>313</x4>
      <y4>163</y4>
    </bndbox>
  </object>
</annotation>
