<annotation>
  <folder>DATA</folder>
  <filename>000194.png</filename>
  <source>
    <database>Unknown</database>
  </source>
  <size>
    <width>500</width>
    <height>500</height>
    <depth>1</depth>
  </size>
  <segmented>0</segmented>
  <object>
    <name>ship</name>
    <pose>Unspecified</pose>
    <truncated>0</truncated>
    <difficult>0</difficult>
    <bndbox>
      <xmin>364</xmin>
      <ymin>131</ymin>
      <xmax>384</xmax>
      <ymax>139</ymax>
      <x1>364</x1>
      <y1>131</y1>
      <x2>364</x2>
      <y2>139</y2>
      <x3>384</x3>
      <y3>139</y3>
      <x4>384</x4>
      <y4>131</y4>
    </bndbox>
  </object>
</annotation>
