<annotation>
  <folder>DATA</folder>
  <filename>000141.png</filename>
  <source>
    <database>Unknown</database>
  </source>
  <size>
    <width>500</width>
    <height>500</height>
    <depth>1</depth>
  </size>
  <segmented>0</segmented>
  <object>
    <name>ship</name>
    <pose>Unspecified</pose>
    <truncated>0</truncated>
    <difficult>0</difficult>
    <bndbox>
      <xmin>211</xmin>
      <ymin>81</ymin>
      <xmax>231</xmax>
      <ymax>95</ymax>
      <x1>211</x1>
      <y1>81</y1>
      <x2>211</x2>
      <y2>95</y2>
      <x3>231</x3>
      <y3>95</y3>
      <x4>231</x4>
      <y4>81</y4>
    </bndbox>
  </object>
  <object>
    <name>ship</name>
    <pose>Unspecified</pose>
    <truncated>0</truncated>
    <difficult>0</difficult>
    <bndbox>
      <xmin>364</xmin>
      <ymin>16</ymin>
      <xmax>379</xmax>
      <ymax>30</ymax>
      <x1>364</x1>
      <y1>16</y1>
      <x2>364</x2>
      <y2>30</y2>
      <x3>379</x3>
      <y3>30</y3>
      <x4>379</x4>
      <y4>16</y4>
    </bndbox>
  </object>
  <object>
    <name>ship</name>
    <pose>Unspecified</pose>
    <truncated>0</truncated>
    <difficult>0</difficult>
    <bndbox>
      <xmin>380</xmin>
      <ymin>147</ymin>
      <xmax>396</xmax>
      <ymax>163</ymax>
      <x1>380</x1>
      <y1>147</y1>
      <x2>380</x2>
      <y2>163</y2>
      <x3>396</x3>
      <y3>163</y3>
      <x4>396</x4>
      <y4>147</y4>
    </bndbox>
  </object>
  <object>
    <name>ship</name>
    <pose>Unspecified</pose>
    <truncated>0</truncated>
    <difficult>0</difficult>
    <bndbox>
      <xmin>441</xmin>
      <ymin>254</ymin>
      <xmax>459</xmax>
      <ymax>276</ymax>
      <x1>441</x1>
      <y1>254</y1>
      <x2>441</x2>
      <y2>276</y2>
      <x3>459</x3>
      <y3>276</y3>
      <x4>459</x4>
      <y4>254</y4>
    </bndbox>
  </object>
  <object>
    <name>ship</name>
    <pose>Unspecified</pose>
    <truncated>0</truncated>
    <difficult>0</difficult>
    <bndbox>
      <xmin>187</xmin>
      <ymin>240</ymin>
      <xmax>203</xmax>
      <ymax>263</ymax>
      <x1>187</x1>
      <y1>240</y1>
      <x2>187</x2>
      <y2>263</y2>
      <x3>203</x3>
      <y3>263</y3>
      <x4>203</x4>
      <y4>240</y4>
    </bndbox>
  </object>
</annotation>
