<annotation>
  <folder>DATA</folder>
  <filename>000115.png</filename>
  <source>
    <database>Unknown</database>
  </source>
  <size>
    <width>500</width>
    <height>500</height>
    <depth>1</depth>
  </size>
  <segmented>0</segmented>
  <object>
    <name>ship</name>
    <pose>Unspecified</pose>
    <truncated>0</truncated>
    <difficult>0</difficult>
    <bndbox>
      <xmin>225</xmin>
      <ymin>125</ymin>
      <xmax>233</xmax>
      <ymax>156</ymax>
      <x1>225</x1>
      <y1>125</y1>
      <x2>225</x2>
      <y2>156</y2>
      <x3>233</x3>
      <y3>156</y3>
      <x4>233</x4>
      <y4>125</y4>
    </bndbox>
  </object>
  <object>
    <name>ship</name>
    <pose>Unspecified</pose>
    <truncated>0</truncated>
    <difficult>0</difficult>
    <bndbox>
      <xmin>100</xmin>
      <ymin>415</ymin>
      <xmax>109</xmax>
      <ymax>437</ymax>
      <x1>100</x1>
      <y1>415</y1>
      <x2>100</x2>
      <y2>437</y2>
      <x3>109</x3>
      <y3>437</y3>
      <x4>109</x4>
      <y4>415</y4>
    </bndbox>
  </object>
  <object>
    <name>ship</name>
    <pose>Unspecified</pose>
    <truncated>0</truncated>
    <difficult>0</difficult>
    <bndbox>
      <xmin>428</xmin>
      <ymin>395</ymin>
      <xmax>438</xmax>
      <ymax>428</ymax>
      <x1>428</x1>
      <y1>395</y1>
      <x2>428</x2>
      <y2>428</y2>
      <x3>438</x3>
      <y3>428</y3>
      <x4>438</x4>
      <y4>395</y4>
    </bndbox>
  </object>
</annotation>
