<annotation>
  <folder>DATA</folder>
  <filename>000129.png</filename>
  <source>
    <database>Unknown</database>
  </source>
  <size>
    <width>500</width>
    <height>500</height>
    <depth>1</depth>
  </size>
  <segmented>0</segmented>
  <object>
    <name>ship</name>
    <pose>Unspecified</pose>
    <truncated>0</truncated>
    <difficult>0</difficult>
    <bndbox>
      <xmin>41</xmin>
      <ymin>116</ymin>
      <xmax>73</xmax>
      <ymax>127</ymax>
      <x1>41</x1>
      <y1>116</y1>
      <x2>41</x2>
      <y2>127</y2>
      <x3>73</x3>
      <y3>127</y3>
      <x4>73</x4>
      <y4>116</y4>
    </bndbox>
  </object>
  <object>
    <name>ship</name>
    <pose>Unspecified</pose>
    <truncated>0</truncated>
    <difficult>0</difficult>
    <bndbox>
      <xmin>83</xmin>
      <ymin>253</ymin>
      <xmax>112</xmax>
      <ymax>263</ymax>
      <x1>83</x1>
      <y1>253</y1>
      <x2>83</x2>
      <y2>263</y2>
      <x3>112</x3>
      <y3>263</y3>
      <x4>112</x4>
      <y4>253</y4>
    </bndbox>
  </object>
  <object>
    <name>ship</name>
    <pose>Unspecified</pose>
    <truncated>0</truncated>
    <difficult>0</difficult>
    <bndbox>
      <xmin>188</xmin>
      <ymin>349</ymin>
      <xmax>218</xmax>
      <ymax>360</ymax>
      <x1>188</x1>
      <y1>349</y1>
      <x2>188</x2>
      <y2>360</y2>
      <x3>218</x3>
      <y3>360</y3>
      <x4>218</x4>
      <y4>349</y4>
    </bndbox>
  </object>
  <object>
    <name>ship</name>
    <pose>Unspecified</pose>
    <truncated>0</truncated>
    <difficult>0</difficult>
    <bndbox>
      <xmin>429</xmin>
      <ymin>111</ymin>
      <xmax>457</xmax>
      <ymax>120</ymax>
      <x1>429</x1>
      <y1>111</y1>
      <x2>429</x2>
      <y2>120</y2>
      <x3>457</x3>
      <y3>120</y3>
      <x4>457</x4>
      <y4>111</y4>
    </bndbox>
  </object>
</annotation>
