<annotation>
  <folder>DATA</folder>
  <filename>000107.png</filename>
  <source>
    <database>Unknown</database>
  </source>
  <size>
    <width>500</width>
    <height>500</height>
    <depth>1</depth>
  </size>
  <segmented>0</segmented>
  <object>
    <name>ship</name>
    <pose>Unspecified</pose>
    <truncated>0</truncated>
    <difficult>0</difficult>
    <bndbox>
      <xmin>209</xmin>
      <ymin>234</ymin>
      <xmax>224</xmax>
      <ymax>248</ymax>
      <x1>209</x1>
      <y1>234</y1>
      <x2>209</x2>
      <y2>248</y2>
      <x3>224</x3>
      <y3>248</y3>
      <x4>224</x4>
      <y4>234</y4>
    </bndbox>
  </object>
</annotation>
