<annotation>
  <folder>DATA</folder>
  <filename>000150.png</filename>
  <source>
    <database>Unknown</database>
  </source>
  <size>
    <width>500</width>
    <height>500</height>
    <depth>1</depth>
  </size>
  <segmented>0</segmented>
  <object>
    <name>ship</name>
    <pose>Unspecified</pose>
    <truncated>0</truncated>
    <difficult>0</difficult>
    <bndbox>
      <xmin>288</xmin>
      <ymin>130</ymin>
      <xmax>305</xmax>
      <ymax>138</ymax>
      <x1>288</x1>
      <y1>130</y1>
      <x2>288</x2>
      <y2>138</y2>
      <x3>305</x3>
      <y3>138</y3>
      <x4>305</x4>
      <y4>130</y4>
    </bndbox>
  </object>
  <object>
    <name>ship</name>
    <pose>Unspecified</pose>
    <truncated>0</truncated>
    <difficult>0</difficult>
    <bndbox>
      <xmin>111</xmin>
      <ymin>356</ymin>
      <xmax>129</xmax>
      <ymax>368</ymax>
      <x1>111</x1>
      <y1>356</y1>
      <x2>111</x2>
      <y2>368</y2>
      <x3>129</x3>
      <y3>368</y3>
      <x4>129</x4>
      <y4>356</y4>
    </bndbox>
  </object>
</annotation>
