<annotation>
  <folder>DATA</folder>
  <filename>000171.png</filename>
  <source>
    <database>Unknown</database>
  </source>
  <size>
    <width>500</width>
    <height>500</height>
    <depth>1</depth>
  </size>
  <segmented>0</segmented>
  <object>
    <name>ship</name>
    <pose>Unspecified</pose>
    <truncated>0</truncated>
    <difficult>0</difficult>
    <bndbox>
      <xmin>239</xmin>
      <ymin>229</ymin>
      <xmax>252</xmax>
      <ymax>244</ymax>
      <x1>239</x1>
      <y1>229</y1>
      <x2>239</x2>
      <y2>244</y2>
      <x3>252</x3>
      <y3>244</y3>
      <x4>252</x4>
      <y4>229</y4>
    </bndbox>
  </object>
  <object>
    <name>ship</name>
    <pose>Unspecified</pose>
    <truncated>0</truncated>
    <difficult>0</difficult>
    <bndbox>
      <xmin>250</xmin>
      <ymin>228</ymin>
      <xmax>263</xmax>
      <ymax>254</ymax>
      <x1>250</x1>
      <y1>228</y1>
      <x2>250</x2>
      <y2>254</y2>
      <x3>263</x3>
      <y3>254</y3>
      <x4>263</x4>
      <y4>228</y4>
    </bndbox>
  </object>
</annotation>
