<annotation>
  <folder>DATA</folder>
  <filename>000179.png</filename>
  <source>
    <database>Unknown</database>
  </source>
  <size>
    <width>500</width>
    <height>500</height>
    <depth>1</depth>
  </size>
  <segmented>0</segmented>
  <object>
    <name>ship</name>
    <pose>Unspecified</pose>
    <truncated>0</truncated>
    <difficult>0</difficult>
    <bndbox>
      <xmin>195</xmin>
      <ymin>183</ymin>
      <xmax>219</xmax>
      <ymax>210</ymax>
      <x1>195</x1>
      <y1>183</y1>
      <x2>195</x2>
      <y2>210</y2>
      <x3>219</x3>
      <y3>210</y3>
      <x4>219</x4>
      <y4>183</y4>
    </bndbox>
  </object>
  <object>
    <name>ship</name>
    <pose>Unspecified</pose>
    <truncated>0</truncated>
    <difficult>0</difficult>
    <bndbox>
      <xmin>270</xmin>
      <ymin>48</ymin>
      <xmax>286</xmax>
      <ymax>62</ymax>
      <x1>270</x1>
      <y1>48</y1>
      <x2>270</x2>
      <y2>62</y2>
      <x3>286</x3>
      <y3>62</y3>
      <x4>286</x4>
      <y4>48</y4>
    </bndbox>
  </object>
  <object>
    <name>ship</name>
    <pose>Unspecified</pose>
    <truncated>0</truncated>
    <difficult>0</difficult>
    <bndbox>
      <xmin>357</xmin>
      <ymin>181</ymin>
      <xmax>370</xmax>
      <ymax>198</ymax>
      <x1>357</x1>
      <y1>181</y1>
      <x2>357</x2>
      <y2>198</y2>
      <x3>370</x3>
      <y3>198</y3>
      <x4>370</x4>
      <y4>181</y4>
    </bndbox>
  </object>
  <object>
    <name>ship</name>
    <pose>Unspecified</pose>
    <truncated>0</truncated>
    <difficult>0</difficult>
    <bndbox>
      <xmin>215</xmin>
      <ymin>340</ymin>
      <xmax>236</xmax>
      <ymax>355</ymax>
      <x1>215</x1>
      <y1>340</y1>
      <x2>215</x2>
      <y2>355</y2>
      <x3>236</x3>
      <y3>355</y3>
      <x4>236</x4>
      <y4>340</y4>
    </bndbox>
  </object>
  <object>
    <name>ship</name>
    <pose>Unspecified</pose>
    <truncated>0</truncated>
    <difficult>0</difficult>
    <bndbox>
      <xmin>42</xmin>
      <ymin>280</ymin>
      <xmax>59</xmax>
      <ymax>297</ymax>
      <x1>42</x1>
      <y1>280</y1>
      <x2>42</x2>
      <y2>297</y2>
      <x3>59</x3>
      <y3>297</y3>
      <x4>59</x4>
      <y4>280</y4>
    </bndbox>
  </object>
</annotation>
