<annotation>
  <folder>DATA</folder>
  <filename>000176.png</filename>
  <source>
    <database>Unknown</database>
  </source>
  <size>
    <width>500</width>
    <height>500</height>
    <depth>1</depth>
  </size>
  <segmented>0</segmented>
  <object>
    <name>ship</name>
    <pose>Unspecified</pose>
    <truncated>0</truncated>
    <difficult>0</difficult>
    <bndbox>
      <xmin>265</xmin>
      <ymin>228</ymin>
      <xmax>285</xmax>
      <ymax>236</ymax>
      <x1>265</x1>
      <y1>228</y1>
      <x2>265</x2>
      <y2>236</y2>
      <x3>285</x3>
      <y3>236</y3>
      <x4>285</x4>
      <y4>228</y4>
    </bndbox>
  </object>
  <object>
    <name>ship</name>
    <pose>Unspecified</pose>
    <truncated>0</truncated>
    <difficult>0</difficult>
    <bndbox>
      <xmin>137</xmin>
      <ymin>249</ymin>
      <xmax>147</xmax>
      <ymax>264</ymax>
      <x1>137</x1>
      <y1>249</y1>
      <x2>137</x2>
      <y2>264</y2>
      <x3>147</x3>
      <y3>264</y3>
      <x4>147</x4>
      <y4>249</y4>
    </bndbox>
  </object>
  <object>
    <name>ship</name>
    <pose>Unspecified</pose>
    <truncated>0</truncated>
    <difficult>0</difficult>
    <bndbox>
      <xmin>44</xmin>
      <ymin>192</ymin>
      <xmax>72</xmax>
      <ymax>209</ymax>
      <x1>44</x1>
      <y1>192</y1>
      <x2>44</x2>
      <y2>209</y2>
      <x3>72</x3>
      <y3>209</y3>
      <x4>72</x4>
      <y4>192</y4>
    </bndbox>
  </object>
  <object>
    <name>ship</name>
    <pose>Unspecified</pose>
    <truncated>0</truncated>
    <difficult>0</difficult>
    <bndbox>
      <xmin>93</xmin>
      <ymin>401</ymin>
      <xmax>114</xmax>
      <ymax>412</ymax>
      <x1>93</x1>
      <y1>401</y1>
      <x2>93</x2>
      <y2>412</y2>
      <x3>114</x3>
      <y3>412</y3>
      <x4>114</x4>
      <y4>401</y4>
    </bndbox>
  </object>
  <object>
    <name>ship</name>
    <pose>Unspecified</pose>
    <truncated>0</truncated>
    <difficult>0</difficult>
    <bndbox>
      <xmin>204</xmin>
      <ymin>430</ymin>
      <xmax>212</xmax>
      <ymax>448</ymax>
      <x1>204</x1>
      <y1>430</y1>
      <x2>204</x2>
      <y2>448</y2>
      <x3>212</x3>
      <y3>448</y3>
      <x4>212</x4>
      <y4>430</y4>
    </bndbox>
  </object>
  <object>
    <name>ship</name>
    <pose>Unspecified</pose>
    <truncated>0</truncated>
    <difficult>0</difficult>
    <bndbox>
      <xmin>272</xmin>
      <ymin>468</ymin>
      <xmax>296</xmax>
      <ymax>485</ymax>
      <x1>272</x1>
      <y1>468</y1>
      <x2>272</x2>
      <y2>485</y2>
      <x3>296</x3>
      <y3>485</y3>
      <x4>296</x4>
      <y4>468</y4>
    </bndbox>
  </object>
  <object>
    <name>ship</name>
    <pose>Unspecified</pose>
    <truncated>0</truncated>
    <difficult>0</difficult>
    <bndbox>
      <xmin>197</xmin>
      <ymin>96</ymin>
      <xmax>232</xmax>
      <ymax>115</ymax>
      <x1>197</x1>
      <y1>96</y1>
      <x2>197</x2>
      <y2>115</y2>
      <x3>232</x3>
      <y3>115</y3>
      <x4>232</x4>
      <y4>96</y4>
    </bndbox>
  </object>
</annotation>
