<annotation>
  <folder>DATA</folder>
  <filename>000149.png</filename>
  <source>
    <database>Unknown</database>
  </source>
  <size>
    <width>500</width>
    <height>500</height>
    <depth>1</depth>
  </size>
  <segmented>0</segmented>
  <object>
    <name>ship</name>
    <pose>Unspecified</pose>
    <truncated>0</truncated>
    <difficult>0</difficult>
    <bndbox>
      <xmin>112</xmin>
      <ymin>99</ymin>
      <xmax>140</xmax>
      <ymax>109</ymax>
      <x1>112</x1>
      <y1>99</y1>
      <x2>112</x2>
      <y2>109</y2>
      <x3>140</x3>
      <y3>109</y3>
      <x4>140</x4>
      <y4>99</y4>
    </bndbox>
  </object>
  <object>
    <name>ship</name>
    <pose>Unspecified</pose>
    <truncated>0</truncated>
    <difficult>0</difficult>
    <bndbox>
      <xmin>222</xmin>
      <ymin>224</ymin>
      <xmax>245</xmax>
      <ymax>238</ymax>
      <x1>222</x1>
      <y1>224</y1>
      <x2>222</x2>
      <y2>238</y2>
      <x3>245</x3>
      <y3>238</y3>
      <x4>245</x4>
      <y4>224</y4>
    </bndbox>
  </object>
</annotation>
