<annotation>
  <folder>DATA</folder>
  <filename>000198.png</filename>
  <source>
    <database>Unknown</database>
  </source>
  <size>
    <width>500</width>
    <height>500</height>
    <depth>1</depth>
  </size>
  <segmented>0</segmented>
  <object>
    <name>ship</name>
    <pose>Unspecified</pose>
    <truncated>0</truncated>
    <difficult>0</difficult>
    <bndbox>
      <xmin>232</xmin>
      <ymin>354</ymin>
      <xmax>254</xmax>
      <ymax>377</ymax>
      <x1>232</x1>
      <y1>354</y1>
      <x2>232</x2>
      <y2>377</y2>
      <x3>254</x3>
      <y3>377</y3>
      <x4>254</x4>
      <y4>354</y4>
    </bndbox>
  </object>
  <object>
    <name>ship</name>
    <pose>Unspecified</pose>
    <truncated>0</truncated>
    <difficult>0</difficult>
    <bndbox>
      <xmin>115</xmin>
      <ymin>146</ymin>
      <xmax>135</xmax>
      <ymax>157</ymax>
      <x1>115</x1>
      <y1>146</y1>
      <x2>115</x2>
      <y2>157</y2>
      <x3>135</x3>
      <y3>157</y3>
      <x4>135</x4>
      <y4>146</y4>
    </bndbox>
  </object>
</annotation>
