<annotation>
  <folder>DATA</folder>
  <filename>000120.png</filename>
  <source>
    <database>Unknown</database>
  </source>
  <size>
    <width>500</width>
    <height>500</height>
    <depth>1</depth>
  </size>
  <segmented>0</segmented>
  <object>
    <name>ship</name>
    <pose>Unspecified</pose>
    <truncated>0</truncated>
    <difficult>0</difficult>
    <bndbox>
      <xmin>90</xmin>
      <ymin>194</ymin>
      <xmax>100</xmax>
      <ymax>209</ymax>
      <x1>90</x1>
      <y1>194</y1>
      <x2>90</x2>
      <y2>209</y2>
      <x3>100</x3>
      <y3>209</y3>
      <x4>100</x4>
      <y4>194</y4>
    </bndbox>
  </object>
  <object>
    <name>ship</name>
    <pose>Unspecified</pose>
    <truncated>0</truncated>
    <difficult>0</difficult>
    <bndbox>
      <xmin>250</xmin>
      <ymin>304</ymin>
      <xmax>259</xmax>
      <ymax>322</ymax>
      <x1>250</x1>
      <y1>304</y1>
      <x2>250</x2>
      <y2>322</y2>
      <x3>259</x3>
      <y3>322</y3>
      <x4>259</x4>
      <y4>304</y4>
    </bndbox>
  </object>
  <object>
    <name>ship</name>
    <pose>Unspecified</pose>
    <truncated>0</truncated>
    <difficult>0</difficult>
    <bndbox>
      <xmin>363</xmin>
      <ymin>411</ymin>
      <xmax>373</xmax>
      <ymax>431</ymax>
      <x1>363</x1>
      <y1>411</y1>
      <x2>363</x2>
      <y2>431</y2>
      <x3>373</x3>
      <y3>431</y3>
      <x4>373</x4>
      <y4>411</y4>
    </bndbox>
  </object>
  <object>
    <name>ship</name>
    <pose>Unspecified</pose>
    <truncated>0</truncated>
    <difficult>0</difficult>
    <bndbox>
      <xmin>459</xmin>
      <ymin>303</ymin>
      <xmax>465</xmax>
      <ymax>319</ymax>
      <x1>459</x1>
      <y1>303</y1>
      <x2>459</x2>
      <y2>319</y2>
      <x3>465</x3>
      <y3>319</y3>
      <x4>465</x4>
      <y4>303</y4>
    </bndbox>
  </object>
  <object>
    <name>ship</name>
    <pose>Unspecified</pose>
    <truncated>0</truncated>
    <difficult>0</difficult>
    <bndbox>
      <xmin>464</xmin>
      <ymin>157</ymin>
      <xmax>472</xmax>
      <ymax>174</ymax>
      <x1>464</x1>
      <y1>157</y1>
      <x2>464</x2>
      <y2>174</y2>
      <x3>472</x3>
      <y3>174</y3>
      <x4>472</x4>
      <y4>157</y4>
    </bndbox>
  </object>
</annotation>
