<annotation>
  <folder>DATA</folder>
  <filename>000143.png</filename>
  <source>
    <database>Unknown</database>
  </source>
  <size>
    <width>500</width>
    <height>500</height>
    <depth>1</depth>
  </size>
  <segmented>0</segmented>
  <object>
    <name>ship</name>
    <pose>Unspecified</pose>
    <truncated>0</truncated>
    <difficult>0</difficult>
    <bndbox>
      <xmin>42</xmin>
      <ymin>56</ymin>
      <xmax>61</xmax>
      <ymax>66</ymax>
      <x1>42</x1>
      <y1>56</y1>
      <x2>42</x2>
      <y2>66</y2>
      <x3>61</x3>
      <y3>66</y3>
      <x4>61</x4>
      <y4>56</y4>
    </bndbox>
  </object>
  <object>
    <name>ship</name>
    <pose>Unspecified</pose>
    <truncated>0</truncated>
    <difficult>0</difficult>
    <bndbox>
      <xmin>107</xmin>
      <ymin>167</ymin>
      <xmax>125</xmax>
      <ymax>176</ymax>
      <x1>107</x1>
      <y1>167</y1>
      <x2>107</x2>
      <y2>176</y2>
      <x3>125</x3>
      <y3>176</y3>
      <x4>125</x4>
      <y4>167</y4>
    </bndbox>
  </object>
  <object>
    <name>ship</name>
    <pose>Unspecified</pose>
    <truncated>0</truncated>
    <difficult>0</difficult>
    <bndbox>
      <xmin>14</xmin>
      <ymin>233</ymin>
      <xmax>29</xmax>
      <ymax>239</ymax>
      <x1>14</x1>
      <y1>233</y1>
      <x2>14</x2>
      <y2>239</y2>
      <x3>29</x3>
      <y3>239</y3>
      <x4>29</x4>
      <y4>233</y4>
    </bndbox>
  </object>
  <object>
    <name>ship</name>
    <pose>Unspecified</pose>
    <truncated>0</truncated>
    <difficult>0</difficult>
    <bndbox>
      <xmin>121</xmin>
      <ymin>268</ymin>
      <xmax>142</xmax>
      <ymax>277</ymax>
      <x1>121</x1>
      <y1>268</y1>
      <x2>121</x2>
      <y2>277</y2>
      <x3>142</x3>
      <y3>277</y3>
      <x4>142</x4>
      <y4>268</y4>
    </bndbox>
  </object>
  <object>
    <name>ship</name>
    <pose>Unspecified</pose>
    <truncated>0</truncated>
    <difficult>0</difficult>
    <bndbox>
      <xmin>207</xmin>
      <ymin>430</ymin>
      <xmax>218</xmax>
      <ymax>445</ymax>
      <x1>207</x1>
      <y1>430</y1>
      <x2>207</x2>
      <y2>445</y2>
      <x3>218</x3>
      <y3>445</y3>
      <x4>218</x4>
      <y4>430</y4>
    </bndbox>
  </object>
  <object>
    <name>ship</name>
    <pose>Unspecified</pose>
    <truncated>0</truncated>
    <difficult>0</difficult>
    <bndbox>
      <xmin>282</xmin>
      <ymin>70</ymin>
      <xmax>299</xmax>
      <ymax>77</ymax>
      <x1>282</x1>
      <y1>70</y1>
      <x2>282</x2>
      <y2>77</y2>
      <x3>299</x3>
      <y3>77</y3>
      <x4>299</x4>
      <y4>70</y4>
    </bndbox>
  </object>
  <object>
    <name>ship</name>
    <pose>Unspecified</pose>
    <truncated>0</truncated>
    <difficult>0</difficult>
    <bndbox>
      <xmin>394</xmin>
      <ymin>52</ymin>
      <xmax>416</xmax>
      <ymax>59</ymax>
      <x1>394</x1>
      <y1>52</y1>
      <x2>394</x2>
      <y2>59</y2>
      <x3>416</x3>
      <y3>59</y3>
      <x4>416</x4>
      <y4>52</y4>
    </bndbox>
  </object>
  <object>
    <name>ship</name>
    <pose>Unspecified</pose>
    <truncated>0</truncated>
    <difficult>0</difficult>
    <bndbox>
      <xmin>249</xmin>
      <ymin>197</ymin>
      <xmax>264</xmax>
      <ymax>203</ymax>
      <x1>249</x1>
      <y1>197</y1>
      <x2>249</x2>
      <y2>203</y2>
      <x3>264</x3>
      <y3>203</y3>
      <x4>264</x4>
      <y4>197</y4>
    </bndbox>
  </object>
  <object>
    <name>ship</name>
    <pose>Unspecified</pose>
    <truncated>0</truncated>
    <difficult>0</difficult>
    <bndbox>
      <xmin>242</xmin>
      <ymin>288</ymin>
      <xmax>257</xmax>
      <ymax>294</ymax>
      <x1>242</x1>
      <y1>288</y1>
      <x2>242</x2>
      <y2>294</y2>
      <x3>257</x3>
      <y3>294</y3>
      <x4>257</x4>
      <y4>288</y4>
    </bndbox>
  </object>
  <object>
    <name>ship</name>
    <pose>Unspecified</pose>
    <truncated>0</truncated>
    <difficult>0</difficult>
    <bndbox>
      <xmin>383</xmin>
      <ymin>226</ymin>
      <xmax>400</xmax>
      <ymax>234</ymax>
      <x1>383</x1>
      <y1>226</y1>
      <x2>383</x2>
      <y2>234</y2>
      <x3>400</x3>
      <y3>234</y3>
      <x4>400</x4>
      <y4>226</y4>
    </bndbox>
  </object>
  <object>
    <name>ship</name>
    <pose>Unspecified</pose>
    <truncated>0</truncated>
    <difficult>0</difficult>
    <bndbox>
      <xmin>375</xmin>
      <ymin>356</ymin>
      <xmax>390</xmax>
      <ymax>363</ymax>
      <x1>375</x1>
      <y1>356</y1>
      <x2>375</x2>
      <y2>363</y2>
      <x3>390</x3>
      <y3>363</y3>
      <x4>390</x4>
      <y4>356</y4>
    </bndbox>
  </object>
  <object>
    <name>ship</name>
    <pose>Unspecified</pose>
    <truncated>0</truncated>
    <difficult>0</difficult>
    <bndbox>
      <xmin>295</xmin>
      <ymin>473</ymin>
      <xmax>312</xmax>
      <ymax>482</ymax>
      <x1>295</x1>
      <y1>473</y1>
      <x2>295</x2>
      <y2>482</y2>
      <x3>312</x3>
      <y3>482</y3>
      <x4>312</x4>
      <y4>473</y4>
    </bndbox>
  </object>
</annotation>
