<annotation>
  <folder>DATA</folder>
  <filename>000158.png</filename>
  <source>
    <database>Unknown</database>
  </source>
  <size>
    <width>500</width>
    <height>500</height>
    <depth>1</depth>
  </size>
  <segmented>0</segmented>
  <object>
    <name>ship</name>
    <pose>Unspecified</pose>
    <truncated>0</truncated>
    <difficult>0</difficult>
    <bndbox>
      <xmin>304</xmin>
      <ymin>158</ymin>
      <xmax>342</xmax>
      <ymax>168</ymax>
      <x1>304</x1>
      <y1>158</y1>
      <x2>304</x2>
      <y2>168</y2>
      <x3>342</x3>
      <y3>168</y3>
      <x4>342</x4>
      <y4>158</y4>
    </bndbox>
  </object>
  <object>
    <name>ship</name>
    <pose>Unspecified</pose>
    <truncated>0</truncated>
    <difficult>0</difficult>
    <bndbox>
      <xmin>169</xmin>
      <ymin>188</ymin>
      <xmax>191</xmax>
      <ymax>198</ymax>
      <x1>169</x1>
      <y1>188</y1>
      <x2>169</x2>
      <y2>198</y2>
      <x3>191</x3>
      <y3>198</y3>
      <x4>191</x4>
      <y4>188</y4>
    </bndbox>
  </object>
  <object>
    <name>ship</name>
    <pose>Unspecified</pose>
    <truncated>0</truncated>
    <difficult>0</difficult>
    <bndbox>
      <xmin>28</xmin>
      <ymin>337</ymin>
      <xmax>55</xmax>
      <ymax>346</ymax>
      <x1>28</x1>
      <y1>337</y1>
      <x2>28</x2>
      <y2>346</y2>
      <x3>55</x3>
      <y3>346</y3>
      <x4>55</x4>
      <y4>337</y4>
    </bndbox>
  </object>
  <object>
    <name>ship</name>
    <pose>Unspecified</pose>
    <truncated>0</truncated>
    <difficult>0</difficult>
    <bndbox>
      <xmin>190</xmin>
      <ymin>420</ymin>
      <xmax>214</xmax>
      <ymax>432</ymax>
      <x1>190</x1>
      <y1>420</y1>
      <x2>190</x2>
      <y2>432</y2>
      <x3>214</x3>
      <y3>432</y3>
      <x4>214</x4>
      <y4>420</y4>
    </bndbox>
  </object>
  <object>
    <name>ship</name>
    <pose>Unspecified</pose>
    <truncated>0</truncated>
    <difficult>0</difficult>
    <bndbox>
      <xmin>344</xmin>
      <ymin>346</ymin>
      <xmax>366</xmax>
      <ymax>357</ymax>
      <x1>344</x1>
      <y1>346</y1>
      <x2>344</x2>
      <y2>357</y2>
      <x3>366</x3>
      <y3>357</y3>
      <x4>366</x4>
      <y4>346</y4>
    </bndbox>
  </object>
  <object>
    <name>ship</name>
    <pose>Unspecified</pose>
    <truncated>0</truncated>
    <difficult>0</difficult>
    <bndbox>
      <xmin>462</xmin>
      <ymin>349</ymin>
      <xmax>487</xmax>
      <ymax>363</ymax>
      <x1>462</x1>
      <y1>349</y1>
      <x2>462</x2>
      <y2>363</y2>
      <x3>487</x3>
      <y3>363</y3>
      <x4>487</x4>
      <y4>349</y4>
    </bndbox>
  </object>
</annotation>
