<annotation>
  <folder>DATA</folder>
  <filename>000104.png</filename>
  <source>
    <database>Unknown</database>
  </source>
  <size>
    <width>500</width>
    <height>500</height>
    <depth>1</depth>
  </size>
  <segmented>0</segmented>
  <object>
    <name>ship</name>
    <pose>Unspecified</pose>
    <truncated>0</truncated>
    <difficult>0</difficult>
    <bndbox>
      <xmin>34</xmin>
      <ymin>285</ymin>
      <xmax>53</xmax>
      <ymax>310</ymax>
      <x1>34</x1>
      <y1>285</y1>
      <x2>34</x2>
      <y2>310</y2>
      <x3>53</x3>
      <y3>310</y3>
      <x4>53</x4>
      <y4>285</y4>
    </bndbox>
  </object>
  <object>
    <name>ship</name>
    <pose>Unspecified</pose>
    <truncated>0</truncated>
    <difficult>0</difficult>
    <bndbox>
      <xmin>87</xmin>
      <ymin>320</ymin>
      <xmax>100</xmax>
      <ymax>336</ymax>
      <x1>87</x1>
      <y1>320</y1>
      <x2>87</x2>
      <y2>336</y2>
      <x3>100</x3>
      <y3>336</y3>
      <x4>100</x4>
      <y4>320</y4>
    </bndbox>
  </object>
  <object>
    <name>ship</name>
    <pose>Unspecified</pose>
    <truncated>0</truncated>
    <difficult>0</difficult>
    <bndbox>
      <xmin>53</xmin>
      <ymin>353</ymin>
      <xmax>73</xmax>
      <ymax>373</ymax>
      <x1>53</x1>
      <y1>353</y1>
      <x2>53</x2>
      <y2>373</y2>
      <x3>73</x3>
      <y3>373</y3>
      <x4>73</x4>
      <y4>353</y4>
    </bndbox>
  </object>
  <object>
    <name>ship</name>
    <pose>Unspecified</pose>
    <truncated>0</truncated>
    <difficult>0</difficult>
    <bndbox>
      <xmin>9</xmin>
      <ymin>366</ymin>
      <xmax>32</xmax>
      <ymax>392</ymax>
      <x1>9</x1>
      <y1>366</y1>
      <x2>9</x2>
      <y2>392</y2>
      <x3>32</x3>
      <y3>392</y3>
      <x4>32</x4>
      <y4>366</y4>
    </bndbox>
  </object>
  <object>
    <name>ship</name>
    <pose>Unspecified</pose>
    <truncated>0</truncated>
    <difficult>0</difficult>
    <bndbox>
      <xmin>135</xmin>
      <ymin>396</ymin>
      <xmax>151</xmax>
      <ymax>418</ymax>
      <x1>135</x1>
      <y1>396</y1>
      <x2>135</x2>
      <y2>418</y2>
      <x3>151</x3>
      <y3>418</y3>
      <x4>151</x4>
      <y4>396</y4>
    </bndbox>
  </object>
  <object>
    <name>ship</name>
    <pose>Unspecified</pose>
    <truncated>0</truncated>
    <difficult>0</difficult>
    <bndbox>
      <xmin>202</xmin>
      <ymin>434</ymin>
      <xmax>216</xmax>
      <ymax>448</ymax>
      <x1>202</x1>
      <y1>434</y1>
      <x2>202</x2>
      <y2>448</y2>
      <x3>216</x3>
      <y3>448</y3>
      <x4>216</x4>
      <y4>434</y4>
    </bndbox>
  </object>
  <object>
    <name>ship</name>
    <pose>Unspecified</pose>
    <truncated>0</truncated>
    <difficult>1</difficult>
    <bndbox>
      <xmin>197</xmin>
      <ymin>452</ymin>
      <xmax>206</xmax>
      <ymax>463</ymax>
      <x1>197</x1>
      <y1>452</y1>
      <x2>197</x2>
      <y2>463</y2>
      <x3>206</x3>
      <y3>463</y3>
      <x4>206</x4>
      <y4>452</y4>
    </bndbox>
  </object>
</annotation>
