<annotation>
  <folder>DATA</folder>
  <filename>000148.png</filename>
  <source>
    <database>Unknown</database>
  </source>
  <size>
    <width>500</width>
    <height>500</height>
    <depth>1</depth>
  </size>
  <segmented>0</segmented>
  <object>
    <name>ship</name>
    <pose>Unspecified</pose>
    <truncated>0</truncated>
    <difficult>0</difficult>
    <bndbox>
      <xmin>57</xmin>
      <ymin>107</ymin>
      <xmax>81</xmax>
      <ymax>116</ymax>
      <x1>57</x1>
      <y1>107</y1>
      <x2>57</x2>
      <y2>116</y2>
      <x3>81</x3>
      <y3>116</y3>
      <x4>81</x4>
      <y4>107</y4>
    </bndbox>
  </object>
  <object>
    <name>ship</name>
    <pose>Unspecified</pose>
    <truncated>0</truncated>
    <difficult>0</difficult>
    <bndbox>
      <xmin>183</xmin>
      <ymin>227</ymin>
      <xmax>205</xmax>
      <ymax>235</ymax>
      <x1>183</x1>
      <y1>227</y1>
      <x2>183</x2>
      <y2>235</y2>
      <x3>205</x3>
      <y3>235</y3>
      <x4>205</x4>
      <y4>227</y4>
    </bndbox>
  </object>
  <object>
    <name>ship</name>
    <pose>Unspecified</pose>
    <truncated>0</truncated>
    <difficult>0</difficult>
    <bndbox>
      <xmin>125</xmin>
      <ymin>318</ymin>
      <xmax>154</xmax>
      <ymax>328</ymax>
      <x1>125</x1>
      <y1>318</y1>
      <x2>125</x2>
      <y2>328</y2>
      <x3>154</x3>
      <y3>328</y3>
      <x4>154</x4>
      <y4>318</y4>
    </bndbox>
  </object>
  <object>
    <name>ship</name>
    <pose>Unspecified</pose>
    <truncated>0</truncated>
    <difficult>0</difficult>
    <bndbox>
      <xmin>320</xmin>
      <ymin>355</ymin>
      <xmax>348</xmax>
      <ymax>365</ymax>
      <x1>320</x1>
      <y1>355</y1>
      <x2>320</x2>
      <y2>365</y2>
      <x3>348</x3>
      <y3>365</y3>
      <x4>348</x4>
      <y4>355</y4>
    </bndbox>
  </object>
</annotation>
