<annotation>
  <folder>DATA</folder>
  <filename>000135.png</filename>
  <source>
    <database>Unknown</database>
  </source>
  <size>
    <width>500</width>
    <height>500</height>
    <depth>1</depth>
  </size>
  <segmented>0</segmented>
  <object>
    <name>ship</name>
    <pose>Unspecified</pose>
    <truncated>0</truncated>
    <difficult>0</difficult>
    <bndbox>
      <xmin>255</xmin>
      <ymin>162</ymin>
      <xmax>276</xmax>
      <ymax>173</ymax>
      <x1>255</x1>
      <y1>162</y1>
      <x2>255</x2>
      <y2>173</y2>
      <x3>276</x3>
      <y3>173</y3>
      <x4>276</x4>
      <y4>162</y4>
    </bndbox>
  </object>
</annotation>
