<annotation>
  <folder>DATA</folder>
  <filename>000126.png</filename>
  <source>
    <database>Unknown</database>
  </source>
  <size>
    <width>500</width>
    <height>500</height>
    <depth>1</depth>
  </size>
  <segmented>0</segmented>
  <object>
    <name>ship</name>
    <pose>Unspecified</pose>
    <truncated>0</truncated>
    <difficult>0</difficult>
    <bndbox>
      <xmin>57</xmin>
      <ymin>123</ymin>
      <xmax>64</xmax>
      <ymax>147</ymax>
      <x1>57</x1>
      <y1>123</y1>
      <x2>57</x2>
      <y2>147</y2>
      <x3>64</x3>
      <y3>147</y3>
      <x4>64</x4>
      <y4>123</y4>
    </bndbox>
  </object>
  <object>
    <name>ship</name>
    <pose>Unspecified</pose>
    <truncated>0</truncated>
    <difficult>0</difficult>
    <bndbox>
      <xmin>220</xmin>
      <ymin>336</ymin>
      <xmax>227</xmax>
      <ymax>363</ymax>
      <x1>220</x1>
      <y1>336</y1>
      <x2>220</x2>
      <y2>363</y2>
      <x3>227</x3>
      <y3>363</y3>
      <x4>227</x4>
      <y4>336</y4>
    </bndbox>
  </object>
  <object>
    <name>ship</name>
    <pose>Unspecified</pose>
    <truncated>0</truncated>
    <difficult>0</difficult>
    <bndbox>
      <xmin>58</xmin>
      <ymin>468</ymin>
      <xmax>64</xmax>
      <ymax>487</ymax>
      <x1>58</x1>
      <y1>468</y1>
      <x2>58</x2>
      <y2>487</y2>
      <x3>64</x3>
      <y3>487</y3>
      <x4>64</x4>
      <y4>468</y4>
    </bndbox>
  </object>
  <object>
    <name>ship</name>
    <pose>Unspecified</pose>
    <truncated>0</truncated>
    <difficult>0</difficult>
    <bndbox>
      <xmin>466</xmin>
      <ymin>234</ymin>
      <xmax>476</xmax>
      <ymax>255</ymax>
      <x1>466</x1>
      <y1>234</y1>
      <x2>466</x2>
      <y2>255</y2>
      <x3>476</x3>
      <y3>255</y3>
      <x4>476</x4>
      <y4>234</y4>
    </bndbox>
  </object>
</annotation>
