<annotation>
  <folder>DATA</folder>
  <filename>000152.png</filename>
  <source>
    <database>Unknown</database>
  </source>
  <size>
    <width>500</width>
    <height>500</height>
    <depth>1</depth>
  </size>
  <segmented>0</segmented>
  <object>
    <name>ship</name>
    <pose>Unspecified</pose>
    <truncated>0</truncated>
    <difficult>0</difficult>
    <bndbox>
      <xmin>367</xmin>
      <ymin>340</ymin>
      <xmax>394</xmax>
      <ymax>354</ymax>
      <x1>367</x1>
      <y1>340</y1>
      <x2>367</x2>
      <y2>354</y2>
      <x3>394</x3>
      <y3>354</y3>
      <x4>394</x4>
      <y4>340</y4>
    </bndbox>
  </object>
  <object>
    <name>ship</name>
    <pose>Unspecified</pose>
    <truncated>0</truncated>
    <difficult>0</difficult>
    <bndbox>
      <xmin>171</xmin>
      <ymin>431</ymin>
      <xmax>200</xmax>
      <ymax>445</ymax>
      <x1>171</x1>
      <y1>431</y1>
      <x2>171</x2>
      <y2>445</y2>
      <x3>200</x3>
      <y3>445</y3>
      <x4>200</x4>
      <y4>431</y4>
    </bndbox>
  </object>
</annotation>
