<annotation>
  <folder>DATA</folder>
  <filename>000166.png</filename>
  <source>
    <database>Unknown</database>
  </source>
  <size>
    <width>500</width>
    <height>500</height>
    <depth>1</depth>
  </size>
  <segmented>0</segmented>
  <object>
    <name>ship</name>
    <pose>Unspecified</pose>
    <truncated>0</truncated>
    <difficult>0</difficult>
    <bndbox>
      <xmin>390</xmin>
      <ymin>41</ymin>
      <xmax>406</xmax>
      <ymax>49</ymax>
      <x1>390</x1>
      <y1>41</y1>
      <x2>390</x2>
      <y2>49</y2>
      <x3>406</x3>
      <y3>49</y3>
      <x4>406</x4>
      <y4>41</y4>
    </bndbox>
  </object>
  <object>
    <name>ship</name>
    <pose>Unspecified</pose>
    <truncated>0</truncated>
    <difficult>0</difficult>
    <bndbox>
      <xmin>175</xmin>
      <ymin>120</ymin>
      <xmax>192</xmax>
      <ymax>129</ymax>
      <x1>175</x1>
      <y1>120</y1>
      <x2>175</x2>
      <y2>129</y2>
      <x3>192</x3>
      <y3>129</y3>
      <x4>192</x4>
      <y4>120</y4>
    </bndbox>
  </object>
  <object>
    <name>ship</name>
    <pose>Unspecified</pose>
    <truncated>0</truncated>
    <difficult>0</difficult>
    <bndbox>
      <xmin>322</xmin>
      <ymin>176</ymin>
      <xmax>341</xmax>
      <ymax>182</ymax>
      <x1>322</x1>
      <y1>176</y1>
      <x2>322</x2>
      <y2>182</y2>
      <x3>341</x3>
      <y3>182</y3>
      <x4>341</x4>
      <y4>176</y4>
    </bndbox>
  </object>
  <object>
    <name>ship</name>
    <pose>Unspecified</pose>
    <truncated>0</truncated>
    <difficult>0</difficult>
    <bndbox>
      <xmin>15</xmin>
      <ymin>219</ymin>
      <xmax>34</xmax>
      <ymax>228</ymax>
      <x1>15</x1>
      <y1>219</y1>
      <x2>15</x2>
      <y2>228</y2>
      <x3>34</x3>
      <y3>228</y3>
      <x4>34</x4>
      <y4>219</y4>
    </bndbox>
  </object>
  <object>
    <name>ship</name>
    <pose>Unspecified</pose>
    <truncated>0</truncated>
    <difficult>0</difficult>
    <bndbox>
      <xmin>152</xmin>
      <ymin>276</ymin>
      <xmax>173</xmax>
      <ymax>285</ymax>
      <x1>152</x1>
      <y1>276</y1>
      <x2>152</x2>
      <y2>285</y2>
      <x3>173</x3>
      <y3>285</y3>
      <x4>173</x4>
      <y4>276</y4>
    </bndbox>
  </object>
  <object>
    <name>ship</name>
    <pose>Unspecified</pose>
    <truncated>0</truncated>
    <difficult>0</difficult>
    <bndbox>
      <xmin>33</xmin>
      <ymin>357</ymin>
      <xmax>54</xmax>
      <ymax>365</ymax>
      <x1>33</x1>
      <y1>357</y1>
      <x2>33</x2>
      <y2>365</y2>
      <x3>54</x3>
      <y3>365</y3>
      <x4>54</x4>
      <y4>357</y4>
    </bndbox>
  </object>
  <object>
    <name>ship</name>
    <pose>Unspecified</pose>
    <truncated>0</truncated>
    <difficult>0</difficult>
    <bndbox>
      <xmin>201</xmin>
      <ymin>388</ymin>
      <xmax>223</xmax>
      <ymax>398</ymax>
      <x1>201</x1>
      <y1>388</y1>
      <x2>201</x2>
      <y2>398</y2>
      <x3>223</x3>
      <y3>398</y3>
      <x4>223</x4>
      <y4>388</y4>
    </bndbox>
  </object>
</annotation>
