<annotation>
  <folder>DATA</folder>
  <filename>000186.png</filename>
  <source>
    <database>Unknown</database>
  </source>
  <size>
    <width>500</width>
    <height>500</height>
    <depth>1</depth>
  </size>
  <segmented>0</segmented>
  <object>
    <name>ship</name>
    <pose>Unspecified</pose>
    <truncated>0</truncated>
    <difficult>0</difficult>
    <bndbox>
      <xmin>162</xmin>
      <ymin>253</ymin>
      <xmax>187</xmax>
      <ymax>278</ymax>
      <x1>162</x1>
      <y1>253</y1>
      <x2>162</x2>
      <y2>278</y2>
      <x3>187</x3>
      <y3>278</y3>
      <x4>187</x4>
      <y4>253</y4>
    </bndbox>
  </object>
</annotation>
