<annotation>
  <folder>DATA</folder>
  <filename>000156.png</filename>
  <source>
    <database>Unknown</database>
  </source>
  <size>
    <width>500</width>
    <height>500</height>
    <depth>1</depth>
  </size>
  <segmented>0</segmented>
  <object>
    <name>ship</name>
    <pose>Unspecified</pose>
    <truncated>0</truncated>
    <difficult>0</difficult>
    <bndbox>
      <xmin>140</xmin>
      <ymin>243</ymin>
      <xmax>175</xmax>
      <ymax>264</ymax>
      <x1>140</x1>
      <y1>243</y1>
      <x2>140</x2>
      <y2>264</y2>
      <x3>175</x3>
      <y3>264</y3>
      <x4>175</x4>
      <y4>243</y4>
    </bndbox>
  </object>
  <object>
    <name>ship</name>
    <pose>Unspecified</pose>
    <truncated>0</truncated>
    <difficult>0</difficult>
    <bndbox>
      <xmin>177</xmin>
      <ymin>242</ymin>
      <xmax>213</xmax>
      <ymax>250</ymax>
      <x1>177</x1>
      <y1>242</y1>
      <x2>177</x2>
      <y2>250</y2>
      <x3>213</x3>
      <y3>250</y3>
      <x4>213</x4>
      <y4>242</y4>
    </bndbox>
  </object>
  <object>
    <name>ship</name>
    <pose>Unspecified</pose>
    <truncated>0</truncated>
    <difficult>0</difficult>
    <bndbox>
      <xmin>99</xmin>
      <ymin>218</ymin>
      <xmax>130</xmax>
      <ymax>232</ymax>
      <x1>99</x1>
      <y1>218</y1>
      <x2>99</x2>
      <y2>232</y2>
      <x3>130</x3>
      <y3>232</y3>
      <x4>130</x4>
      <y4>218</y4>
    </bndbox>
  </object>
  <object>
    <name>ship</name>
    <pose>Unspecified</pose>
    <truncated>0</truncated>
    <difficult>0</difficult>
    <bndbox>
      <xmin>218</xmin>
      <ymin>241</ymin>
      <xmax>251</xmax>
      <ymax>250</ymax>
      <x1>218</x1>
      <y1>241</y1>
      <x2>218</x2>
      <y2>250</y2>
      <x3>251</x3>
      <y3>250</y3>
      <x4>251</x4>
      <y4>241</y4>
    </bndbox>
  </object>
  <object>
    <name>ship</name>
    <pose>Unspecified</pose>
    <truncated>0</truncated>
    <difficult>0</difficult>
    <bndbox>
      <xmin>261</xmin>
      <ymin>240</ymin>
      <xmax>294</xmax>
      <ymax>248</ymax>
      <x1>261</x1>
      <y1>240</y1>
      <x2>261</x2>
      <y2>248</y2>
      <x3>294</x3>
      <y3>248</y3>
      <x4>294</x4>
      <y4>240</y4>
    </bndbox>
  </object>
  <object>
    <name>ship</name>
    <pose>Unspecified</pose>
    <truncated>0</truncated>
    <difficult>1</difficult>
    <bndbox>
      <xmin>87</xmin>
      <ymin>376</ymin>
      <xmax>105</xmax>
      <ymax>384</ymax>
      <x1>87</x1>
      <y1>376</y1>
      <x2>87</x2>
      <y2>384</y2>
      <x3>105</x3>
      <y3>384</y3>
      <x4>105</x4>
      <y4>376</y4>
    </bndbox>
  </object>
</annotation>
