<annotation>
  <folder>DATA</folder>
  <filename>000189.png</filename>
  <source>
    <database>Unknown</database>
  </source>
  <size>
    <width>500</width>
    <height>500</height>
    <depth>1</depth>
  </size>
  <segmented>0</segmented>
  <object>
    <name>ship</name>
    <pose>Unspecified</pose>
    <truncated>0</truncated>
    <difficult>0</difficult>
    <bndbox>
      <xmin>249</xmin>
      <ymin>263</ymin>
      <xmax>262</xmax>
      <ymax>314</ymax>
      <x1>249</x1>
      <y1>263</y1>
      <x2>249</x2>
      <y2>314</y2>
      <x3>262</x3>
      <y3>314</y3>
      <x4>262</x4>
      <y4>263</y4>
    </bndbox>
  </object>
</annotation>
