<annotation>
  <folder>DATA</folder>
  <filename>000101.png</filename>
  <source>
    <database>Unknown</database>
  </source>
  <size>
    <width>500</width>
    <height>500</height>
    <depth>1</depth>
  </size>
  <segmented>0</segmented>
  <object>
    <name>ship</name>
    <pose>Unspecified</pose>
    <truncated>0</truncated>
    <difficult>0</difficult>
    <bndbox>
      <xmin>51</xmin>
      <ymin>285</ymin>
      <xmax>90</xmax>
      <ymax>302</ymax>
      <x1>51</x1>
      <y1>285</y1>
      <x2>51</x2>
      <y2>302</y2>
      <x3>90</x3>
      <y3>302</y3>
      <x4>90</x4>
      <y4>285</y4>
    </bndbox>
  </object>
  <object>
    <name>ship</name>
    <pose>Unspecified</pose>
    <truncated>0</truncated>
    <difficult>0</difficult>
    <bndbox>
      <xmin>256</xmin>
      <ymin>372</ymin>
      <xmax>276</xmax>
      <ymax>382</ymax>
      <x1>256</x1>
      <y1>372</y1>
      <x2>256</x2>
      <y2>382</y2>
      <x3>276</x3>
      <y3>382</y3>
      <x4>276</x4>
      <y4>372</y4>
    </bndbox>
  </object>
  <object>
    <name>ship</name>
    <pose>Unspecified</pose>
    <truncated>0</truncated>
    <difficult>0</difficult>
    <bndbox>
      <xmin>448</xmin>
      <ymin>451</ymin>
      <xmax>465</xmax>
      <ymax>463</ymax>
      <x1>448</x1>
      <y1>451</y1>
      <x2>448</x2>
      <y2>463</y2>
      <x3>465</x3>
      <y3>463</y3>
      <x4>465</x4>
      <y4>451</y4>
    </bndbox>
  </object>
</annotation>
