<annotation>
  <folder>DATA</folder>
  <filename>000182.png</filename>
  <source>
    <database>Unknown</database>
  </source>
  <size>
    <width>500</width>
    <height>500</height>
    <depth>1</depth>
  </size>
  <segmented>0</segmented>
  <object>
    <name>ship</name>
    <pose>Unspecified</pose>
    <truncated>0</truncated>
    <difficult>0</difficult>
    <bndbox>
      <xmin>292</xmin>
      <ymin>184</ymin>
      <xmax>306</xmax>
      <ymax>204</ymax>
      <x1>292</x1>
      <y1>184</y1>
      <x2>292</x2>
      <y2>204</y2>
      <x3>306</x3>
      <y3>204</y3>
      <x4>306</x4>
      <y4>184</y4>
    </bndbox>
  </object>
  <object>
    <name>ship</name>
    <pose>Unspecified</pose>
    <truncated>0</truncated>
    <difficult>1</difficult>
    <bndbox>
      <xmin>340</xmin>
      <ymin>101</ymin>
      <xmax>357</xmax>
      <ymax>113</ymax>
      <x1>340</x1>
      <y1>101</y1>
      <x2>340</x2>
      <y2>113</y2>
      <x3>357</x3>
      <y3>113</y3>
      <x4>357</x4>
      <y4>101</y4>
    </bndbox>
  </object>
</annotation>
