<annotation>
  <folder>DATA</folder>
  <filename>000160.png</filename>
  <source>
    <database>Unknown</database>
  </source>
  <size>
    <width>500</width>
    <height>500</height>
    <depth>1</depth>
  </size>
  <segmented>0</segmented>
  <object>
    <name>ship</name>
    <pose>Unspecified</pose>
    <truncated>0</truncated>
    <difficult>0</difficult>
    <bndbox>
      <xmin>128</xmin>
      <ymin>45</ymin>
      <xmax>141</xmax>
      <ymax>53</ymax>
      <x1>128</x1>
      <y1>45</y1>
      <x2>128</x2>
      <y2>53</y2>
      <x3>141</x3>
      <y3>53</y3>
      <x4>141</x4>
      <y4>45</y4>
    </bndbox>
  </object>
  <object>
    <name>ship</name>
    <pose>Unspecified</pose>
    <truncated>0</truncated>
    <difficult>0</difficult>
    <bndbox>
      <xmin>192</xmin>
      <ymin>444</ymin>
      <xmax>205</xmax>
      <ymax>454</ymax>
      <x1>192</x1>
      <y1>444</y1>
      <x2>192</x2>
      <y2>454</y2>
      <x3>205</x3>
      <y3>454</y3>
      <x4>205</x4>
      <y4>444</y4>
    </bndbox>
  </object>
</annotation>
