<annotation>
  <folder>DATA</folder>
  <filename>000175.png</filename>
  <source>
    <database>Unknown</database>
  </source>
  <size>
    <width>500</width>
    <height>500</height>
    <depth>1</depth>
  </size>
  <segmented>0</segmented>
  <object>
    <name>ship</name>
    <pose>Unspecified</pose>
    <truncated>0</truncated>
    <difficult>0</difficult>
    <bndbox>
      <xmin>152</xmin>
      <ymin>179</ymin>
      <xmax>179</xmax>
      <ymax>187</ymax>
      <x1>152</x1>
      <y1>179</y1>
      <x2>152</x2>
      <y2>187</y2>
      <x3>179</x3>
      <y3>187</y3>
      <x4>179</x4>
      <y4>179</y4>
    </bndbox>
  </object>
</annotation>
