<annotation>
  <folder>DATA</folder>
  <filename>000151.png</filename>
  <source>
    <database>Unknown</database>
  </source>
  <size>
    <width>500</width>
    <height>500</height>
    <depth>1</depth>
  </size>
  <segmented>0</segmented>
  <object>
    <name>ship</name>
    <pose>Unspecified</pose>
    <truncated>0</truncated>
    <difficult>0</difficult>
    <bndbox>
      <xmin>40</xmin>
      <ymin>133</ymin>
      <xmax>64</xmax>
      <ymax>143</ymax>
      <x1>40</x1>
      <y1>133</y1>
      <x2>40</x2>
      <y2>143</y2>
      <x3>64</x3>
      <y3>143</y3>
      <x4>64</x4>
      <y4>133</y4>
    </bndbox>
  </object>
  <object>
    <name>ship</name>
    <pose>Unspecified</pose>
    <truncated>0</truncated>
    <difficult>0</difficult>
    <bndbox>
      <xmin>78</xmin>
      <ymin>271</ymin>
      <xmax>107</xmax>
      <ymax>280</ymax>
      <x1>78</x1>
      <y1>271</y1>
      <x2>78</x2>
      <y2>280</y2>
      <x3>107</x3>
      <y3>280</y3>
      <x4>107</x4>
      <y4>271</y4>
    </bndbox>
  </object>
  <object>
    <name>ship</name>
    <pose>Unspecified</pose>
    <truncated>0</truncated>
    <difficult>0</difficult>
    <bndbox>
      <xmin>183</xmin>
      <ymin>366</ymin>
      <xmax>214</xmax>
      <ymax>377</ymax>
      <x1>183</x1>
      <y1>366</y1>
      <x2>183</x2>
      <y2>377</y2>
      <x3>214</x3>
      <y3>377</y3>
      <x4>214</x4>
      <y4>366</y4>
    </bndbox>
  </object>
  <object>
    <name>ship</name>
    <pose>Unspecified</pose>
    <truncated>0</truncated>
    <difficult>0</difficult>
    <bndbox>
      <xmin>423</xmin>
      <ymin>128</ymin>
      <xmax>453</xmax>
      <ymax>135</ymax>
      <x1>423</x1>
      <y1>128</y1>
      <x2>423</x2>
      <y2>135</y2>
      <x3>453</x3>
      <y3>135</y3>
      <x4>453</x4>
      <y4>128</y4>
    </bndbox>
  </object>
</annotation>
