<annotation>
  <folder>DATA</folder>
  <filename>000123.png</filename>
  <source>
    <database>Unknown</database>
  </source>
  <size>
    <width>500</width>
    <height>500</height>
    <depth>1</depth>
  </size>
  <segmented>0</segmented>
  <object>
    <name>ship</name>
    <pose>Unspecified</pose>
    <truncated>0</truncated>
    <difficult>0</difficult>
    <bndbox>
      <xmin>378</xmin>
      <ymin>80</ymin>
      <xmax>396</xmax>
      <ymax>104</ymax>
      <x1>378</x1>
      <y1>80</y1>
      <x2>378</x2>
      <y2>104</y2>
      <x3>396</x3>
      <y3>104</y3>
      <x4>396</x4>
      <y4>80</y4>
    </bndbox>
  </object>
  <object>
    <name>ship</name>
    <pose>Unspecified</pose>
    <truncated>0</truncated>
    <difficult>0</difficult>
    <bndbox>
      <xmin>353</xmin>
      <ymin>350</ymin>
      <xmax>373</xmax>
      <ymax>372</ymax>
      <x1>353</x1>
      <y1>350</y1>
      <x2>353</x2>
      <y2>372</y2>
      <x3>373</x3>
      <y3>372</y3>
      <x4>373</x4>
      <y4>350</y4>
    </bndbox>
  </object>
</annotation>
