<annotation>
  <folder>DATA</folder>
  <filename>000100.png</filename>
  <source>
    <database>Unknown</database>
  </source>
  <size>
    <width>500</width>
    <height>500</height>
    <depth>1</depth>
  </size>
  <segmented>0</segmented>
  <object>
    <name>ship</name>
    <pose>Unspecified</pose>
    <truncated>0</truncated>
    <difficult>0</difficult>
    <bndbox>
      <xmin>268</xmin>
      <ymin>64</ymin>
      <xmax>290</xmax>
      <ymax>81</ymax>
      <x1>268</x1>
      <y1>64</y1>
      <x2>268</x2>
      <y2>81</y2>
      <x3>290</x3>
      <y3>81</y3>
      <x4>290</x4>
      <y4>64</y4>
    </bndbox>
  </object>
  <object>
    <name>ship</name>
    <pose>Unspecified</pose>
    <truncated>0</truncated>
    <difficult>0</difficult>
    <bndbox>
      <xmin>268</xmin>
      <ymin>135</ymin>
      <xmax>306</xmax>
      <ymax>171</ymax>
      <x1>268</x1>
      <y1>135</y1>
      <x2>268</x2>
      <y2>171</y2>
      <x3>306</x3>
      <y3>171</y3>
      <x4>306</x4>
      <y4>135</y4>
    </bndbox>
  </object>
  <object>
    <name>ship</name>
    <pose>Unspecified</pose>
    <truncated>0</truncated>
    <difficult>0</difficult>
    <bndbox>
      <xmin>209</xmin>
      <ymin>321</ymin>
      <xmax>249</xmax>
      <ymax>338</ymax>
      <x1>209</x1>
      <y1>321</y1>
      <x2>209</x2>
      <y2>338</y2>
      <x3>249</x3>
      <y3>338</y3>
      <x4>249</x4>
      <y4>321</y4>
    </bndbox>
  </object>
  <object>
    <name>ship</name>
    <pose>Unspecified</pose>
    <truncated>0</truncated>
    <difficult>0</difficult>
    <bndbox>
      <xmin>428</xmin>
      <ymin>364</ymin>
      <xmax>468</xmax>
      <ymax>387</ymax>
      <x1>428</x1>
      <y1>364</y1>
      <x2>428</x2>
      <y2>387</y2>
      <x3>468</x3>
      <y3>387</y3>
      <x4>468</x4>
      <y4>364</y4>
    </bndbox>
  </object>
  <object>
    <name>ship</name>
    <pose>Unspecified</pose>
    <truncated>0</truncated>
    <difficult>1</difficult>
    <bndbox>
      <xmin>383</xmin>
      <ymin>349</ymin>
      <xmax>419</xmax>
      <ymax>370</ymax>
      <x1>383</x1>
      <y1>349</y1>
      <x2>383</x2>
      <y2>370</y2>
      <x3>419</x3>
      <y3>370</y3>
      <x4>419</x4>
      <y4>349</y4>
    </bndbox>
  </object>
</annotation>
