<annotation>
  <folder>DATA</folder>
  <filename>000285.png</filename>
  <source>
    <database>Unknown</database>
  </source>
  <size>
    <width>500</width>
    <height>500</height>
    <depth>1</depth>
  </size>
  <segmented>0</segmented>
  <object>
    <name>ship</name>
    <pose>Unspecified</pose>
    <truncated>0</truncated>
    <difficult>0</difficult>
    <bndbox>
      <xmin>357</xmin>
      <ymin>309</ymin>
      <xmax>384</xmax>
      <ymax>354</ymax>
      <x1>357</x1>
      <y1>309</y1>
      <x2>357</x2>
      <y2>354</y2>
      <x3>384</x3>
      <y3>354</y3>
      <x4>384</x4>
      <y4>309</y4>
    </bndbox>
  </object>
</annotation>
