<annotation>
  <folder>DATA</folder>
  <filename>000233.png</filename>
  <source>
    <database>Unknown</database>
  </source>
  <size>
    <width>500</width>
    <height>500</height>
    <depth>1</depth>
  </size>
  <segmented>0</segmented>
  <object>
    <name>ship</name>
    <pose>Unspecified</pose>
    <truncated>0</truncated>
    <difficult>1</difficult>
    <bndbox>
      <xmin>118</xmin>
      <ymin>432</ymin>
      <xmax>133</xmax>
      <ymax>453</ymax>
      <x1>118</x1>
      <y1>432</y1>
      <x2>118</x2>
      <y2>453</y2>
      <x3>133</x3>
      <y3>453</y3>
      <x4>133</x4>
      <y4>432</y4>
    </bndbox>
  </object>
  <object>
    <name>ship</name>
    <pose>Unspecified</pose>
    <truncated>0</truncated>
    <difficult>0</difficult>
    <bndbox>
      <xmin>344</xmin>
      <ymin>446</ymin>
      <xmax>359</xmax>
      <ymax>469</ymax>
      <x1>344</x1>
      <y1>446</y1>
      <x2>344</x2>
      <y2>469</y2>
      <x3>359</x3>
      <y3>469</y3>
      <x4>359</x4>
      <y4>446</y4>
    </bndbox>
  </object>
</annotation>
