<annotation>
  <folder>DATA</folder>
  <filename>000200.png</filename>
  <source>
    <database>Unknown</database>
  </source>
  <size>
    <width>500</width>
    <height>500</height>
    <depth>1</depth>
  </size>
  <segmented>0</segmented>
  <object>
    <name>ship</name>
    <pose>Unspecified</pose>
    <truncated>0</truncated>
    <difficult>0</difficult>
    <bndbox>
      <xmin>178</xmin>
      <ymin>125</ymin>
      <xmax>196</xmax>
      <ymax>144</ymax>
      <x1>178</x1>
      <y1>125</y1>
      <x2>178</x2>
      <y2>144</y2>
      <x3>196</x3>
      <y3>144</y3>
      <x4>196</x4>
      <y4>125</y4>
    </bndbox>
  </object>
  <object>
    <name>ship</name>
    <pose>Unspecified</pose>
    <truncated>0</truncated>
    <difficult>0</difficult>
    <bndbox>
      <xmin>225</xmin>
      <ymin>248</ymin>
      <xmax>242</xmax>
      <ymax>261</ymax>
      <x1>225</x1>
      <y1>248</y1>
      <x2>225</x2>
      <y2>261</y2>
      <x3>242</x3>
      <y3>261</y3>
      <x4>242</x4>
      <y4>248</y4>
    </bndbox>
  </object>
  <object>
    <name>ship</name>
    <pose>Unspecified</pose>
    <truncated>0</truncated>
    <difficult>0</difficult>
    <bndbox>
      <xmin>304</xmin>
      <ymin>246</ymin>
      <xmax>319</xmax>
      <ymax>263</ymax>
      <x1>304</x1>
      <y1>246</y1>
      <x2>304</x2>
      <y2>263</y2>
      <x3>319</x3>
      <y3>263</y3>
      <x4>319</x4>
      <y4>246</y4>
    </bndbox>
  </object>
  <object>
    <name>ship</name>
    <pose>Unspecified</pose>
    <truncated>0</truncated>
    <difficult>0</difficult>
    <bndbox>
      <xmin>141</xmin>
      <ymin>228</ymin>
      <xmax>155</xmax>
      <ymax>244</ymax>
      <x1>141</x1>
      <y1>228</y1>
      <x2>141</x2>
      <y2>244</y2>
      <x3>155</x3>
      <y3>244</y3>
      <x4>155</x4>
      <y4>228</y4>
    </bndbox>
  </object>
  <object>
    <name>ship</name>
    <pose>Unspecified</pose>
    <truncated>0</truncated>
    <difficult>0</difficult>
    <bndbox>
      <xmin>180</xmin>
      <ymin>311</ymin>
      <xmax>193</xmax>
      <ymax>329</ymax>
      <x1>180</x1>
      <y1>311</y1>
      <x2>180</x2>
      <y2>329</y2>
      <x3>193</x3>
      <y3>329</y3>
      <x4>193</x4>
      <y4>311</y4>
    </bndbox>
  </object>
  <object>
    <name>ship</name>
    <pose>Unspecified</pose>
    <truncated>0</truncated>
    <difficult>0</difficult>
    <bndbox>
      <xmin>24</xmin>
      <ymin>246</ymin>
      <xmax>37</xmax>
      <ymax>262</ymax>
      <x1>24</x1>
      <y1>246</y1>
      <x2>24</x2>
      <y2>262</y2>
      <x3>37</x3>
      <y3>262</y3>
      <x4>37</x4>
      <y4>246</y4>
    </bndbox>
  </object>
</annotation>
