<annotation>
  <folder>DATA</folder>
  <filename>000211.png</filename>
  <source>
    <database>Unknown</database>
  </source>
  <size>
    <width>500</width>
    <height>500</height>
    <depth>1</depth>
  </size>
  <segmented>0</segmented>
  <object>
    <name>ship</name>
    <pose>Unspecified</pose>
    <truncated>0</truncated>
    <difficult>0</difficult>
    <bndbox>
      <xmin>70</xmin>
      <ymin>16</ymin>
      <xmax>89</xmax>
      <ymax>27</ymax>
      <x1>70</x1>
      <y1>16</y1>
      <x2>70</x2>
      <y2>27</y2>
      <x3>89</x3>
      <y3>27</y3>
      <x4>89</x4>
      <y4>16</y4>
    </bndbox>
  </object>
  <object>
    <name>ship</name>
    <pose>Unspecified</pose>
    <truncated>0</truncated>
    <difficult>0</difficult>
    <bndbox>
      <xmin>61</xmin>
      <ymin>211</ymin>
      <xmax>73</xmax>
      <ymax>219</ymax>
      <x1>61</x1>
      <y1>211</y1>
      <x2>61</x2>
      <y2>219</y2>
      <x3>73</x3>
      <y3>219</y3>
      <x4>73</x4>
      <y4>211</y4>
    </bndbox>
  </object>
  <object>
    <name>ship</name>
    <pose>Unspecified</pose>
    <truncated>0</truncated>
    <difficult>0</difficult>
    <bndbox>
      <xmin>196</xmin>
      <ymin>52</ymin>
      <xmax>217</xmax>
      <ymax>60</ymax>
      <x1>196</x1>
      <y1>52</y1>
      <x2>196</x2>
      <y2>60</y2>
      <x3>217</x3>
      <y3>60</y3>
      <x4>217</x4>
      <y4>52</y4>
    </bndbox>
  </object>
  <object>
    <name>ship</name>
    <pose>Unspecified</pose>
    <truncated>0</truncated>
    <difficult>0</difficult>
    <bndbox>
      <xmin>220</xmin>
      <ymin>252</ymin>
      <xmax>236</xmax>
      <ymax>261</ymax>
      <x1>220</x1>
      <y1>252</y1>
      <x2>220</x2>
      <y2>261</y2>
      <x3>236</x3>
      <y3>261</y3>
      <x4>236</x4>
      <y4>252</y4>
    </bndbox>
  </object>
  <object>
    <name>ship</name>
    <pose>Unspecified</pose>
    <truncated>0</truncated>
    <difficult>0</difficult>
    <bndbox>
      <xmin>194</xmin>
      <ymin>418</ymin>
      <xmax>215</xmax>
      <ymax>428</ymax>
      <x1>194</x1>
      <y1>418</y1>
      <x2>194</x2>
      <y2>428</y2>
      <x3>215</x3>
      <y3>428</y3>
      <x4>215</x4>
      <y4>418</y4>
    </bndbox>
  </object>
  <object>
    <name>ship</name>
    <pose>Unspecified</pose>
    <truncated>0</truncated>
    <difficult>0</difficult>
    <bndbox>
      <xmin>370</xmin>
      <ymin>199</ymin>
      <xmax>386</xmax>
      <ymax>208</ymax>
      <x1>370</x1>
      <y1>199</y1>
      <x2>370</x2>
      <y2>208</y2>
      <x3>386</x3>
      <y3>208</y3>
      <x4>386</x4>
      <y4>199</y4>
    </bndbox>
  </object>
  <object>
    <name>ship</name>
    <pose>Unspecified</pose>
    <truncated>0</truncated>
    <difficult>0</difficult>
    <bndbox>
      <xmin>444</xmin>
      <ymin>353</ymin>
      <xmax>461</xmax>
      <ymax>362</ymax>
      <x1>444</x1>
      <y1>353</y1>
      <x2>444</x2>
      <y2>362</y2>
      <x3>461</x3>
      <y3>362</y3>
      <x4>461</x4>
      <y4>353</y4>
    </bndbox>
  </object>
  <object>
    <name>ship</name>
    <pose>Unspecified</pose>
    <truncated>0</truncated>
    <difficult>0</difficult>
    <bndbox>
      <xmin>401</xmin>
      <ymin>94</ymin>
      <xmax>425</xmax>
      <ymax>104</ymax>
      <x1>401</x1>
      <y1>94</y1>
      <x2>401</x2>
      <y2>104</y2>
      <x3>425</x3>
      <y3>104</y3>
      <x4>425</x4>
      <y4>94</y4>
    </bndbox>
  </object>
</annotation>
