<annotation>
  <folder>DATA</folder>
  <filename>000210.png</filename>
  <source>
    <database>Unknown</database>
  </source>
  <size>
    <width>500</width>
    <height>500</height>
    <depth>1</depth>
  </size>
  <segmented>0</segmented>
  <object>
    <name>ship</name>
    <pose>Unspecified</pose>
    <truncated>0</truncated>
    <difficult>0</difficult>
    <bndbox>
      <xmin>113</xmin>
      <ymin>158</ymin>
      <xmax>128</xmax>
      <ymax>169</ymax>
      <x1>113</x1>
      <y1>158</y1>
      <x2>113</x2>
      <y2>169</y2>
      <x3>128</x3>
      <y3>169</y3>
      <x4>128</x4>
      <y4>158</y4>
    </bndbox>
  </object>
  <object>
    <name>ship</name>
    <pose>Unspecified</pose>
    <truncated>0</truncated>
    <difficult>0</difficult>
    <bndbox>
      <xmin>201</xmin>
      <ymin>161</ymin>
      <xmax>220</xmax>
      <ymax>178</ymax>
      <x1>201</x1>
      <y1>161</y1>
      <x2>201</x2>
      <y2>178</y2>
      <x3>220</x3>
      <y3>178</y3>
      <x4>220</x4>
      <y4>161</y4>
    </bndbox>
  </object>
  <object>
    <name>ship</name>
    <pose>Unspecified</pose>
    <truncated>0</truncated>
    <difficult>0</difficult>
    <bndbox>
      <xmin>236</xmin>
      <ymin>158</ymin>
      <xmax>250</xmax>
      <ymax>169</ymax>
      <x1>236</x1>
      <y1>158</y1>
      <x2>236</x2>
      <y2>169</y2>
      <x3>250</x3>
      <y3>169</y3>
      <x4>250</x4>
      <y4>158</y4>
    </bndbox>
  </object>
  <object>
    <name>ship</name>
    <pose>Unspecified</pose>
    <truncated>0</truncated>
    <difficult>0</difficult>
    <bndbox>
      <xmin>67</xmin>
      <ymin>395</ymin>
      <xmax>91</xmax>
      <ymax>405</ymax>
      <x1>67</x1>
      <y1>395</y1>
      <x2>67</x2>
      <y2>405</y2>
      <x3>91</x3>
      <y3>405</y3>
      <x4>91</x4>
      <y4>395</y4>
    </bndbox>
  </object>
  <object>
    <name>ship</name>
    <pose>Unspecified</pose>
    <truncated>0</truncated>
    <difficult>0</difficult>
    <bndbox>
      <xmin>267</xmin>
      <ymin>389</ymin>
      <xmax>290</xmax>
      <ymax>397</ymax>
      <x1>267</x1>
      <y1>389</y1>
      <x2>267</x2>
      <y2>397</y2>
      <x3>290</x3>
      <y3>397</y3>
      <x4>290</x4>
      <y4>389</y4>
    </bndbox>
  </object>
  <object>
    <name>ship</name>
    <pose>Unspecified</pose>
    <truncated>0</truncated>
    <difficult>0</difficult>
    <bndbox>
      <xmin>455</xmin>
      <ymin>284</ymin>
      <xmax>480</xmax>
      <ymax>292</ymax>
      <x1>455</x1>
      <y1>284</y1>
      <x2>455</x2>
      <y2>292</y2>
      <x3>480</x3>
      <y3>292</y3>
      <x4>480</x4>
      <y4>284</y4>
    </bndbox>
  </object>
  <object>
    <name>ship</name>
    <pose>Unspecified</pose>
    <truncated>0</truncated>
    <difficult>0</difficult>
    <bndbox>
      <xmin>459</xmin>
      <ymin>422</ymin>
      <xmax>480</xmax>
      <ymax>434</ymax>
      <x1>459</x1>
      <y1>422</y1>
      <x2>459</x2>
      <y2>434</y2>
      <x3>480</x3>
      <y3>434</y3>
      <x4>480</x4>
      <y4>422</y4>
    </bndbox>
  </object>
</annotation>
