<annotation>
  <folder>DATA</folder>
  <filename>000226.png</filename>
  <source>
    <database>Unknown</database>
  </source>
  <size>
    <width>500</width>
    <height>500</height>
    <depth>1</depth>
  </size>
  <segmented>0</segmented>
  <object>
    <name>ship</name>
    <pose>Unspecified</pose>
    <truncated>0</truncated>
    <difficult>0</difficult>
    <bndbox>
      <xmin>212</xmin>
      <ymin>109</ymin>
      <xmax>234</xmax>
      <ymax>127</ymax>
      <x1>212</x1>
      <y1>109</y1>
      <x2>212</x2>
      <y2>127</y2>
      <x3>234</x3>
      <y3>127</y3>
      <x4>234</x4>
      <y4>109</y4>
    </bndbox>
  </object>
  <object>
    <name>ship</name>
    <pose>Unspecified</pose>
    <truncated>0</truncated>
    <difficult>0</difficult>
    <bndbox>
      <xmin>108</xmin>
      <ymin>242</ymin>
      <xmax>134</xmax>
      <ymax>254</ymax>
      <x1>108</x1>
      <y1>242</y1>
      <x2>108</x2>
      <y2>254</y2>
      <x3>134</x3>
      <y3>254</y3>
      <x4>134</x4>
      <y4>242</y4>
    </bndbox>
  </object>
  <object>
    <name>ship</name>
    <pose>Unspecified</pose>
    <truncated>0</truncated>
    <difficult>0</difficult>
    <bndbox>
      <xmin>436</xmin>
      <ymin>287</ymin>
      <xmax>458</xmax>
      <ymax>296</ymax>
      <x1>436</x1>
      <y1>287</y1>
      <x2>436</x2>
      <y2>296</y2>
      <x3>458</x3>
      <y3>296</y3>
      <x4>458</x4>
      <y4>287</y4>
    </bndbox>
  </object>
</annotation>
