<annotation>
  <folder>DATA</folder>
  <filename>000202.png</filename>
  <source>
    <database>Unknown</database>
  </source>
  <size>
    <width>500</width>
    <height>500</height>
    <depth>1</depth>
  </size>
  <segmented>0</segmented>
  <object>
    <name>ship</name>
    <pose>Unspecified</pose>
    <truncated>0</truncated>
    <difficult>0</difficult>
    <bndbox>
      <xmin>223</xmin>
      <ymin>145</ymin>
      <xmax>244</xmax>
      <ymax>156</ymax>
      <x1>223</x1>
      <y1>145</y1>
      <x2>223</x2>
      <y2>156</y2>
      <x3>244</x3>
      <y3>156</y3>
      <x4>244</x4>
      <y4>145</y4>
    </bndbox>
  </object>
  <object>
    <name>ship</name>
    <pose>Unspecified</pose>
    <truncated>0</truncated>
    <difficult>0</difficult>
    <bndbox>
      <xmin>166</xmin>
      <ymin>228</ymin>
      <xmax>182</xmax>
      <ymax>240</ymax>
      <x1>166</x1>
      <y1>228</y1>
      <x2>166</x2>
      <y2>240</y2>
      <x3>182</x3>
      <y3>240</y3>
      <x4>182</x4>
      <y4>228</y4>
    </bndbox>
  </object>
  <object>
    <name>ship</name>
    <pose>Unspecified</pose>
    <truncated>0</truncated>
    <difficult>0</difficult>
    <bndbox>
      <xmin>271</xmin>
      <ymin>297</ymin>
      <xmax>294</xmax>
      <ymax>311</ymax>
      <x1>271</x1>
      <y1>297</y1>
      <x2>271</x2>
      <y2>311</y2>
      <x3>294</x3>
      <y3>311</y3>
      <x4>294</x4>
      <y4>297</y4>
    </bndbox>
  </object>
</annotation>
