<annotation>
  <folder>DATA</folder>
  <filename>000232.png</filename>
  <source>
    <database>Unknown</database>
  </source>
  <size>
    <width>500</width>
    <height>500</height>
    <depth>1</depth>
  </size>
  <segmented>0</segmented>
  <object>
    <name>ship</name>
    <pose>Unspecified</pose>
    <truncated>0</truncated>
    <difficult>0</difficult>
    <bndbox>
      <xmin>90</xmin>
      <ymin>175</ymin>
      <xmax>109</xmax>
      <ymax>201</ymax>
      <x1>90</x1>
      <y1>175</y1>
      <x2>90</x2>
      <y2>201</y2>
      <x3>109</x3>
      <y3>201</y3>
      <x4>109</x4>
      <y4>175</y4>
    </bndbox>
  </object>
</annotation>
