<annotation>
  <folder>DATA</folder>
  <filename>000231.png</filename>
  <source>
    <database>Unknown</database>
  </source>
  <size>
    <width>500</width>
    <height>500</height>
    <depth>1</depth>
  </size>
  <segmented>0</segmented>
  <object>
    <name>ship</name>
    <pose>Unspecified</pose>
    <truncated>0</truncated>
    <difficult>0</difficult>
    <bndbox>
      <xmin>163</xmin>
      <ymin>171</ymin>
      <xmax>179</xmax>
      <ymax>181</ymax>
      <x1>163</x1>
      <y1>171</y1>
      <x2>163</x2>
      <y2>181</y2>
      <x3>179</x3>
      <y3>181</y3>
      <x4>179</x4>
      <y4>171</y4>
    </bndbox>
  </object>
</annotation>
