<annotation>
  <folder>DATA</folder>
  <filename>000263.png</filename>
  <source>
    <database>Unknown</database>
  </source>
  <size>
    <width>500</width>
    <height>500</height>
    <depth>1</depth>
  </size>
  <segmented>0</segmented>
  <object>
    <name>ship</name>
    <pose>Unspecified</pose>
    <truncated>0</truncated>
    <difficult>0</difficult>
    <bndbox>
      <xmin>400</xmin>
      <ymin>60</ymin>
      <xmax>406</xmax>
      <ymax>86</ymax>
      <x1>400</x1>
      <y1>60</y1>
      <x2>400</x2>
      <y2>86</y2>
      <x3>406</x3>
      <y3>86</y3>
      <x4>406</x4>
      <y4>60</y4>
    </bndbox>
  </object>
  <object>
    <name>ship</name>
    <pose>Unspecified</pose>
    <truncated>0</truncated>
    <difficult>0</difficult>
    <bndbox>
      <xmin>357</xmin>
      <ymin>153</ymin>
      <xmax>363</xmax>
      <ymax>179</ymax>
      <x1>357</x1>
      <y1>153</y1>
      <x2>357</x2>
      <y2>179</y2>
      <x3>363</x3>
      <y3>179</y3>
      <x4>363</x4>
      <y4>153</y4>
    </bndbox>
  </object>
  <object>
    <name>ship</name>
    <pose>Unspecified</pose>
    <truncated>0</truncated>
    <difficult>0</difficult>
    <bndbox>
      <xmin>338</xmin>
      <ymin>451</ymin>
      <xmax>346</xmax>
      <ymax>469</ymax>
      <x1>338</x1>
      <y1>451</y1>
      <x2>338</x2>
      <y2>469</y2>
      <x3>346</x3>
      <y3>469</y3>
      <x4>346</x4>
      <y4>451</y4>
    </bndbox>
  </object>
</annotation>
