<annotation>
  <folder>DATA</folder>
  <filename>000207.png</filename>
  <source>
    <database>Unknown</database>
  </source>
  <size>
    <width>500</width>
    <height>500</height>
    <depth>1</depth>
  </size>
  <segmented>0</segmented>
  <object>
    <name>ship</name>
    <pose>Unspecified</pose>
    <truncated>0</truncated>
    <difficult>0</difficult>
    <bndbox>
      <xmin>49</xmin>
      <ymin>114</ymin>
      <xmax>75</xmax>
      <ymax>123</ymax>
      <x1>49</x1>
      <y1>114</y1>
      <x2>49</x2>
      <y2>123</y2>
      <x3>75</x3>
      <y3>123</y3>
      <x4>75</x4>
      <y4>114</y4>
    </bndbox>
  </object>
  <object>
    <name>ship</name>
    <pose>Unspecified</pose>
    <truncated>0</truncated>
    <difficult>0</difficult>
    <bndbox>
      <xmin>208</xmin>
      <ymin>119</ymin>
      <xmax>228</xmax>
      <ymax>129</ymax>
      <x1>208</x1>
      <y1>119</y1>
      <x2>208</x2>
      <y2>129</y2>
      <x3>228</x3>
      <y3>129</y3>
      <x4>228</x4>
      <y4>119</y4>
    </bndbox>
  </object>
  <object>
    <name>ship</name>
    <pose>Unspecified</pose>
    <truncated>0</truncated>
    <difficult>0</difficult>
    <bndbox>
      <xmin>402</xmin>
      <ymin>178</ymin>
      <xmax>426</xmax>
      <ymax>189</ymax>
      <x1>402</x1>
      <y1>178</y1>
      <x2>402</x2>
      <y2>189</y2>
      <x3>426</x3>
      <y3>189</y3>
      <x4>426</x4>
      <y4>178</y4>
    </bndbox>
  </object>
  <object>
    <name>ship</name>
    <pose>Unspecified</pose>
    <truncated>0</truncated>
    <difficult>0</difficult>
    <bndbox>
      <xmin>256</xmin>
      <ymin>260</ymin>
      <xmax>276</xmax>
      <ymax>271</ymax>
      <x1>256</x1>
      <y1>260</y1>
      <x2>256</x2>
      <y2>271</y2>
      <x3>276</x3>
      <y3>271</y3>
      <x4>276</x4>
      <y4>260</y4>
    </bndbox>
  </object>
  <object>
    <name>ship</name>
    <pose>Unspecified</pose>
    <truncated>0</truncated>
    <difficult>0</difficult>
    <bndbox>
      <xmin>87</xmin>
      <ymin>265</ymin>
      <xmax>112</xmax>
      <ymax>275</ymax>
      <x1>87</x1>
      <y1>265</y1>
      <x2>87</x2>
      <y2>275</y2>
      <x3>112</x3>
      <y3>275</y3>
      <x4>112</x4>
      <y4>265</y4>
    </bndbox>
  </object>
  <object>
    <name>ship</name>
    <pose>Unspecified</pose>
    <truncated>0</truncated>
    <difficult>0</difficult>
    <bndbox>
      <xmin>77</xmin>
      <ymin>408</ymin>
      <xmax>98</xmax>
      <ymax>418</ymax>
      <x1>77</x1>
      <y1>408</y1>
      <x2>77</x2>
      <y2>418</y2>
      <x3>98</x3>
      <y3>418</y3>
      <x4>98</x4>
      <y4>408</y4>
    </bndbox>
  </object>
  <object>
    <name>ship</name>
    <pose>Unspecified</pose>
    <truncated>0</truncated>
    <difficult>0</difficult>
    <bndbox>
      <xmin>254</xmin>
      <ymin>417</ymin>
      <xmax>277</xmax>
      <ymax>425</ymax>
      <x1>254</x1>
      <y1>417</y1>
      <x2>254</x2>
      <y2>425</y2>
      <x3>277</x3>
      <y3>425</y3>
      <x4>277</x4>
      <y4>417</y4>
    </bndbox>
  </object>
</annotation>
