<annotation>
  <folder>DATA</folder>
  <filename>000209.png</filename>
  <source>
    <database>Unknown</database>
  </source>
  <size>
    <width>500</width>
    <height>500</height>
    <depth>1</depth>
  </size>
  <segmented>0</segmented>
  <object>
    <name>ship</name>
    <pose>Unspecified</pose>
    <truncated>0</truncated>
    <difficult>0</difficult>
    <bndbox>
      <xmin>68</xmin>
      <ymin>57</ymin>
      <xmax>87</xmax>
      <ymax>67</ymax>
      <x1>68</x1>
      <y1>57</y1>
      <x2>68</x2>
      <y2>67</y2>
      <x3>87</x3>
      <y3>67</y3>
      <x4>87</x4>
      <y4>57</y4>
    </bndbox>
  </object>
  <object>
    <name>ship</name>
    <pose>Unspecified</pose>
    <truncated>0</truncated>
    <difficult>0</difficult>
    <bndbox>
      <xmin>192</xmin>
      <ymin>93</ymin>
      <xmax>211</xmax>
      <ymax>101</ymax>
      <x1>192</x1>
      <y1>93</y1>
      <x2>192</x2>
      <y2>101</y2>
      <x3>211</x3>
      <y3>101</y3>
      <x4>211</x4>
      <y4>93</y4>
    </bndbox>
  </object>
  <object>
    <name>ship</name>
    <pose>Unspecified</pose>
    <truncated>0</truncated>
    <difficult>0</difficult>
    <bndbox>
      <xmin>285</xmin>
      <ymin>27</ymin>
      <xmax>303</xmax>
      <ymax>35</ymax>
      <x1>285</x1>
      <y1>27</y1>
      <x2>285</x2>
      <y2>35</y2>
      <x3>303</x3>
      <y3>35</y3>
      <x4>303</x4>
      <y4>27</y4>
    </bndbox>
  </object>
  <object>
    <name>ship</name>
    <pose>Unspecified</pose>
    <truncated>0</truncated>
    <difficult>0</difficult>
    <bndbox>
      <xmin>398</xmin>
      <ymin>137</ymin>
      <xmax>420</xmax>
      <ymax>146</ymax>
      <x1>398</x1>
      <y1>137</y1>
      <x2>398</x2>
      <y2>146</y2>
      <x3>420</x3>
      <y3>146</y3>
      <x4>420</x4>
      <y4>137</y4>
    </bndbox>
  </object>
  <object>
    <name>ship</name>
    <pose>Unspecified</pose>
    <truncated>0</truncated>
    <difficult>0</difficult>
    <bndbox>
      <xmin>365</xmin>
      <ymin>243</ymin>
      <xmax>382</xmax>
      <ymax>250</ymax>
      <x1>365</x1>
      <y1>243</y1>
      <x2>365</x2>
      <y2>250</y2>
      <x3>382</x3>
      <y3>250</y3>
      <x4>382</x4>
      <y4>243</y4>
    </bndbox>
  </object>
  <object>
    <name>ship</name>
    <pose>Unspecified</pose>
    <truncated>0</truncated>
    <difficult>0</difficult>
    <bndbox>
      <xmin>439</xmin>
      <ymin>394</ymin>
      <xmax>456</xmax>
      <ymax>405</ymax>
      <x1>439</x1>
      <y1>394</y1>
      <x2>439</x2>
      <y2>405</y2>
      <x3>456</x3>
      <y3>405</y3>
      <x4>456</x4>
      <y4>394</y4>
    </bndbox>
  </object>
  <object>
    <name>ship</name>
    <pose>Unspecified</pose>
    <truncated>0</truncated>
    <difficult>0</difficult>
    <bndbox>
      <xmin>214</xmin>
      <ymin>293</ymin>
      <xmax>234</xmax>
      <ymax>303</ymax>
      <x1>214</x1>
      <y1>293</y1>
      <x2>214</x2>
      <y2>303</y2>
      <x3>234</x3>
      <y3>303</y3>
      <x4>234</x4>
      <y4>293</y4>
    </bndbox>
  </object>
  <object>
    <name>ship</name>
    <pose>Unspecified</pose>
    <truncated>0</truncated>
    <difficult>0</difficult>
    <bndbox>
      <xmin>192</xmin>
      <ymin>458</ymin>
      <xmax>209</xmax>
      <ymax>470</ymax>
      <x1>192</x1>
      <y1>458</y1>
      <x2>192</x2>
      <y2>470</y2>
      <x3>209</x3>
      <y3>470</y3>
      <x4>209</x4>
      <y4>458</y4>
    </bndbox>
  </object>
  <object>
    <name>ship</name>
    <pose>Unspecified</pose>
    <truncated>0</truncated>
    <difficult>0</difficult>
    <bndbox>
      <xmin>55</xmin>
      <ymin>253</ymin>
      <xmax>70</xmax>
      <ymax>261</ymax>
      <x1>55</x1>
      <y1>253</y1>
      <x2>55</x2>
      <y2>261</y2>
      <x3>70</x3>
      <y3>261</y3>
      <x4>70</x4>
      <y4>253</y4>
    </bndbox>
  </object>
</annotation>
