<annotation>
  <folder>DATA</folder>
  <filename>000289.png</filename>
  <source>
    <database>Unknown</database>
  </source>
  <size>
    <width>500</width>
    <height>500</height>
    <depth>1</depth>
  </size>
  <segmented>0</segmented>
  <object>
    <name>ship</name>
    <pose>Unspecified</pose>
    <truncated>0</truncated>
    <difficult>0</difficult>
    <bndbox>
      <xmin>187</xmin>
      <ymin>176</ymin>
      <xmax>212</xmax>
      <ymax>190</ymax>
      <x1>187</x1>
      <y1>176</y1>
      <x2>187</x2>
      <y2>190</y2>
      <x3>212</x3>
      <y3>190</y3>
      <x4>212</x4>
      <y4>176</y4>
    </bndbox>
  </object>
</annotation>
