<annotation>
  <folder>DATA</folder>
  <filename>000282.png</filename>
  <source>
    <database>Unknown</database>
  </source>
  <size>
    <width>500</width>
    <height>500</height>
    <depth>1</depth>
  </size>
  <segmented>0</segmented>
  <object>
    <name>ship</name>
    <pose>Unspecified</pose>
    <truncated>0</truncated>
    <difficult>0</difficult>
    <bndbox>
      <xmin>290</xmin>
      <ymin>251</ymin>
      <xmax>319</xmax>
      <ymax>261</ymax>
      <x1>290</x1>
      <y1>251</y1>
      <x2>290</x2>
      <y2>261</y2>
      <x3>319</x3>
      <y3>261</y3>
      <x4>319</x4>
      <y4>251</y4>
    </bndbox>
  </object>
</annotation>
