<annotation>
  <folder>DATA</folder>
  <filename>000293.png</filename>
  <source>
    <database>Unknown</database>
  </source>
  <size>
    <width>500</width>
    <height>500</height>
    <depth>1</depth>
  </size>
  <segmented>0</segmented>
  <object>
    <name>ship</name>
    <pose>Unspecified</pose>
    <truncated>0</truncated>
    <difficult>0</difficult>
    <bndbox>
      <xmin>126</xmin>
      <ymin>251</ymin>
      <xmax>188</xmax>
      <ymax>273</ymax>
      <x1>126</x1>
      <y1>251</y1>
      <x2>126</x2>
      <y2>273</y2>
      <x3>188</x3>
      <y3>273</y3>
      <x4>188</x4>
      <y4>251</y4>
    </bndbox>
  </object>
</annotation>
