<annotation>
  <folder>DATA</folder>
  <filename>000295.png</filename>
  <source>
    <database>Unknown</database>
  </source>
  <size>
    <width>500</width>
    <height>500</height>
    <depth>1</depth>
  </size>
  <segmented>0</segmented>
  <object>
    <name>ship</name>
    <pose>Unspecified</pose>
    <truncated>0</truncated>
    <difficult>0</difficult>
    <bndbox>
      <xmin>151</xmin>
      <ymin>224</ymin>
      <xmax>163</xmax>
      <ymax>258</ymax>
      <x1>151</x1>
      <y1>224</y1>
      <x2>151</x2>
      <y2>258</y2>
      <x3>163</x3>
      <y3>258</y3>
      <x4>163</x4>
      <y4>224</y4>
    </bndbox>
  </object>
</annotation>
