<annotation>
  <folder>DATA</folder>
  <filename>000214.png</filename>
  <source>
    <database>Unknown</database>
  </source>
  <size>
    <width>500</width>
    <height>500</height>
    <depth>1</depth>
  </size>
  <segmented>0</segmented>
  <object>
    <name>ship</name>
    <pose>Unspecified</pose>
    <truncated>0</truncated>
    <difficult>0</difficult>
    <bndbox>
      <xmin>7</xmin>
      <ymin>234</ymin>
      <xmax>27</xmax>
      <ymax>242</ymax>
      <x1>7</x1>
      <y1>234</y1>
      <x2>7</x2>
      <y2>242</y2>
      <x3>27</x3>
      <y3>242</y3>
      <x4>27</x4>
      <y4>234</y4>
    </bndbox>
  </object>
  <object>
    <name>ship</name>
    <pose>Unspecified</pose>
    <truncated>0</truncated>
    <difficult>0</difficult>
    <bndbox>
      <xmin>89</xmin>
      <ymin>69</ymin>
      <xmax>108</xmax>
      <ymax>80</ymax>
      <x1>89</x1>
      <y1>69</y1>
      <x2>89</x2>
      <y2>80</y2>
      <x3>108</x3>
      <y3>80</y3>
      <x4>108</x4>
      <y4>69</y4>
    </bndbox>
  </object>
  <object>
    <name>ship</name>
    <pose>Unspecified</pose>
    <truncated>0</truncated>
    <difficult>0</difficult>
    <bndbox>
      <xmin>270</xmin>
      <ymin>284</ymin>
      <xmax>291</xmax>
      <ymax>296</ymax>
      <x1>270</x1>
      <y1>284</y1>
      <x2>270</x2>
      <y2>296</y2>
      <x3>291</x3>
      <y3>296</y3>
      <x4>291</x4>
      <y4>284</y4>
    </bndbox>
  </object>
  <object>
    <name>ship</name>
    <pose>Unspecified</pose>
    <truncated>0</truncated>
    <difficult>0</difficult>
    <bndbox>
      <xmin>429</xmin>
      <ymin>99</ymin>
      <xmax>455</xmax>
      <ymax>114</ymax>
      <x1>429</x1>
      <y1>99</y1>
      <x2>429</x2>
      <y2>114</y2>
      <x3>455</x3>
      <y3>114</y3>
      <x4>455</x4>
      <y4>99</y4>
    </bndbox>
  </object>
</annotation>
