<annotation>
  <folder>DATA</folder>
  <filename>000265.png</filename>
  <source>
    <database>Unknown</database>
  </source>
  <size>
    <width>500</width>
    <height>500</height>
    <depth>1</depth>
  </size>
  <segmented>0</segmented>
  <object>
    <name>ship</name>
    <pose>Unspecified</pose>
    <truncated>0</truncated>
    <difficult>0</difficult>
    <bndbox>
      <xmin>194</xmin>
      <ymin>262</ymin>
      <xmax>228</xmax>
      <ymax>279</ymax>
      <x1>194</x1>
      <y1>262</y1>
      <x2>194</x2>
      <y2>279</y2>
      <x3>228</x3>
      <y3>279</y3>
      <x4>228</x4>
      <y4>262</y4>
    </bndbox>
  </object>
</annotation>
