<annotation>
  <folder>DATA</folder>
  <filename>000254.png</filename>
  <source>
    <database>Unknown</database>
  </source>
  <size>
    <width>500</width>
    <height>500</height>
    <depth>1</depth>
  </size>
  <segmented>0</segmented>
  <object>
    <name>ship</name>
    <pose>Unspecified</pose>
    <truncated>0</truncated>
    <difficult>0</difficult>
    <bndbox>
      <xmin>235</xmin>
      <ymin>111</ymin>
      <xmax>244</xmax>
      <ymax>127</ymax>
      <x1>235</x1>
      <y1>111</y1>
      <x2>235</x2>
      <y2>127</y2>
      <x3>244</x3>
      <y3>127</y3>
      <x4>244</x4>
      <y4>111</y4>
    </bndbox>
  </object>
  <object>
    <name>ship</name>
    <pose>Unspecified</pose>
    <truncated>0</truncated>
    <difficult>0</difficult>
    <bndbox>
      <xmin>300</xmin>
      <ymin>312</ymin>
      <xmax>310</xmax>
      <ymax>328</ymax>
      <x1>300</x1>
      <y1>312</y1>
      <x2>300</x2>
      <y2>328</y2>
      <x3>310</x3>
      <y3>328</y3>
      <x4>310</x4>
      <y4>312</y4>
    </bndbox>
  </object>
</annotation>
