<annotation>
  <folder>DATA</folder>
  <filename>000259.png</filename>
  <source>
    <database>Unknown</database>
  </source>
  <size>
    <width>500</width>
    <height>500</height>
    <depth>1</depth>
  </size>
  <segmented>0</segmented>
  <object>
    <name>ship</name>
    <pose>Unspecified</pose>
    <truncated>0</truncated>
    <difficult>0</difficult>
    <bndbox>
      <xmin>280</xmin>
      <ymin>59</ymin>
      <xmax>289</xmax>
      <ymax>82</ymax>
      <x1>280</x1>
      <y1>59</y1>
      <x2>280</x2>
      <y2>82</y2>
      <x3>289</x3>
      <y3>82</y3>
      <x4>289</x4>
      <y4>59</y4>
    </bndbox>
  </object>
  <object>
    <name>ship</name>
    <pose>Unspecified</pose>
    <truncated>0</truncated>
    <difficult>0</difficult>
    <bndbox>
      <xmin>200</xmin>
      <ymin>315</ymin>
      <xmax>208</xmax>
      <ymax>342</ymax>
      <x1>200</x1>
      <y1>315</y1>
      <x2>200</x2>
      <y2>342</y2>
      <x3>208</x3>
      <y3>342</y3>
      <x4>208</x4>
      <y4>315</y4>
    </bndbox>
  </object>
</annotation>
