<annotation>
  <folder>DATA</folder>
  <filename>000274.png</filename>
  <source>
    <database>Unknown</database>
  </source>
  <size>
    <width>500</width>
    <height>500</height>
    <depth>1</depth>
  </size>
  <segmented>0</segmented>
  <object>
    <name>ship</name>
    <pose>Unspecified</pose>
    <truncated>0</truncated>
    <difficult>0</difficult>
    <bndbox>
      <xmin>46</xmin>
      <ymin>299</ymin>
      <xmax>80</xmax>
      <ymax>311</ymax>
      <x1>46</x1>
      <y1>299</y1>
      <x2>46</x2>
      <y2>311</y2>
      <x3>80</x3>
      <y3>311</y3>
      <x4>80</x4>
      <y4>299</y4>
    </bndbox>
  </object>
  <object>
    <name>ship</name>
    <pose>Unspecified</pose>
    <truncated>0</truncated>
    <difficult>0</difficult>
    <bndbox>
      <xmin>418</xmin>
      <ymin>269</ymin>
      <xmax>459</xmax>
      <ymax>282</ymax>
      <x1>418</x1>
      <y1>269</y1>
      <x2>418</x2>
      <y2>282</y2>
      <x3>459</x3>
      <y3>282</y3>
      <x4>459</x4>
      <y4>269</y4>
    </bndbox>
  </object>
</annotation>
