<annotation>
  <folder>DATA</folder>
  <filename>000290.png</filename>
  <source>
    <database>Unknown</database>
  </source>
  <size>
    <width>500</width>
    <height>500</height>
    <depth>1</depth>
  </size>
  <segmented>0</segmented>
  <object>
    <name>ship</name>
    <pose>Unspecified</pose>
    <truncated>0</truncated>
    <difficult>0</difficult>
    <bndbox>
      <xmin>308</xmin>
      <ymin>126</ymin>
      <xmax>316</xmax>
      <ymax>142</ymax>
      <x1>308</x1>
      <y1>126</y1>
      <x2>308</x2>
      <y2>142</y2>
      <x3>316</x3>
      <y3>142</y3>
      <x4>316</x4>
      <y4>126</y4>
    </bndbox>
  </object>
  <object>
    <name>ship</name>
    <pose>Unspecified</pose>
    <truncated>0</truncated>
    <difficult>0</difficult>
    <bndbox>
      <xmin>254</xmin>
      <ymin>361</ymin>
      <xmax>269</xmax>
      <ymax>391</ymax>
      <x1>254</x1>
      <y1>361</y1>
      <x2>254</x2>
      <y2>391</y2>
      <x3>269</x3>
      <y3>391</y3>
      <x4>269</x4>
      <y4>361</y4>
    </bndbox>
  </object>
</annotation>
