<annotation>
  <folder>DATA</folder>
  <filename>000249.png</filename>
  <source>
    <database>Unknown</database>
  </source>
  <size>
    <width>500</width>
    <height>500</height>
    <depth>1</depth>
  </size>
  <segmented>0</segmented>
  <object>
    <name>ship</name>
    <pose>Unspecified</pose>
    <truncated>0</truncated>
    <difficult>0</difficult>
    <bndbox>
      <xmin>402</xmin>
      <ymin>216</ymin>
      <xmax>429</xmax>
      <ymax>235</ymax>
      <x1>402</x1>
      <y1>216</y1>
      <x2>402</x2>
      <y2>235</y2>
      <x3>429</x3>
      <y3>235</y3>
      <x4>429</x4>
      <y4>216</y4>
    </bndbox>
  </object>
</annotation>
