<annotation>
  <folder>DATA</folder>
  <filename>000216.png</filename>
  <source>
    <database>Unknown</database>
  </source>
  <size>
    <width>500</width>
    <height>500</height>
    <depth>1</depth>
  </size>
  <segmented>0</segmented>
  <object>
    <name>ship</name>
    <pose>Unspecified</pose>
    <truncated>0</truncated>
    <difficult>0</difficult>
    <bndbox>
      <xmin>117</xmin>
      <ymin>255</ymin>
      <xmax>125</xmax>
      <ymax>276</ymax>
      <x1>117</x1>
      <y1>255</y1>
      <x2>117</x2>
      <y2>276</y2>
      <x3>125</x3>
      <y3>276</y3>
      <x4>125</x4>
      <y4>255</y4>
    </bndbox>
  </object>
  <object>
    <name>ship</name>
    <pose>Unspecified</pose>
    <truncated>0</truncated>
    <difficult>0</difficult>
    <bndbox>
      <xmin>166</xmin>
      <ymin>282</ymin>
      <xmax>203</xmax>
      <ymax>300</ymax>
      <x1>166</x1>
      <y1>282</y1>
      <x2>166</x2>
      <y2>300</y2>
      <x3>203</x3>
      <y3>300</y3>
      <x4>203</x4>
      <y4>282</y4>
    </bndbox>
  </object>
</annotation>
