<annotation>
  <folder>DATA</folder>
  <filename>000297.png</filename>
  <source>
    <database>Unknown</database>
  </source>
  <size>
    <width>500</width>
    <height>500</height>
    <depth>1</depth>
  </size>
  <segmented>0</segmented>
  <object>
    <name>ship</name>
    <pose>Unspecified</pose>
    <truncated>0</truncated>
    <difficult>0</difficult>
    <bndbox>
      <xmin>245</xmin>
      <ymin>260</ymin>
      <xmax>281</xmax>
      <ymax>280</ymax>
      <x1>245</x1>
      <y1>260</y1>
      <x2>245</x2>
      <y2>280</y2>
      <x3>281</x3>
      <y3>280</y3>
      <x4>281</x4>
      <y4>260</y4>
    </bndbox>
  </object>
</annotation>
