<annotation>
  <folder>DATA</folder>
  <filename>000270.png</filename>
  <source>
    <database>Unknown</database>
  </source>
  <size>
    <width>500</width>
    <height>500</height>
    <depth>1</depth>
  </size>
  <segmented>0</segmented>
  <object>
    <name>ship</name>
    <pose>Unspecified</pose>
    <truncated>0</truncated>
    <difficult>0</difficult>
    <bndbox>
      <xmin>122</xmin>
      <ymin>242</ymin>
      <xmax>134</xmax>
      <ymax>283</ymax>
      <x1>122</x1>
      <y1>242</y1>
      <x2>122</x2>
      <y2>283</y2>
      <x3>134</x3>
      <y3>283</y3>
      <x4>134</x4>
      <y4>242</y4>
    </bndbox>
  </object>
</annotation>
