<annotation>
  <folder>DATA</folder>
  <filename>000253.png</filename>
  <source>
    <database>Unknown</database>
  </source>
  <size>
    <width>500</width>
    <height>500</height>
    <depth>1</depth>
  </size>
  <segmented>0</segmented>
  <object>
    <name>ship</name>
    <pose>Unspecified</pose>
    <truncated>0</truncated>
    <difficult>0</difficult>
    <bndbox>
      <xmin>187</xmin>
      <ymin>256</ymin>
      <xmax>199</xmax>
      <ymax>272</ymax>
      <x1>187</x1>
      <y1>256</y1>
      <x2>187</x2>
      <y2>272</y2>
      <x3>199</x3>
      <y3>272</y3>
      <x4>199</x4>
      <y4>256</y4>
    </bndbox>
  </object>
</annotation>
