<annotation>
  <folder>DATA</folder>
  <filename>000275.png</filename>
  <source>
    <database>Unknown</database>
  </source>
  <size>
    <width>500</width>
    <height>500</height>
    <depth>1</depth>
  </size>
  <segmented>0</segmented>
  <object>
    <name>ship</name>
    <pose>Unspecified</pose>
    <truncated>0</truncated>
    <difficult>0</difficult>
    <bndbox>
      <xmin>55</xmin>
      <ymin>212</ymin>
      <xmax>86</xmax>
      <ymax>234</ymax>
      <x1>55</x1>
      <y1>212</y1>
      <x2>55</x2>
      <y2>234</y2>
      <x3>86</x3>
      <y3>234</y3>
      <x4>86</x4>
      <y4>212</y4>
    </bndbox>
  </object>
</annotation>
