<annotation>
  <folder>DATA</folder>
  <filename>000256.png</filename>
  <source>
    <database>Unknown</database>
  </source>
  <size>
    <width>500</width>
    <height>500</height>
    <depth>1</depth>
  </size>
  <segmented>0</segmented>
  <object>
    <name>ship</name>
    <pose>Unspecified</pose>
    <truncated>0</truncated>
    <difficult>0</difficult>
    <bndbox>
      <xmin>440</xmin>
      <ymin>320</ymin>
      <xmax>451</xmax>
      <ymax>342</ymax>
      <x1>440</x1>
      <y1>320</y1>
      <x2>440</x2>
      <y2>342</y2>
      <x3>451</x3>
      <y3>342</y3>
      <x4>451</x4>
      <y4>320</y4>
    </bndbox>
  </object>
</annotation>
