<annotation>
  <folder>DATA</folder>
  <filename>000206.png</filename>
  <source>
    <database>Unknown</database>
  </source>
  <size>
    <width>500</width>
    <height>500</height>
    <depth>1</depth>
  </size>
  <segmented>0</segmented>
  <object>
    <name>ship</name>
    <pose>Unspecified</pose>
    <truncated>0</truncated>
    <difficult>0</difficult>
    <bndbox>
      <xmin>88</xmin>
      <ymin>168</ymin>
      <xmax>112</xmax>
      <ymax>179</ymax>
      <x1>88</x1>
      <y1>168</y1>
      <x2>88</x2>
      <y2>179</y2>
      <x3>112</x3>
      <y3>179</y3>
      <x4>112</x4>
      <y4>168</y4>
    </bndbox>
  </object>
  <object>
    <name>ship</name>
    <pose>Unspecified</pose>
    <truncated>0</truncated>
    <difficult>0</difficult>
    <bndbox>
      <xmin>244</xmin>
      <ymin>156</ymin>
      <xmax>267</xmax>
      <ymax>169</ymax>
      <x1>244</x1>
      <y1>156</y1>
      <x2>244</x2>
      <y2>169</y2>
      <x3>267</x3>
      <y3>169</y3>
      <x4>267</x4>
      <y4>156</y4>
    </bndbox>
  </object>
  <object>
    <name>ship</name>
    <pose>Unspecified</pose>
    <truncated>0</truncated>
    <difficult>0</difficult>
    <bndbox>
      <xmin>267</xmin>
      <ymin>323</ymin>
      <xmax>289</xmax>
      <ymax>336</ymax>
      <x1>267</x1>
      <y1>323</y1>
      <x2>267</x2>
      <y2>336</y2>
      <x3>289</x3>
      <y3>336</y3>
      <x4>289</x4>
      <y4>323</y4>
    </bndbox>
  </object>
  <object>
    <name>ship</name>
    <pose>Unspecified</pose>
    <truncated>0</truncated>
    <difficult>0</difficult>
    <bndbox>
      <xmin>21</xmin>
      <ymin>402</ymin>
      <xmax>43</xmax>
      <ymax>413</ymax>
      <x1>21</x1>
      <y1>402</y1>
      <x2>21</x2>
      <y2>413</y2>
      <x3>43</x3>
      <y3>413</y3>
      <x4>43</x4>
      <y4>402</y4>
    </bndbox>
  </object>
  <object>
    <name>ship</name>
    <pose>Unspecified</pose>
    <truncated>0</truncated>
    <difficult>0</difficult>
    <bndbox>
      <xmin>412</xmin>
      <ymin>226</ymin>
      <xmax>439</xmax>
      <ymax>236</ymax>
      <x1>412</x1>
      <y1>226</y1>
      <x2>412</x2>
      <y2>236</y2>
      <x3>439</x3>
      <y3>236</y3>
      <x4>439</x4>
      <y4>226</y4>
    </bndbox>
  </object>
  <object>
    <name>ship</name>
    <pose>Unspecified</pose>
    <truncated>0</truncated>
    <difficult>0</difficult>
    <bndbox>
      <xmin>470</xmin>
      <ymin>364</ymin>
      <xmax>497</xmax>
      <ymax>375</ymax>
      <x1>470</x1>
      <y1>364</y1>
      <x2>470</x2>
      <y2>375</y2>
      <x3>497</x3>
      <y3>375</y3>
      <x4>497</x4>
      <y4>364</y4>
    </bndbox>
  </object>
  <object>
    <name>ship</name>
    <pose>Unspecified</pose>
    <truncated>0</truncated>
    <difficult>0</difficult>
    <bndbox>
      <xmin>437</xmin>
      <ymin>36</ymin>
      <xmax>461</xmax>
      <ymax>45</ymax>
      <x1>437</x1>
      <y1>36</y1>
      <x2>437</x2>
      <y2>45</y2>
      <x3>461</x3>
      <y3>45</y3>
      <x4>461</x4>
      <y4>36</y4>
    </bndbox>
  </object>
</annotation>
