<annotation>
  <folder>DATA</folder>
  <filename>000227.png</filename>
  <source>
    <database>Unknown</database>
  </source>
  <size>
    <width>500</width>
    <height>500</height>
    <depth>1</depth>
  </size>
  <segmented>0</segmented>
  <object>
    <name>ship</name>
    <pose>Unspecified</pose>
    <truncated>0</truncated>
    <difficult>0</difficult>
    <bndbox>
      <xmin>99</xmin>
      <ymin>164</ymin>
      <xmax>112</xmax>
      <ymax>172</ymax>
      <x1>99</x1>
      <y1>164</y1>
      <x2>99</x2>
      <y2>172</y2>
      <x3>112</x3>
      <y3>172</y3>
      <x4>112</x4>
      <y4>164</y4>
    </bndbox>
  </object>
  <object>
    <name>ship</name>
    <pose>Unspecified</pose>
    <truncated>0</truncated>
    <difficult>0</difficult>
    <bndbox>
      <xmin>358</xmin>
      <ymin>128</ymin>
      <xmax>375</xmax>
      <ymax>136</ymax>
      <x1>358</x1>
      <y1>128</y1>
      <x2>358</x2>
      <y2>136</y2>
      <x3>375</x3>
      <y3>136</y3>
      <x4>375</x4>
      <y4>128</y4>
    </bndbox>
  </object>
  <object>
    <name>ship</name>
    <pose>Unspecified</pose>
    <truncated>0</truncated>
    <difficult>0</difficult>
    <bndbox>
      <xmin>380</xmin>
      <ymin>189</ymin>
      <xmax>391</xmax>
      <ymax>197</ymax>
      <x1>380</x1>
      <y1>189</y1>
      <x2>380</x2>
      <y2>197</y2>
      <x3>391</x3>
      <y3>197</y3>
      <x4>391</x4>
      <y4>189</y4>
    </bndbox>
  </object>
</annotation>
