<annotation>
  <folder>DATA</folder>
  <filename>000235.png</filename>
  <source>
    <database>Unknown</database>
  </source>
  <size>
    <width>500</width>
    <height>500</height>
    <depth>1</depth>
  </size>
  <segmented>0</segmented>
  <object>
    <name>ship</name>
    <pose>Unspecified</pose>
    <truncated>0</truncated>
    <difficult>0</difficult>
    <bndbox>
      <xmin>96</xmin>
      <ymin>140</ymin>
      <xmax>106</xmax>
      <ymax>153</ymax>
      <x1>96</x1>
      <y1>140</y1>
      <x2>96</x2>
      <y2>153</y2>
      <x3>106</x3>
      <y3>153</y3>
      <x4>106</x4>
      <y4>140</y4>
    </bndbox>
  </object>
</annotation>
