<annotation>
  <folder>DATA</folder>
  <filename>000248.png</filename>
  <source>
    <database>Unknown</database>
  </source>
  <size>
    <width>500</width>
    <height>500</height>
    <depth>1</depth>
  </size>
  <segmented>0</segmented>
  <object>
    <name>ship</name>
    <pose>Unspecified</pose>
    <truncated>0</truncated>
    <difficult>0</difficult>
    <bndbox>
      <xmin>300</xmin>
      <ymin>107</ymin>
      <xmax>312</xmax>
      <ymax>124</ymax>
      <x1>300</x1>
      <y1>107</y1>
      <x2>300</x2>
      <y2>124</y2>
      <x3>312</x3>
      <y3>124</y3>
      <x4>312</x4>
      <y4>107</y4>
    </bndbox>
  </object>
  <object>
    <name>ship</name>
    <pose>Unspecified</pose>
    <truncated>0</truncated>
    <difficult>0</difficult>
    <bndbox>
      <xmin>215</xmin>
      <ymin>276</ymin>
      <xmax>229</xmax>
      <ymax>293</ymax>
      <x1>215</x1>
      <y1>276</y1>
      <x2>215</x2>
      <y2>293</y2>
      <x3>229</x3>
      <y3>293</y3>
      <x4>229</x4>
      <y4>276</y4>
    </bndbox>
  </object>
  <object>
    <name>ship</name>
    <pose>Unspecified</pose>
    <truncated>0</truncated>
    <difficult>0</difficult>
    <bndbox>
      <xmin>118</xmin>
      <ymin>204</ymin>
      <xmax>133</xmax>
      <ymax>221</ymax>
      <x1>118</x1>
      <y1>204</y1>
      <x2>118</x2>
      <y2>221</y2>
      <x3>133</x3>
      <y3>221</y3>
      <x4>133</x4>
      <y4>204</y4>
    </bndbox>
  </object>
  <object>
    <name>ship</name>
    <pose>Unspecified</pose>
    <truncated>0</truncated>
    <difficult>0</difficult>
    <bndbox>
      <xmin>68</xmin>
      <ymin>288</ymin>
      <xmax>84</xmax>
      <ymax>305</ymax>
      <x1>68</x1>
      <y1>288</y1>
      <x2>68</x2>
      <y2>305</y2>
      <x3>84</x3>
      <y3>305</y3>
      <x4>84</x4>
      <y4>288</y4>
    </bndbox>
  </object>
</annotation>
