<annotation>
  <folder>DATA</folder>
  <filename>000245.png</filename>
  <source>
    <database>Unknown</database>
  </source>
  <size>
    <width>500</width>
    <height>500</height>
    <depth>1</depth>
  </size>
  <segmented>0</segmented>
  <object>
    <name>ship</name>
    <pose>Unspecified</pose>
    <truncated>0</truncated>
    <difficult>0</difficult>
    <bndbox>
      <xmin>230</xmin>
      <ymin>337</ymin>
      <xmax>240</xmax>
      <ymax>365</ymax>
      <x1>230</x1>
      <y1>337</y1>
      <x2>230</x2>
      <y2>365</y2>
      <x3>240</x3>
      <y3>365</y3>
      <x4>240</x4>
      <y4>337</y4>
    </bndbox>
  </object>
</annotation>
