<annotation>
  <folder>DATA</folder>
  <filename>000246.png</filename>
  <source>
    <database>Unknown</database>
  </source>
  <size>
    <width>500</width>
    <height>500</height>
    <depth>1</depth>
  </size>
  <segmented>0</segmented>
  <object>
    <name>ship</name>
    <pose>Unspecified</pose>
    <truncated>0</truncated>
    <difficult>0</difficult>
    <bndbox>
      <xmin>203</xmin>
      <ymin>222</ymin>
      <xmax>215</xmax>
      <ymax>255</ymax>
      <x1>203</x1>
      <y1>222</y1>
      <x2>203</x2>
      <y2>255</y2>
      <x3>215</x3>
      <y3>255</y3>
      <x4>215</x4>
      <y4>222</y4>
    </bndbox>
  </object>
</annotation>
