<annotation>
  <folder>DATA</folder>
  <filename>000258.png</filename>
  <source>
    <database>Unknown</database>
  </source>
  <size>
    <width>500</width>
    <height>500</height>
    <depth>1</depth>
  </size>
  <segmented>0</segmented>
  <object>
    <name>ship</name>
    <pose>Unspecified</pose>
    <truncated>0</truncated>
    <difficult>0</difficult>
    <bndbox>
      <xmin>282</xmin>
      <ymin>100</ymin>
      <xmax>289</xmax>
      <ymax>123</ymax>
      <x1>282</x1>
      <y1>100</y1>
      <x2>282</x2>
      <y2>123</y2>
      <x3>289</x3>
      <y3>123</y3>
      <x4>289</x4>
      <y4>100</y4>
    </bndbox>
  </object>
  <object>
    <name>ship</name>
    <pose>Unspecified</pose>
    <truncated>0</truncated>
    <difficult>0</difficult>
    <bndbox>
      <xmin>272</xmin>
      <ymin>291</ymin>
      <xmax>280</xmax>
      <ymax>315</ymax>
      <x1>272</x1>
      <y1>291</y1>
      <x2>272</x2>
      <y2>315</y2>
      <x3>280</x3>
      <y3>315</y3>
      <x4>280</x4>
      <y4>291</y4>
    </bndbox>
  </object>
  <object>
    <name>ship</name>
    <pose>Unspecified</pose>
    <truncated>0</truncated>
    <difficult>0</difficult>
    <bndbox>
      <xmin>276</xmin>
      <ymin>397</ymin>
      <xmax>284</xmax>
      <ymax>423</ymax>
      <x1>276</x1>
      <y1>397</y1>
      <x2>276</x2>
      <y2>423</y2>
      <x3>284</x3>
      <y3>423</y3>
      <x4>284</x4>
      <y4>397</y4>
    </bndbox>
  </object>
</annotation>
