<annotation>
  <folder>DATA</folder>
  <filename>000252.png</filename>
  <source>
    <database>Unknown</database>
  </source>
  <size>
    <width>500</width>
    <height>500</height>
    <depth>1</depth>
  </size>
  <segmented>0</segmented>
  <object>
    <name>ship</name>
    <pose>Unspecified</pose>
    <truncated>0</truncated>
    <difficult>0</difficult>
    <bndbox>
      <xmin>186</xmin>
      <ymin>318</ymin>
      <xmax>207</xmax>
      <ymax>326</ymax>
      <x1>186</x1>
      <y1>318</y1>
      <x2>186</x2>
      <y2>326</y2>
      <x3>207</x3>
      <y3>326</y3>
      <x4>207</x4>
      <y4>318</y4>
    </bndbox>
  </object>
</annotation>
