<annotation>
  <folder>DATA</folder>
  <filename>000205.png</filename>
  <source>
    <database>Unknown</database>
  </source>
  <size>
    <width>500</width>
    <height>500</height>
    <depth>1</depth>
  </size>
  <segmented>0</segmented>
  <object>
    <name>ship</name>
    <pose>Unspecified</pose>
    <truncated>0</truncated>
    <difficult>0</difficult>
    <bndbox>
      <xmin>21</xmin>
      <ymin>107</ymin>
      <xmax>44</xmax>
      <ymax>117</ymax>
      <x1>21</x1>
      <y1>107</y1>
      <x2>21</x2>
      <y2>117</y2>
      <x3>44</x3>
      <y3>117</y3>
      <x4>44</x4>
      <y4>107</y4>
    </bndbox>
  </object>
  <object>
    <name>ship</name>
    <pose>Unspecified</pose>
    <truncated>0</truncated>
    <difficult>0</difficult>
    <bndbox>
      <xmin>288</xmin>
      <ymin>57</ymin>
      <xmax>316</xmax>
      <ymax>69</ymax>
      <x1>288</x1>
      <y1>57</y1>
      <x2>288</x2>
      <y2>69</y2>
      <x3>316</x3>
      <y3>69</y3>
      <x4>316</x4>
      <y4>57</y4>
    </bndbox>
  </object>
  <object>
    <name>ship</name>
    <pose>Unspecified</pose>
    <truncated>0</truncated>
    <difficult>0</difficult>
    <bndbox>
      <xmin>453</xmin>
      <ymin>76</ymin>
      <xmax>477</xmax>
      <ymax>87</ymax>
      <x1>453</x1>
      <y1>76</y1>
      <x2>453</x2>
      <y2>87</y2>
      <x3>477</x3>
      <y3>87</y3>
      <x4>477</x4>
      <y4>76</y4>
    </bndbox>
  </object>
  <object>
    <name>ship</name>
    <pose>Unspecified</pose>
    <truncated>0</truncated>
    <difficult>0</difficult>
    <bndbox>
      <xmin>403</xmin>
      <ymin>251</ymin>
      <xmax>423</xmax>
      <ymax>259</ymax>
      <x1>403</x1>
      <y1>251</y1>
      <x2>403</x2>
      <y2>259</y2>
      <x3>423</x3>
      <y3>259</y3>
      <x4>423</x4>
      <y4>251</y4>
    </bndbox>
  </object>
  <object>
    <name>ship</name>
    <pose>Unspecified</pose>
    <truncated>0</truncated>
    <difficult>0</difficult>
    <bndbox>
      <xmin>208</xmin>
      <ymin>372</ymin>
      <xmax>230</xmax>
      <ymax>382</ymax>
      <x1>208</x1>
      <y1>372</y1>
      <x2>208</x2>
      <y2>382</y2>
      <x3>230</x3>
      <y3>382</y3>
      <x4>230</x4>
      <y4>372</y4>
    </bndbox>
  </object>
  <object>
    <name>ship</name>
    <pose>Unspecified</pose>
    <truncated>0</truncated>
    <difficult>0</difficult>
    <bndbox>
      <xmin>52</xmin>
      <ymin>383</ymin>
      <xmax>75</xmax>
      <ymax>393</ymax>
      <x1>52</x1>
      <y1>383</y1>
      <x2>52</x2>
      <y2>393</y2>
      <x3>75</x3>
      <y3>393</y3>
      <x4>75</x4>
      <y4>383</y4>
    </bndbox>
  </object>
  <object>
    <name>ship</name>
    <pose>Unspecified</pose>
    <truncated>0</truncated>
    <difficult>0</difficult>
    <bndbox>
      <xmin>376</xmin>
      <ymin>440</ymin>
      <xmax>401</xmax>
      <ymax>449</ymax>
      <x1>376</x1>
      <y1>440</y1>
      <x2>376</x2>
      <y2>449</y2>
      <x3>401</x3>
      <y3>449</y3>
      <x4>401</x4>
      <y4>440</y4>
    </bndbox>
  </object>
</annotation>
