<annotation>
  <folder>DATA</folder>
  <filename>000229.png</filename>
  <source>
    <database>Unknown</database>
  </source>
  <size>
    <width>500</width>
    <height>500</height>
    <depth>1</depth>
  </size>
  <segmented>0</segmented>
  <object>
    <name>ship</name>
    <pose>Unspecified</pose>
    <truncated>0</truncated>
    <difficult>0</difficult>
    <bndbox>
      <xmin>32</xmin>
      <ymin>178</ymin>
      <xmax>45</xmax>
      <ymax>187</ymax>
      <x1>32</x1>
      <y1>178</y1>
      <x2>32</x2>
      <y2>187</y2>
      <x3>45</x3>
      <y3>187</y3>
      <x4>45</x4>
      <y4>178</y4>
    </bndbox>
  </object>
  <object>
    <name>ship</name>
    <pose>Unspecified</pose>
    <truncated>0</truncated>
    <difficult>0</difficult>
    <bndbox>
      <xmin>278</xmin>
      <ymin>308</ymin>
      <xmax>289</xmax>
      <ymax>316</ymax>
      <x1>278</x1>
      <y1>308</y1>
      <x2>278</x2>
      <y2>316</y2>
      <x3>289</x3>
      <y3>316</y3>
      <x4>289</x4>
      <y4>308</y4>
    </bndbox>
  </object>
</annotation>
