<annotation>
  <folder>DATA</folder>
  <filename>000244.png</filename>
  <source>
    <database>Unknown</database>
  </source>
  <size>
    <width>500</width>
    <height>500</height>
    <depth>1</depth>
  </size>
  <segmented>0</segmented>
  <object>
    <name>ship</name>
    <pose>Unspecified</pose>
    <truncated>0</truncated>
    <difficult>0</difficult>
    <bndbox>
      <xmin>198</xmin>
      <ymin>354</ymin>
      <xmax>226</xmax>
      <ymax>396</ymax>
      <x1>198</x1>
      <y1>354</y1>
      <x2>198</x2>
      <y2>396</y2>
      <x3>226</x3>
      <y3>396</y3>
      <x4>226</x4>
      <y4>354</y4>
    </bndbox>
  </object>
</annotation>
