<annotation>
  <folder>DATA</folder>
  <filename>000228.png</filename>
  <source>
    <database>Unknown</database>
  </source>
  <size>
    <width>500</width>
    <height>500</height>
    <depth>1</depth>
  </size>
  <segmented>0</segmented>
  <object>
    <name>ship</name>
    <pose>Unspecified</pose>
    <truncated>0</truncated>
    <difficult>0</difficult>
    <bndbox>
      <xmin>84</xmin>
      <ymin>194</ymin>
      <xmax>112</xmax>
      <ymax>209</ymax>
      <x1>84</x1>
      <y1>194</y1>
      <x2>84</x2>
      <y2>209</y2>
      <x3>112</x3>
      <y3>209</y3>
      <x4>112</x4>
      <y4>194</y4>
    </bndbox>
  </object>
</annotation>
