<annotation>
  <folder>DATA</folder>
  <filename>000261.png</filename>
  <source>
    <database>Unknown</database>
  </source>
  <size>
    <width>500</width>
    <height>500</height>
    <depth>1</depth>
  </size>
  <segmented>0</segmented>
  <object>
    <name>ship</name>
    <pose>Unspecified</pose>
    <truncated>0</truncated>
    <difficult>0</difficult>
    <bndbox>
      <xmin>270</xmin>
      <ymin>107</ymin>
      <xmax>293</xmax>
      <ymax>118</ymax>
      <x1>270</x1>
      <y1>107</y1>
      <x2>270</x2>
      <y2>118</y2>
      <x3>293</x3>
      <y3>118</y3>
      <x4>293</x4>
      <y4>107</y4>
    </bndbox>
  </object>
</annotation>
