<annotation>
  <folder>DATA</folder>
  <filename>000284.png</filename>
  <source>
    <database>Unknown</database>
  </source>
  <size>
    <width>500</width>
    <height>500</height>
    <depth>1</depth>
  </size>
  <segmented>0</segmented>
  <object>
    <name>ship</name>
    <pose>Unspecified</pose>
    <truncated>0</truncated>
    <difficult>0</difficult>
    <bndbox>
      <xmin>208</xmin>
      <ymin>64</ymin>
      <xmax>240</xmax>
      <ymax>81</ymax>
      <x1>208</x1>
      <y1>64</y1>
      <x2>208</x2>
      <y2>81</y2>
      <x3>240</x3>
      <y3>81</y3>
      <x4>240</x4>
      <y4>64</y4>
    </bndbox>
  </object>
  <object>
    <name>ship</name>
    <pose>Unspecified</pose>
    <truncated>0</truncated>
    <difficult>0</difficult>
    <bndbox>
      <xmin>246</xmin>
      <ymin>211</ymin>
      <xmax>255</xmax>
      <ymax>232</ymax>
      <x1>246</x1>
      <y1>211</y1>
      <x2>246</x2>
      <y2>232</y2>
      <x3>255</x3>
      <y3>232</y3>
      <x4>255</x4>
      <y4>211</y4>
    </bndbox>
  </object>
</annotation>
