<annotation>
  <folder>DATA</folder>
  <filename>000224.png</filename>
  <source>
    <database>Unknown</database>
  </source>
  <size>
    <width>500</width>
    <height>500</height>
    <depth>1</depth>
  </size>
  <segmented>0</segmented>
  <object>
    <name>ship</name>
    <pose>Unspecified</pose>
    <truncated>0</truncated>
    <difficult>0</difficult>
    <bndbox>
      <xmin>40</xmin>
      <ymin>50</ymin>
      <xmax>65</xmax>
      <ymax>65</ymax>
      <x1>40</x1>
      <y1>50</y1>
      <x2>40</x2>
      <y2>65</y2>
      <x3>65</x3>
      <y3>65</y3>
      <x4>65</x4>
      <y4>50</y4>
    </bndbox>
  </object>
  <object>
    <name>ship</name>
    <pose>Unspecified</pose>
    <truncated>0</truncated>
    <difficult>0</difficult>
    <bndbox>
      <xmin>333</xmin>
      <ymin>24</ymin>
      <xmax>362</xmax>
      <ymax>38</ymax>
      <x1>333</x1>
      <y1>24</y1>
      <x2>333</x2>
      <y2>38</y2>
      <x3>362</x3>
      <y3>38</y3>
      <x4>362</x4>
      <y4>24</y4>
    </bndbox>
  </object>
  <object>
    <name>ship</name>
    <pose>Unspecified</pose>
    <truncated>0</truncated>
    <difficult>0</difficult>
    <bndbox>
      <xmin>231</xmin>
      <ymin>129</ymin>
      <xmax>256</xmax>
      <ymax>146</ymax>
      <x1>231</x1>
      <y1>129</y1>
      <x2>231</x2>
      <y2>146</y2>
      <x3>256</x3>
      <y3>146</y3>
      <x4>256</x4>
      <y4>129</y4>
    </bndbox>
  </object>
  <object>
    <name>ship</name>
    <pose>Unspecified</pose>
    <truncated>0</truncated>
    <difficult>0</difficult>
    <bndbox>
      <xmin>74</xmin>
      <ymin>244</ymin>
      <xmax>97</xmax>
      <ymax>257</ymax>
      <x1>74</x1>
      <y1>244</y1>
      <x2>74</x2>
      <y2>257</y2>
      <x3>97</x3>
      <y3>257</y3>
      <x4>97</x4>
      <y4>244</y4>
    </bndbox>
  </object>
  <object>
    <name>ship</name>
    <pose>Unspecified</pose>
    <truncated>0</truncated>
    <difficult>0</difficult>
    <bndbox>
      <xmin>199</xmin>
      <ymin>374</ymin>
      <xmax>221</xmax>
      <ymax>392</ymax>
      <x1>199</x1>
      <y1>374</y1>
      <x2>199</x2>
      <y2>392</y2>
      <x3>221</x3>
      <y3>392</y3>
      <x4>221</x4>
      <y4>374</y4>
    </bndbox>
  </object>
  <object>
    <name>ship</name>
    <pose>Unspecified</pose>
    <truncated>0</truncated>
    <difficult>0</difficult>
    <bndbox>
      <xmin>377</xmin>
      <ymin>235</ymin>
      <xmax>402</xmax>
      <ymax>248</ymax>
      <x1>377</x1>
      <y1>235</y1>
      <x2>377</x2>
      <y2>248</y2>
      <x3>402</x3>
      <y3>248</y3>
      <x4>402</x4>
      <y4>235</y4>
    </bndbox>
  </object>
  <object>
    <name>ship</name>
    <pose>Unspecified</pose>
    <truncated>0</truncated>
    <difficult>0</difficult>
    <bndbox>
      <xmin>416</xmin>
      <ymin>417</ymin>
      <xmax>441</xmax>
      <ymax>433</ymax>
      <x1>416</x1>
      <y1>417</y1>
      <x2>416</x2>
      <y2>433</y2>
      <x3>441</x3>
      <y3>433</y3>
      <x4>441</x4>
      <y4>417</y4>
    </bndbox>
  </object>
  <object>
    <name>ship</name>
    <pose>Unspecified</pose>
    <truncated>0</truncated>
    <difficult>0</difficult>
    <bndbox>
      <xmin>18</xmin>
      <ymin>453</ymin>
      <xmax>44</xmax>
      <ymax>469</ymax>
      <x1>18</x1>
      <y1>453</y1>
      <x2>18</x2>
      <y2>469</y2>
      <x3>44</x3>
      <y3>469</y3>
      <x4>44</x4>
      <y4>453</y4>
    </bndbox>
  </object>
</annotation>
