<annotation>
  <folder>DATA</folder>
  <filename>000217.png</filename>
  <source>
    <database>Unknown</database>
  </source>
  <size>
    <width>500</width>
    <height>500</height>
    <depth>1</depth>
  </size>
  <segmented>0</segmented>
  <object>
    <name>ship</name>
    <pose>Unspecified</pose>
    <truncated>0</truncated>
    <difficult>0</difficult>
    <bndbox>
      <xmin>373</xmin>
      <ymin>64</ymin>
      <xmax>396</xmax>
      <ymax>82</ymax>
      <x1>373</x1>
      <y1>64</y1>
      <x2>373</x2>
      <y2>82</y2>
      <x3>396</x3>
      <y3>82</y3>
      <x4>396</x4>
      <y4>64</y4>
    </bndbox>
  </object>
</annotation>
