<annotation>
  <folder>DATA</folder>
  <filename>000299.png</filename>
  <source>
    <database>Unknown</database>
  </source>
  <size>
    <width>500</width>
    <height>500</height>
    <depth>1</depth>
  </size>
  <segmented>0</segmented>
  <object>
    <name>ship</name>
    <pose>Unspecified</pose>
    <truncated>0</truncated>
    <difficult>0</difficult>
    <bndbox>
      <xmin>325</xmin>
      <ymin>300</ymin>
      <xmax>357</xmax>
      <ymax>324</ymax>
      <x1>325</x1>
      <y1>300</y1>
      <x2>325</x2>
      <y2>324</y2>
      <x3>357</x3>
      <y3>324</y3>
      <x4>357</x4>
      <y4>300</y4>
    </bndbox>
  </object>
  <object>
    <name>ship</name>
    <pose>Unspecified</pose>
    <truncated>0</truncated>
    <difficult>0</difficult>
    <bndbox>
      <xmin>370</xmin>
      <ymin>64</ymin>
      <xmax>422</xmax>
      <ymax>92</ymax>
      <x1>370</x1>
      <y1>64</y1>
      <x2>370</x2>
      <y2>92</y2>
      <x3>422</x3>
      <y3>92</y3>
      <x4>422</x4>
      <y4>64</y4>
    </bndbox>
  </object>
</annotation>
