<annotation>
  <folder>DATA</folder>
  <filename>000243.png</filename>
  <source>
    <database>Unknown</database>
  </source>
  <size>
    <width>500</width>
    <height>500</height>
    <depth>1</depth>
  </size>
  <segmented>0</segmented>
  <object>
    <name>ship</name>
    <pose>Unspecified</pose>
    <truncated>0</truncated>
    <difficult>0</difficult>
    <bndbox>
      <xmin>142</xmin>
      <ymin>278</ymin>
      <xmax>157</xmax>
      <ymax>316</ymax>
      <x1>142</x1>
      <y1>278</y1>
      <x2>142</x2>
      <y2>316</y2>
      <x3>157</x3>
      <y3>316</y3>
      <x4>157</x4>
      <y4>278</y4>
    </bndbox>
  </object>
</annotation>
