<annotation>
  <folder>DATA</folder>
  <filename>000225.png</filename>
  <source>
    <database>Unknown</database>
  </source>
  <size>
    <width>500</width>
    <height>500</height>
    <depth>1</depth>
  </size>
  <segmented>0</segmented>
  <object>
    <name>ship</name>
    <pose>Unspecified</pose>
    <truncated>0</truncated>
    <difficult>0</difficult>
    <bndbox>
      <xmin>344</xmin>
      <ymin>106</ymin>
      <xmax>367</xmax>
      <ymax>123</ymax>
      <x1>344</x1>
      <y1>106</y1>
      <x2>344</x2>
      <y2>123</y2>
      <x3>367</x3>
      <y3>123</y3>
      <x4>367</x4>
      <y4>106</y4>
    </bndbox>
  </object>
  <object>
    <name>ship</name>
    <pose>Unspecified</pose>
    <truncated>0</truncated>
    <difficult>0</difficult>
    <bndbox>
      <xmin>216</xmin>
      <ymin>248</ymin>
      <xmax>239</xmax>
      <ymax>261</ymax>
      <x1>216</x1>
      <y1>248</y1>
      <x2>216</x2>
      <y2>261</y2>
      <x3>239</x3>
      <y3>261</y3>
      <x4>239</x4>
      <y4>248</y4>
    </bndbox>
  </object>
  <object>
    <name>ship</name>
    <pose>Unspecified</pose>
    <truncated>0</truncated>
    <difficult>0</difficult>
    <bndbox>
      <xmin>352</xmin>
      <ymin>396</ymin>
      <xmax>375</xmax>
      <ymax>411</ymax>
      <x1>352</x1>
      <y1>396</y1>
      <x2>352</x2>
      <y2>411</y2>
      <x3>375</x3>
      <y3>411</y3>
      <x4>375</x4>
      <y4>396</y4>
    </bndbox>
  </object>
  <object>
    <name>ship</name>
    <pose>Unspecified</pose>
    <truncated>0</truncated>
    <difficult>0</difficult>
    <bndbox>
      <xmin>72</xmin>
      <ymin>336</ymin>
      <xmax>97</xmax>
      <ymax>354</ymax>
      <x1>72</x1>
      <y1>336</y1>
      <x2>72</x2>
      <y2>354</y2>
      <x3>97</x3>
      <y3>354</y3>
      <x4>97</x4>
      <y4>336</y4>
    </bndbox>
  </object>
</annotation>
