<annotation>
  <folder>DATA</folder>
  <filename>000247.png</filename>
  <source>
    <database>Unknown</database>
  </source>
  <size>
    <width>500</width>
    <height>500</height>
    <depth>1</depth>
  </size>
  <segmented>0</segmented>
  <object>
    <name>ship</name>
    <pose>Unspecified</pose>
    <truncated>0</truncated>
    <difficult>0</difficult>
    <bndbox>
      <xmin>371</xmin>
      <ymin>295</ymin>
      <xmax>390</xmax>
      <ymax>327</ymax>
      <x1>371</x1>
      <y1>295</y1>
      <x2>371</x2>
      <y2>327</y2>
      <x3>390</x3>
      <y3>327</y3>
      <x4>390</x4>
      <y4>295</y4>
    </bndbox>
  </object>
</annotation>
