<annotation>
  <folder>DATA</folder>
  <filename>000218.png</filename>
  <source>
    <database>Unknown</database>
  </source>
  <size>
    <width>500</width>
    <height>500</height>
    <depth>1</depth>
  </size>
  <segmented>0</segmented>
  <object>
    <name>ship</name>
    <pose>Unspecified</pose>
    <truncated>0</truncated>
    <difficult>0</difficult>
    <bndbox>
      <xmin>262</xmin>
      <ymin>190</ymin>
      <xmax>278</xmax>
      <ymax>210</ymax>
      <x1>262</x1>
      <y1>190</y1>
      <x2>262</x2>
      <y2>210</y2>
      <x3>278</x3>
      <y3>210</y3>
      <x4>278</x4>
      <y4>190</y4>
    </bndbox>
  </object>
</annotation>
