<annotation>
  <folder>DATA</folder>
  <filename>000236.png</filename>
  <source>
    <database>Unknown</database>
  </source>
  <size>
    <width>500</width>
    <height>500</height>
    <depth>1</depth>
  </size>
  <segmented>0</segmented>
  <object>
    <name>ship</name>
    <pose>Unspecified</pose>
    <truncated>0</truncated>
    <difficult>0</difficult>
    <bndbox>
      <xmin>132</xmin>
      <ymin>235</ymin>
      <xmax>153</xmax>
      <ymax>257</ymax>
      <x1>132</x1>
      <y1>235</y1>
      <x2>132</x2>
      <y2>257</y2>
      <x3>153</x3>
      <y3>257</y3>
      <x4>153</x4>
      <y4>235</y4>
    </bndbox>
  </object>
</annotation>
