<annotation>
  <folder>DATA</folder>
  <filename>000237.png</filename>
  <source>
    <database>Unknown</database>
  </source>
  <size>
    <width>500</width>
    <height>500</height>
    <depth>1</depth>
  </size>
  <segmented>0</segmented>
  <object>
    <name>ship</name>
    <pose>Unspecified</pose>
    <truncated>0</truncated>
    <difficult>0</difficult>
    <bndbox>
      <xmin>167</xmin>
      <ymin>233</ymin>
      <xmax>179</xmax>
      <ymax>248</ymax>
      <x1>167</x1>
      <y1>233</y1>
      <x2>167</x2>
      <y2>248</y2>
      <x3>179</x3>
      <y3>248</y3>
      <x4>179</x4>
      <y4>233</y4>
    </bndbox>
  </object>
  <object>
    <name>ship</name>
    <pose>Unspecified</pose>
    <truncated>0</truncated>
    <difficult>0</difficult>
    <bndbox>
      <xmin>278</xmin>
      <ymin>223</ymin>
      <xmax>290</xmax>
      <ymax>238</ymax>
      <x1>278</x1>
      <y1>223</y1>
      <x2>278</x2>
      <y2>238</y2>
      <x3>290</x3>
      <y3>238</y3>
      <x4>290</x4>
      <y4>223</y4>
    </bndbox>
  </object>
</annotation>
