<annotation>
  <folder>DATA</folder>
  <filename>000264.png</filename>
  <source>
    <database>Unknown</database>
  </source>
  <size>
    <width>500</width>
    <height>500</height>
    <depth>1</depth>
  </size>
  <segmented>0</segmented>
  <object>
    <name>ship</name>
    <pose>Unspecified</pose>
    <truncated>0</truncated>
    <difficult>0</difficult>
    <bndbox>
      <xmin>119</xmin>
      <ymin>150</ymin>
      <xmax>135</xmax>
      <ymax>158</ymax>
      <x1>119</x1>
      <y1>150</y1>
      <x2>119</x2>
      <y2>158</y2>
      <x3>135</x3>
      <y3>158</y3>
      <x4>135</x4>
      <y4>150</y4>
    </bndbox>
  </object>
</annotation>
