<annotation>
  <folder>DATA</folder>
  <filename>000268.png</filename>
  <source>
    <database>Unknown</database>
  </source>
  <size>
    <width>500</width>
    <height>500</height>
    <depth>1</depth>
  </size>
  <segmented>0</segmented>
  <object>
    <name>ship</name>
    <pose>Unspecified</pose>
    <truncated>0</truncated>
    <difficult>0</difficult>
    <bndbox>
      <xmin>172</xmin>
      <ymin>266</ymin>
      <xmax>186</xmax>
      <ymax>277</ymax>
      <x1>172</x1>
      <y1>266</y1>
      <x2>172</x2>
      <y2>277</y2>
      <x3>186</x3>
      <y3>277</y3>
      <x4>186</x4>
      <y4>266</y4>
    </bndbox>
  </object>
</annotation>
