<annotation>
  <folder>DATA</folder>
  <filename>000212.png</filename>
  <source>
    <database>Unknown</database>
  </source>
  <size>
    <width>500</width>
    <height>500</height>
    <depth>1</depth>
  </size>
  <segmented>0</segmented>
  <object>
    <name>ship</name>
    <pose>Unspecified</pose>
    <truncated>0</truncated>
    <difficult>0</difficult>
    <bndbox>
      <xmin>59</xmin>
      <ymin>20</ymin>
      <xmax>81</xmax>
      <ymax>29</ymax>
      <x1>59</x1>
      <y1>20</y1>
      <x2>59</x2>
      <y2>29</y2>
      <x3>81</x3>
      <y3>29</y3>
      <x4>81</x4>
      <y4>20</y4>
    </bndbox>
  </object>
  <object>
    <name>ship</name>
    <pose>Unspecified</pose>
    <truncated>0</truncated>
    <difficult>0</difficult>
    <bndbox>
      <xmin>96</xmin>
      <ymin>171</ymin>
      <xmax>120</xmax>
      <ymax>180</ymax>
      <x1>96</x1>
      <y1>171</y1>
      <x2>96</x2>
      <y2>180</y2>
      <x3>120</x3>
      <y3>180</y3>
      <x4>120</x4>
      <y4>171</y4>
    </bndbox>
  </object>
  <object>
    <name>ship</name>
    <pose>Unspecified</pose>
    <truncated>0</truncated>
    <difficult>0</difficult>
    <bndbox>
      <xmin>84</xmin>
      <ymin>314</ymin>
      <xmax>104</xmax>
      <ymax>324</ymax>
      <x1>84</x1>
      <y1>314</y1>
      <x2>84</x2>
      <y2>324</y2>
      <x3>104</x3>
      <y3>324</y3>
      <x4>104</x4>
      <y4>314</y4>
    </bndbox>
  </object>
  <object>
    <name>ship</name>
    <pose>Unspecified</pose>
    <truncated>0</truncated>
    <difficult>0</difficult>
    <bndbox>
      <xmin>47</xmin>
      <ymin>477</ymin>
      <xmax>65</xmax>
      <ymax>485</ymax>
      <x1>47</x1>
      <y1>477</y1>
      <x2>47</x2>
      <y2>485</y2>
      <x3>65</x3>
      <y3>485</y3>
      <x4>65</x4>
      <y4>477</y4>
    </bndbox>
  </object>
  <object>
    <name>ship</name>
    <pose>Unspecified</pose>
    <truncated>0</truncated>
    <difficult>0</difficult>
    <bndbox>
      <xmin>263</xmin>
      <ymin>322</ymin>
      <xmax>285</xmax>
      <ymax>329</ymax>
      <x1>263</x1>
      <y1>322</y1>
      <x2>263</x2>
      <y2>329</y2>
      <x3>285</x3>
      <y3>329</y3>
      <x4>285</x4>
      <y4>322</y4>
    </bndbox>
  </object>
  <object>
    <name>ship</name>
    <pose>Unspecified</pose>
    <truncated>0</truncated>
    <difficult>0</difficult>
    <bndbox>
      <xmin>263</xmin>
      <ymin>167</ymin>
      <xmax>284</xmax>
      <ymax>177</ymax>
      <x1>263</x1>
      <y1>167</y1>
      <x2>263</x2>
      <y2>177</y2>
      <x3>284</x3>
      <y3>177</y3>
      <x4>284</x4>
      <y4>167</y4>
    </bndbox>
  </object>
  <object>
    <name>ship</name>
    <pose>Unspecified</pose>
    <truncated>0</truncated>
    <difficult>0</difficult>
    <bndbox>
      <xmin>215</xmin>
      <ymin>24</ymin>
      <xmax>237</xmax>
      <ymax>34</ymax>
      <x1>215</x1>
      <y1>24</y1>
      <x2>215</x2>
      <y2>34</y2>
      <x3>237</x3>
      <y3>34</y3>
      <x4>237</x4>
      <y4>24</y4>
    </bndbox>
  </object>
  <object>
    <name>ship</name>
    <pose>Unspecified</pose>
    <truncated>0</truncated>
    <difficult>0</difficult>
    <bndbox>
      <xmin>412</xmin>
      <ymin>82</ymin>
      <xmax>432</xmax>
      <ymax>95</ymax>
      <x1>412</x1>
      <y1>82</y1>
      <x2>412</x2>
      <y2>95</y2>
      <x3>432</x3>
      <y3>95</y3>
      <x4>432</x4>
      <y4>82</y4>
    </bndbox>
  </object>
</annotation>
