<annotation>
  <folder>DATA</folder>
  <filename>000292.png</filename>
  <source>
    <database>Unknown</database>
  </source>
  <size>
    <width>500</width>
    <height>500</height>
    <depth>1</depth>
  </size>
  <segmented>0</segmented>
  <object>
    <name>ship</name>
    <pose>Unspecified</pose>
    <truncated>0</truncated>
    <difficult>0</difficult>
    <bndbox>
      <xmin>256</xmin>
      <ymin>261</ymin>
      <xmax>293</xmax>
      <ymax>287</ymax>
      <x1>256</x1>
      <y1>261</y1>
      <x2>256</x2>
      <y2>287</y2>
      <x3>293</x3>
      <y3>287</y3>
      <x4>293</x4>
      <y4>261</y4>
    </bndbox>
  </object>
</annotation>
