<annotation>
  <folder>DATA</folder>
  <filename>000281.png</filename>
  <source>
    <database>Unknown</database>
  </source>
  <size>
    <width>500</width>
    <height>500</height>
    <depth>1</depth>
  </size>
  <segmented>0</segmented>
  <object>
    <name>ship</name>
    <pose>Unspecified</pose>
    <truncated>0</truncated>
    <difficult>0</difficult>
    <bndbox>
      <xmin>150</xmin>
      <ymin>156</ymin>
      <xmax>176</xmax>
      <ymax>176</ymax>
      <x1>150</x1>
      <y1>156</y1>
      <x2>150</x2>
      <y2>176</y2>
      <x3>176</x3>
      <y3>176</y3>
      <x4>176</x4>
      <y4>156</y4>
    </bndbox>
  </object>
</annotation>
