<annotation>
  <folder>DATA</folder>
  <filename>000221.png</filename>
  <source>
    <database>Unknown</database>
  </source>
  <size>
    <width>500</width>
    <height>500</height>
    <depth>1</depth>
  </size>
  <segmented>0</segmented>
  <object>
    <name>ship</name>
    <pose>Unspecified</pose>
    <truncated>0</truncated>
    <difficult>0</difficult>
    <bndbox>
      <xmin>401</xmin>
      <ymin>42</ymin>
      <xmax>423</xmax>
      <ymax>56</ymax>
      <x1>401</x1>
      <y1>42</y1>
      <x2>401</x2>
      <y2>56</y2>
      <x3>423</x3>
      <y3>56</y3>
      <x4>423</x4>
      <y4>42</y4>
    </bndbox>
  </object>
  <object>
    <name>ship</name>
    <pose>Unspecified</pose>
    <truncated>0</truncated>
    <difficult>0</difficult>
    <bndbox>
      <xmin>192</xmin>
      <ymin>179</ymin>
      <xmax>222</xmax>
      <ymax>197</ymax>
      <x1>192</x1>
      <y1>179</y1>
      <x2>192</x2>
      <y2>197</y2>
      <x3>222</x3>
      <y3>197</y3>
      <x4>222</x4>
      <y4>179</y4>
    </bndbox>
  </object>
  <object>
    <name>ship</name>
    <pose>Unspecified</pose>
    <truncated>0</truncated>
    <difficult>0</difficult>
    <bndbox>
      <xmin>366</xmin>
      <ymin>236</ymin>
      <xmax>391</xmax>
      <ymax>253</ymax>
      <x1>366</x1>
      <y1>236</y1>
      <x2>366</x2>
      <y2>253</y2>
      <x3>391</x3>
      <y3>253</y3>
      <x4>391</x4>
      <y4>236</y4>
    </bndbox>
  </object>
  <object>
    <name>ship</name>
    <pose>Unspecified</pose>
    <truncated>0</truncated>
    <difficult>0</difficult>
    <bndbox>
      <xmin>28</xmin>
      <ymin>227</ymin>
      <xmax>52</xmax>
      <ymax>241</ymax>
      <x1>28</x1>
      <y1>227</y1>
      <x2>28</x2>
      <y2>241</y2>
      <x3>52</x3>
      <y3>241</y3>
      <x4>52</x4>
      <y4>227</y4>
    </bndbox>
  </object>
  <object>
    <name>ship</name>
    <pose>Unspecified</pose>
    <truncated>0</truncated>
    <difficult>0</difficult>
    <bndbox>
      <xmin>71</xmin>
      <ymin>380</ymin>
      <xmax>96</xmax>
      <ymax>398</ymax>
      <x1>71</x1>
      <y1>380</y1>
      <x2>71</x2>
      <y2>398</y2>
      <x3>96</x3>
      <y3>398</y3>
      <x4>96</x4>
      <y4>380</y4>
    </bndbox>
  </object>
  <object>
    <name>ship</name>
    <pose>Unspecified</pose>
    <truncated>0</truncated>
    <difficult>0</difficult>
    <bndbox>
      <xmin>235</xmin>
      <ymin>423</ymin>
      <xmax>261</xmax>
      <ymax>432</ymax>
      <x1>235</x1>
      <y1>423</y1>
      <x2>235</x2>
      <y2>432</y2>
      <x3>261</x3>
      <y3>432</y3>
      <x4>261</x4>
      <y4>423</y4>
    </bndbox>
  </object>
  <object>
    <name>ship</name>
    <pose>Unspecified</pose>
    <truncated>0</truncated>
    <difficult>1</difficult>
    <bndbox>
      <xmin>267</xmin>
      <ymin>479</ymin>
      <xmax>278</xmax>
      <ymax>491</ymax>
      <x1>267</x1>
      <y1>479</y1>
      <x2>267</x2>
      <y2>491</y2>
      <x3>278</x3>
      <y3>491</y3>
      <x4>278</x4>
      <y4>479</y4>
    </bndbox>
  </object>
</annotation>
