<annotation>
  <folder>DATA</folder>
  <filename>000272.png</filename>
  <source>
    <database>Unknown</database>
  </source>
  <size>
    <width>500</width>
    <height>500</height>
    <depth>1</depth>
  </size>
  <segmented>0</segmented>
  <object>
    <name>ship</name>
    <pose>Unspecified</pose>
    <truncated>0</truncated>
    <difficult>0</difficult>
    <bndbox>
      <xmin>163</xmin>
      <ymin>281</ymin>
      <xmax>184</xmax>
      <ymax>293</ymax>
      <x1>163</x1>
      <y1>281</y1>
      <x2>163</x2>
      <y2>293</y2>
      <x3>184</x3>
      <y3>293</y3>
      <x4>184</x4>
      <y4>281</y4>
    </bndbox>
  </object>
  <object>
    <name>ship</name>
    <pose>Unspecified</pose>
    <truncated>0</truncated>
    <difficult>0</difficult>
    <bndbox>
      <xmin>358</xmin>
      <ymin>271</ymin>
      <xmax>378</xmax>
      <ymax>286</ymax>
      <x1>358</x1>
      <y1>271</y1>
      <x2>358</x2>
      <y2>286</y2>
      <x3>378</x3>
      <y3>286</y3>
      <x4>378</x4>
      <y4>271</y4>
    </bndbox>
  </object>
</annotation>
