<annotation>
  <folder>DATA</folder>
  <filename>000283.png</filename>
  <source>
    <database>Unknown</database>
  </source>
  <size>
    <width>500</width>
    <height>500</height>
    <depth>1</depth>
  </size>
  <segmented>0</segmented>
  <object>
    <name>ship</name>
    <pose>Unspecified</pose>
    <truncated>0</truncated>
    <difficult>0</difficult>
    <bndbox>
      <xmin>249</xmin>
      <ymin>206</ymin>
      <xmax>271</xmax>
      <ymax>240</ymax>
      <x1>249</x1>
      <y1>206</y1>
      <x2>249</x2>
      <y2>240</y2>
      <x3>271</x3>
      <y3>240</y3>
      <x4>271</x4>
      <y4>206</y4>
    </bndbox>
  </object>
</annotation>
