<annotation>
  <folder>DATA</folder>
  <filename>000286.png</filename>
  <source>
    <database>Unknown</database>
  </source>
  <size>
    <width>500</width>
    <height>500</height>
    <depth>1</depth>
  </size>
  <segmented>0</segmented>
  <object>
    <name>ship</name>
    <pose>Unspecified</pose>
    <truncated>0</truncated>
    <difficult>0</difficult>
    <bndbox>
      <xmin>164</xmin>
      <ymin>245</ymin>
      <xmax>175</xmax>
      <ymax>285</ymax>
      <x1>164</x1>
      <y1>245</y1>
      <x2>164</x2>
      <y2>285</y2>
      <x3>175</x3>
      <y3>285</y3>
      <x4>175</x4>
      <y4>245</y4>
    </bndbox>
  </object>
  <object>
    <name>ship</name>
    <pose>Unspecified</pose>
    <truncated>0</truncated>
    <difficult>0</difficult>
    <bndbox>
      <xmin>108</xmin>
      <ymin>296</ymin>
      <xmax>119</xmax>
      <ymax>332</ymax>
      <x1>108</x1>
      <y1>296</y1>
      <x2>108</x2>
      <y2>332</y2>
      <x3>119</x3>
      <y3>332</y3>
      <x4>119</x4>
      <y4>296</y4>
    </bndbox>
  </object>
</annotation>
