<annotation>
  <folder>DATA</folder>
  <filename>000241.png</filename>
  <source>
    <database>Unknown</database>
  </source>
  <size>
    <width>500</width>
    <height>500</height>
    <depth>1</depth>
  </size>
  <segmented>0</segmented>
  <object>
    <name>ship</name>
    <pose>Unspecified</pose>
    <truncated>0</truncated>
    <difficult>0</difficult>
    <bndbox>
      <xmin>232</xmin>
      <ymin>151</ymin>
      <xmax>246</xmax>
      <ymax>162</ymax>
      <x1>232</x1>
      <y1>151</y1>
      <x2>232</x2>
      <y2>162</y2>
      <x3>246</x3>
      <y3>162</y3>
      <x4>246</x4>
      <y4>151</y4>
    </bndbox>
  </object>
</annotation>
