<annotation>
  <folder>DATA</folder>
  <filename>000222.png</filename>
  <source>
    <database>Unknown</database>
  </source>
  <size>
    <width>500</width>
    <height>500</height>
    <depth>1</depth>
  </size>
  <segmented>0</segmented>
  <object>
    <name>ship</name>
    <pose>Unspecified</pose>
    <truncated>0</truncated>
    <difficult>0</difficult>
    <bndbox>
      <xmin>173</xmin>
      <ymin>49</ymin>
      <xmax>196</xmax>
      <ymax>67</ymax>
      <x1>173</x1>
      <y1>49</y1>
      <x2>173</x2>
      <y2>67</y2>
      <x3>196</x3>
      <y3>67</y3>
      <x4>196</x4>
      <y4>49</y4>
    </bndbox>
  </object>
  <object>
    <name>ship</name>
    <pose>Unspecified</pose>
    <truncated>0</truncated>
    <difficult>0</difficult>
    <bndbox>
      <xmin>315</xmin>
      <ymin>153</ymin>
      <xmax>343</xmax>
      <ymax>168</ymax>
      <x1>315</x1>
      <y1>153</y1>
      <x2>315</x2>
      <y2>168</y2>
      <x3>343</x3>
      <y3>168</y3>
      <x4>343</x4>
      <y4>153</y4>
    </bndbox>
  </object>
  <object>
    <name>ship</name>
    <pose>Unspecified</pose>
    <truncated>0</truncated>
    <difficult>0</difficult>
    <bndbox>
      <xmin>14</xmin>
      <ymin>163</ymin>
      <xmax>39</xmax>
      <ymax>174</ymax>
      <x1>14</x1>
      <y1>163</y1>
      <x2>14</x2>
      <y2>174</y2>
      <x3>39</x3>
      <y3>174</y3>
      <x4>39</x4>
      <y4>163</y4>
    </bndbox>
  </object>
  <object>
    <name>ship</name>
    <pose>Unspecified</pose>
    <truncated>0</truncated>
    <difficult>0</difficult>
    <bndbox>
      <xmin>136</xmin>
      <ymin>291</ymin>
      <xmax>162</xmax>
      <ymax>310</ymax>
      <x1>136</x1>
      <y1>291</y1>
      <x2>136</x2>
      <y2>310</y2>
      <x3>162</x3>
      <y3>310</y3>
      <x4>162</x4>
      <y4>291</y4>
    </bndbox>
  </object>
  <object>
    <name>ship</name>
    <pose>Unspecified</pose>
    <truncated>0</truncated>
    <difficult>0</difficult>
    <bndbox>
      <xmin>352</xmin>
      <ymin>336</ymin>
      <xmax>381</xmax>
      <ymax>354</ymax>
      <x1>352</x1>
      <y1>336</y1>
      <x2>352</x2>
      <y2>354</y2>
      <x3>381</x3>
      <y3>354</y3>
      <x4>381</x4>
      <y4>336</y4>
    </bndbox>
  </object>
</annotation>
