<annotation>
  <folder>DATA</folder>
  <filename>000208.png</filename>
  <source>
    <database>Unknown</database>
  </source>
  <size>
    <width>500</width>
    <height>500</height>
    <depth>1</depth>
  </size>
  <segmented>0</segmented>
  <object>
    <name>ship</name>
    <pose>Unspecified</pose>
    <truncated>0</truncated>
    <difficult>0</difficult>
    <bndbox>
      <xmin>117</xmin>
      <ymin>53</ymin>
      <xmax>138</xmax>
      <ymax>63</ymax>
      <x1>117</x1>
      <y1>53</y1>
      <x2>117</x2>
      <y2>63</y2>
      <x3>138</x3>
      <y3>63</y3>
      <x4>138</x4>
      <y4>53</y4>
    </bndbox>
  </object>
  <object>
    <name>ship</name>
    <pose>Unspecified</pose>
    <truncated>0</truncated>
    <difficult>0</difficult>
    <bndbox>
      <xmin>70</xmin>
      <ymin>120</ymin>
      <xmax>95</xmax>
      <ymax>127</ymax>
      <x1>70</x1>
      <y1>120</y1>
      <x2>70</x2>
      <y2>127</y2>
      <x3>95</x3>
      <y3>127</y3>
      <x4>95</x4>
      <y4>120</y4>
    </bndbox>
  </object>
  <object>
    <name>ship</name>
    <pose>Unspecified</pose>
    <truncated>0</truncated>
    <difficult>0</difficult>
    <bndbox>
      <xmin>75</xmin>
      <ymin>259</ymin>
      <xmax>98</xmax>
      <ymax>268</ymax>
      <x1>75</x1>
      <y1>259</y1>
      <x2>75</x2>
      <y2>268</y2>
      <x3>98</x3>
      <y3>268</y3>
      <x4>98</x4>
      <y4>259</y4>
    </bndbox>
  </object>
  <object>
    <name>ship</name>
    <pose>Unspecified</pose>
    <truncated>0</truncated>
    <difficult>0</difficult>
    <bndbox>
      <xmin>20</xmin>
      <ymin>362</ymin>
      <xmax>39</xmax>
      <ymax>369</ymax>
      <x1>20</x1>
      <y1>362</y1>
      <x2>20</x2>
      <y2>369</y2>
      <x3>39</x3>
      <y3>369</y3>
      <x4>39</x4>
      <y4>362</y4>
    </bndbox>
  </object>
  <object>
    <name>ship</name>
    <pose>Unspecified</pose>
    <truncated>0</truncated>
    <difficult>0</difficult>
    <bndbox>
      <xmin>131</xmin>
      <ymin>474</ymin>
      <xmax>155</xmax>
      <ymax>482</ymax>
      <x1>131</x1>
      <y1>474</y1>
      <x2>131</x2>
      <y2>482</y2>
      <x3>155</x3>
      <y3>482</y3>
      <x4>155</x4>
      <y4>474</y4>
    </bndbox>
  </object>
  <object>
    <name>ship</name>
    <pose>Unspecified</pose>
    <truncated>0</truncated>
    <difficult>0</difficult>
    <bndbox>
      <xmin>212</xmin>
      <ymin>77</ymin>
      <xmax>237</xmax>
      <ymax>84</ymax>
      <x1>212</x1>
      <y1>77</y1>
      <x2>212</x2>
      <y2>84</y2>
      <x3>237</x3>
      <y3>84</y3>
      <x4>237</x4>
      <y4>77</y4>
    </bndbox>
  </object>
  <object>
    <name>ship</name>
    <pose>Unspecified</pose>
    <truncated>0</truncated>
    <difficult>0</difficult>
    <bndbox>
      <xmin>324</xmin>
      <ymin>147</ymin>
      <xmax>347</xmax>
      <ymax>156</ymax>
      <x1>324</x1>
      <y1>147</y1>
      <x2>324</x2>
      <y2>156</y2>
      <x3>347</x3>
      <y3>156</y3>
      <x4>347</x4>
      <y4>147</y4>
    </bndbox>
  </object>
  <object>
    <name>ship</name>
    <pose>Unspecified</pose>
    <truncated>0</truncated>
    <difficult>0</difficult>
    <bndbox>
      <xmin>446</xmin>
      <ymin>23</ymin>
      <xmax>467</xmax>
      <ymax>30</ymax>
      <x1>446</x1>
      <y1>23</y1>
      <x2>446</x2>
      <y2>30</y2>
      <x3>467</x3>
      <y3>30</y3>
      <x4>467</x4>
      <y4>23</y4>
    </bndbox>
  </object>
  <object>
    <name>ship</name>
    <pose>Unspecified</pose>
    <truncated>0</truncated>
    <difficult>0</difficult>
    <bndbox>
      <xmin>440</xmin>
      <ymin>218</ymin>
      <xmax>462</xmax>
      <ymax>227</ymax>
      <x1>440</x1>
      <y1>218</y1>
      <x2>440</x2>
      <y2>227</y2>
      <x3>462</x3>
      <y3>227</y3>
      <x4>462</x4>
      <y4>218</y4>
    </bndbox>
  </object>
  <object>
    <name>ship</name>
    <pose>Unspecified</pose>
    <truncated>0</truncated>
    <difficult>0</difficult>
    <bndbox>
      <xmin>434</xmin>
      <ymin>375</ymin>
      <xmax>454</xmax>
      <ymax>384</ymax>
      <x1>434</x1>
      <y1>375</y1>
      <x2>434</x2>
      <y2>384</y2>
      <x3>454</x3>
      <y3>384</y3>
      <x4>454</x4>
      <y4>375</y4>
    </bndbox>
  </object>
  <object>
    <name>ship</name>
    <pose>Unspecified</pose>
    <truncated>0</truncated>
    <difficult>0</difficult>
    <bndbox>
      <xmin>283</xmin>
      <ymin>422</ymin>
      <xmax>305</xmax>
      <ymax>431</ymax>
      <x1>283</x1>
      <y1>422</y1>
      <x2>283</x2>
      <y2>431</y2>
      <x3>305</x3>
      <y3>431</y3>
      <x4>305</x4>
      <y4>422</y4>
    </bndbox>
  </object>
</annotation>
