<annotation>
  <folder>DATA</folder>
  <filename>000240.png</filename>
  <source>
    <database>Unknown</database>
  </source>
  <size>
    <width>500</width>
    <height>500</height>
    <depth>1</depth>
  </size>
  <segmented>0</segmented>
  <object>
    <name>ship</name>
    <pose>Unspecified</pose>
    <truncated>0</truncated>
    <difficult>0</difficult>
    <bndbox>
      <xmin>405</xmin>
      <ymin>128</ymin>
      <xmax>433</xmax>
      <ymax>139</ymax>
      <x1>405</x1>
      <y1>128</y1>
      <x2>405</x2>
      <y2>139</y2>
      <x3>433</x3>
      <y3>139</y3>
      <x4>433</x4>
      <y4>128</y4>
    </bndbox>
  </object>
</annotation>
