<annotation>
  <folder>DATA</folder>
  <filename>000215.png</filename>
  <source>
    <database>Unknown</database>
  </source>
  <size>
    <width>500</width>
    <height>500</height>
    <depth>1</depth>
  </size>
  <segmented>0</segmented>
  <object>
    <name>ship</name>
    <pose>Unspecified</pose>
    <truncated>0</truncated>
    <difficult>0</difficult>
    <bndbox>
      <xmin>367</xmin>
      <ymin>90</ymin>
      <xmax>380</xmax>
      <ymax>105</ymax>
      <x1>367</x1>
      <y1>90</y1>
      <x2>367</x2>
      <y2>105</y2>
      <x3>380</x3>
      <y3>105</y3>
      <x4>380</x4>
      <y4>90</y4>
    </bndbox>
  </object>
  <object>
    <name>ship</name>
    <pose>Unspecified</pose>
    <truncated>0</truncated>
    <difficult>0</difficult>
    <bndbox>
      <xmin>335</xmin>
      <ymin>171</ymin>
      <xmax>348</xmax>
      <ymax>184</ymax>
      <x1>335</x1>
      <y1>171</y1>
      <x2>335</x2>
      <y2>184</y2>
      <x3>348</x3>
      <y3>184</y3>
      <x4>348</x4>
      <y4>171</y4>
    </bndbox>
  </object>
  <object>
    <name>ship</name>
    <pose>Unspecified</pose>
    <truncated>0</truncated>
    <difficult>0</difficult>
    <bndbox>
      <xmin>404</xmin>
      <ymin>186</ymin>
      <xmax>417</xmax>
      <ymax>199</ymax>
      <x1>404</x1>
      <y1>186</y1>
      <x2>404</x2>
      <y2>199</y2>
      <x3>417</x3>
      <y3>199</y3>
      <x4>417</x4>
      <y4>186</y4>
    </bndbox>
  </object>
  <object>
    <name>ship</name>
    <pose>Unspecified</pose>
    <truncated>0</truncated>
    <difficult>0</difficult>
    <bndbox>
      <xmin>466</xmin>
      <ymin>186</ymin>
      <xmax>479</xmax>
      <ymax>200</ymax>
      <x1>466</x1>
      <y1>186</y1>
      <x2>466</x2>
      <y2>200</y2>
      <x3>479</x3>
      <y3>200</y3>
      <x4>479</x4>
      <y4>186</y4>
    </bndbox>
  </object>
  <object>
    <name>ship</name>
    <pose>Unspecified</pose>
    <truncated>0</truncated>
    <difficult>0</difficult>
    <bndbox>
      <xmin>367</xmin>
      <ymin>238</ymin>
      <xmax>379</xmax>
      <ymax>251</ymax>
      <x1>367</x1>
      <y1>238</y1>
      <x2>367</x2>
      <y2>251</y2>
      <x3>379</x3>
      <y3>251</y3>
      <x4>379</x4>
      <y4>238</y4>
    </bndbox>
  </object>
  <object>
    <name>ship</name>
    <pose>Unspecified</pose>
    <truncated>0</truncated>
    <difficult>0</difficult>
    <bndbox>
      <xmin>245</xmin>
      <ymin>186</ymin>
      <xmax>252</xmax>
      <ymax>198</ymax>
      <x1>245</x1>
      <y1>186</y1>
      <x2>245</x2>
      <y2>198</y2>
      <x3>252</x3>
      <y3>198</y3>
      <x4>252</x4>
      <y4>186</y4>
    </bndbox>
  </object>
  <object>
    <name>ship</name>
    <pose>Unspecified</pose>
    <truncated>0</truncated>
    <difficult>0</difficult>
    <bndbox>
      <xmin>97</xmin>
      <ymin>260</ymin>
      <xmax>108</xmax>
      <ymax>271</ymax>
      <x1>97</x1>
      <y1>260</y1>
      <x2>97</x2>
      <y2>271</y2>
      <x3>108</x3>
      <y3>271</y3>
      <x4>108</x4>
      <y4>260</y4>
    </bndbox>
  </object>
  <object>
    <name>ship</name>
    <pose>Unspecified</pose>
    <truncated>0</truncated>
    <difficult>0</difficult>
    <bndbox>
      <xmin>184</xmin>
      <ymin>327</ymin>
      <xmax>192</xmax>
      <ymax>341</ymax>
      <x1>184</x1>
      <y1>327</y1>
      <x2>184</x2>
      <y2>341</y2>
      <x3>192</x3>
      <y3>341</y3>
      <x4>192</x4>
      <y4>327</y4>
    </bndbox>
  </object>
  <object>
    <name>ship</name>
    <pose>Unspecified</pose>
    <truncated>0</truncated>
    <difficult>0</difficult>
    <bndbox>
      <xmin>113</xmin>
      <ymin>405</ymin>
      <xmax>123</xmax>
      <ymax>418</ymax>
      <x1>113</x1>
      <y1>405</y1>
      <x2>113</x2>
      <y2>418</y2>
      <x3>123</x3>
      <y3>418</y3>
      <x4>123</x4>
      <y4>405</y4>
    </bndbox>
  </object>
</annotation>
