<annotation>
  <folder>DATA</folder>
  <filename>000223.png</filename>
  <source>
    <database>Unknown</database>
  </source>
  <size>
    <width>500</width>
    <height>500</height>
    <depth>1</depth>
  </size>
  <segmented>0</segmented>
  <object>
    <name>ship</name>
    <pose>Unspecified</pose>
    <truncated>0</truncated>
    <difficult>0</difficult>
    <bndbox>
      <xmin>413</xmin>
      <ymin>87</ymin>
      <xmax>437</xmax>
      <ymax>102</ymax>
      <x1>413</x1>
      <y1>87</y1>
      <x2>413</x2>
      <y2>102</y2>
      <x3>437</x3>
      <y3>102</y3>
      <x4>437</x4>
      <y4>87</y4>
    </bndbox>
  </object>
  <object>
    <name>ship</name>
    <pose>Unspecified</pose>
    <truncated>0</truncated>
    <difficult>0</difficult>
    <bndbox>
      <xmin>284</xmin>
      <ymin>222</ymin>
      <xmax>302</xmax>
      <ymax>237</ymax>
      <x1>284</x1>
      <y1>222</y1>
      <x2>284</x2>
      <y2>237</y2>
      <x3>302</x3>
      <y3>237</y3>
      <x4>302</x4>
      <y4>222</y4>
    </bndbox>
  </object>
  <object>
    <name>ship</name>
    <pose>Unspecified</pose>
    <truncated>0</truncated>
    <difficult>0</difficult>
    <bndbox>
      <xmin>400</xmin>
      <ymin>328</ymin>
      <xmax>424</xmax>
      <ymax>341</ymax>
      <x1>400</x1>
      <y1>328</y1>
      <x2>400</x2>
      <y2>341</y2>
      <x3>424</x3>
      <y3>341</y3>
      <x4>424</x4>
      <y4>328</y4>
    </bndbox>
  </object>
  <object>
    <name>ship</name>
    <pose>Unspecified</pose>
    <truncated>0</truncated>
    <difficult>0</difficult>
    <bndbox>
      <xmin>261</xmin>
      <ymin>373</ymin>
      <xmax>282</xmax>
      <ymax>386</ymax>
      <x1>261</x1>
      <y1>373</y1>
      <x2>261</x2>
      <y2>386</y2>
      <x3>282</x3>
      <y3>386</y3>
      <x4>282</x4>
      <y4>373</y4>
    </bndbox>
  </object>
  <object>
    <name>ship</name>
    <pose>Unspecified</pose>
    <truncated>0</truncated>
    <difficult>0</difficult>
    <bndbox>
      <xmin>136</xmin>
      <ymin>223</ymin>
      <xmax>155</xmax>
      <ymax>244</ymax>
      <x1>136</x1>
      <y1>223</y1>
      <x2>136</x2>
      <y2>244</y2>
      <x3>155</x3>
      <y3>244</y3>
      <x4>155</x4>
      <y4>223</y4>
    </bndbox>
  </object>
  <object>
    <name>ship</name>
    <pose>Unspecified</pose>
    <truncated>0</truncated>
    <difficult>0</difficult>
    <bndbox>
      <xmin>72</xmin>
      <ymin>359</ymin>
      <xmax>87</xmax>
      <ymax>379</ymax>
      <x1>72</x1>
      <y1>359</y1>
      <x2>72</x2>
      <y2>379</y2>
      <x3>87</x3>
      <y3>379</y3>
      <x4>87</x4>
      <y4>359</y4>
    </bndbox>
  </object>
</annotation>
