<annotation>
  <folder>DATA</folder>
  <filename>000291.png</filename>
  <source>
    <database>Unknown</database>
  </source>
  <size>
    <width>500</width>
    <height>500</height>
    <depth>1</depth>
  </size>
  <segmented>0</segmented>
  <object>
    <name>ship</name>
    <pose>Unspecified</pose>
    <truncated>0</truncated>
    <difficult>0</difficult>
    <bndbox>
      <xmin>236</xmin>
      <ymin>286</ymin>
      <xmax>266</xmax>
      <ymax>297</ymax>
      <x1>236</x1>
      <y1>286</y1>
      <x2>236</x2>
      <y2>297</y2>
      <x3>266</x3>
      <y3>297</y3>
      <x4>266</x4>
      <y4>286</y4>
    </bndbox>
  </object>
</annotation>
