<annotation>
  <folder>DATA</folder>
  <filename>000204.png</filename>
  <source>
    <database>Unknown</database>
  </source>
  <size>
    <width>500</width>
    <height>500</height>
    <depth>1</depth>
  </size>
  <segmented>0</segmented>
  <object>
    <name>ship</name>
    <pose>Unspecified</pose>
    <truncated>0</truncated>
    <difficult>0</difficult>
    <bndbox>
      <xmin>281</xmin>
      <ymin>13</ymin>
      <xmax>304</xmax>
      <ymax>23</ymax>
      <x1>281</x1>
      <y1>13</y1>
      <x2>281</x2>
      <y2>23</y2>
      <x3>304</x3>
      <y3>23</y3>
      <x4>304</x4>
      <y4>13</y4>
    </bndbox>
  </object>
  <object>
    <name>ship</name>
    <pose>Unspecified</pose>
    <truncated>0</truncated>
    <difficult>0</difficult>
    <bndbox>
      <xmin>120</xmin>
      <ymin>116</ymin>
      <xmax>144</xmax>
      <ymax>130</ymax>
      <x1>120</x1>
      <y1>116</y1>
      <x2>120</x2>
      <y2>130</y2>
      <x3>144</x3>
      <y3>130</y3>
      <x4>144</x4>
      <y4>116</y4>
    </bndbox>
  </object>
  <object>
    <name>ship</name>
    <pose>Unspecified</pose>
    <truncated>0</truncated>
    <difficult>0</difficult>
    <bndbox>
      <xmin>41</xmin>
      <ymin>282</ymin>
      <xmax>62</xmax>
      <ymax>290</ymax>
      <x1>41</x1>
      <y1>282</y1>
      <x2>41</x2>
      <y2>290</y2>
      <x3>62</x3>
      <y3>290</y3>
      <x4>62</x4>
      <y4>282</y4>
    </bndbox>
  </object>
  <object>
    <name>ship</name>
    <pose>Unspecified</pose>
    <truncated>0</truncated>
    <difficult>0</difficult>
    <bndbox>
      <xmin>303</xmin>
      <ymin>331</ymin>
      <xmax>326</xmax>
      <ymax>344</ymax>
      <x1>303</x1>
      <y1>331</y1>
      <x2>303</x2>
      <y2>344</y2>
      <x3>326</x3>
      <y3>344</y3>
      <x4>326</x4>
      <y4>331</y4>
    </bndbox>
  </object>
  <object>
    <name>ship</name>
    <pose>Unspecified</pose>
    <truncated>0</truncated>
    <difficult>0</difficult>
    <bndbox>
      <xmin>463</xmin>
      <ymin>149</ymin>
      <xmax>489</xmax>
      <ymax>162</ymax>
      <x1>463</x1>
      <y1>149</y1>
      <x2>463</x2>
      <y2>162</y2>
      <x3>489</x3>
      <y3>162</y3>
      <x4>489</x4>
      <y4>149</y4>
    </bndbox>
  </object>
</annotation>
