<annotation>
  <folder>DATA</folder>
  <filename>000260.png</filename>
  <source>
    <database>Unknown</database>
  </source>
  <size>
    <width>500</width>
    <height>500</height>
    <depth>1</depth>
  </size>
  <segmented>0</segmented>
  <object>
    <name>ship</name>
    <pose>Unspecified</pose>
    <truncated>0</truncated>
    <difficult>0</difficult>
    <bndbox>
      <xmin>88</xmin>
      <ymin>119</ymin>
      <xmax>95</xmax>
      <ymax>140</ymax>
      <x1>88</x1>
      <y1>119</y1>
      <x2>88</x2>
      <y2>140</y2>
      <x3>95</x3>
      <y3>140</y3>
      <x4>95</x4>
      <y4>119</y4>
    </bndbox>
  </object>
  <object>
    <name>ship</name>
    <pose>Unspecified</pose>
    <truncated>0</truncated>
    <difficult>0</difficult>
    <bndbox>
      <xmin>64</xmin>
      <ymin>341</ymin>
      <xmax>71</xmax>
      <ymax>359</ymax>
      <x1>64</x1>
      <y1>341</y1>
      <x2>64</x2>
      <y2>359</y2>
      <x3>71</x3>
      <y3>359</y3>
      <x4>71</x4>
      <y4>341</y4>
    </bndbox>
  </object>
</annotation>
