<annotation>
  <folder>DATA</folder>
  <filename>000213.png</filename>
  <source>
    <database>Unknown</database>
  </source>
  <size>
    <width>500</width>
    <height>500</height>
    <depth>1</depth>
  </size>
  <segmented>0</segmented>
  <object>
    <name>ship</name>
    <pose>Unspecified</pose>
    <truncated>0</truncated>
    <difficult>0</difficult>
    <bndbox>
      <xmin>255</xmin>
      <ymin>107</ymin>
      <xmax>275</xmax>
      <ymax>116</ymax>
      <x1>255</x1>
      <y1>107</y1>
      <x2>255</x2>
      <y2>116</y2>
      <x3>275</x3>
      <y3>116</y3>
      <x4>275</x4>
      <y4>107</y4>
    </bndbox>
  </object>
  <object>
    <name>ship</name>
    <pose>Unspecified</pose>
    <truncated>0</truncated>
    <difficult>0</difficult>
    <bndbox>
      <xmin>59</xmin>
      <ymin>227</ymin>
      <xmax>82</xmax>
      <ymax>238</ymax>
      <x1>59</x1>
      <y1>227</y1>
      <x2>59</x2>
      <y2>238</y2>
      <x3>82</x3>
      <y3>238</y3>
      <x4>82</x4>
      <y4>227</y4>
    </bndbox>
  </object>
  <object>
    <name>ship</name>
    <pose>Unspecified</pose>
    <truncated>0</truncated>
    <difficult>0</difficult>
    <bndbox>
      <xmin>229</xmin>
      <ymin>295</ymin>
      <xmax>255</xmax>
      <ymax>306</ymax>
      <x1>229</x1>
      <y1>295</y1>
      <x2>229</x2>
      <y2>306</y2>
      <x3>255</x3>
      <y3>306</y3>
      <x4>255</x4>
      <y4>295</y4>
    </bndbox>
  </object>
  <object>
    <name>ship</name>
    <pose>Unspecified</pose>
    <truncated>0</truncated>
    <difficult>0</difficult>
    <bndbox>
      <xmin>85</xmin>
      <ymin>392</ymin>
      <xmax>106</xmax>
      <ymax>405</ymax>
      <x1>85</x1>
      <y1>392</y1>
      <x2>85</x2>
      <y2>405</y2>
      <x3>106</x3>
      <y3>405</y3>
      <x4>106</x4>
      <y4>392</y4>
    </bndbox>
  </object>
  <object>
    <name>ship</name>
    <pose>Unspecified</pose>
    <truncated>0</truncated>
    <difficult>0</difficult>
    <bndbox>
      <xmin>288</xmin>
      <ymin>434</ymin>
      <xmax>313</xmax>
      <ymax>444</ymax>
      <x1>288</x1>
      <y1>434</y1>
      <x2>288</x2>
      <y2>444</y2>
      <x3>313</x3>
      <y3>444</y3>
      <x4>313</x4>
      <y4>434</y4>
    </bndbox>
  </object>
  <object>
    <name>ship</name>
    <pose>Unspecified</pose>
    <truncated>0</truncated>
    <difficult>0</difficult>
    <bndbox>
      <xmin>437</xmin>
      <ymin>174</ymin>
      <xmax>458</xmax>
      <ymax>182</ymax>
      <x1>437</x1>
      <y1>174</y1>
      <x2>437</x2>
      <y2>182</y2>
      <x3>458</x3>
      <y3>182</y3>
      <x4>458</x4>
      <y4>174</y4>
    </bndbox>
  </object>
</annotation>
