<annotation>
  <folder>DATA</folder>
  <filename>000238.png</filename>
  <source>
    <database>Unknown</database>
  </source>
  <size>
    <width>500</width>
    <height>500</height>
    <depth>1</depth>
  </size>
  <segmented>0</segmented>
  <object>
    <name>ship</name>
    <pose>Unspecified</pose>
    <truncated>0</truncated>
    <difficult>0</difficult>
    <bndbox>
      <xmin>263</xmin>
      <ymin>235</ymin>
      <xmax>283</xmax>
      <ymax>246</ymax>
      <x1>263</x1>
      <y1>235</y1>
      <x2>263</x2>
      <y2>246</y2>
      <x3>283</x3>
      <y3>246</y3>
      <x4>283</x4>
      <y4>235</y4>
    </bndbox>
  </object>
</annotation>
