<annotation>
  <folder>DATA</folder>
  <filename>000242.png</filename>
  <source>
    <database>Unknown</database>
  </source>
  <size>
    <width>500</width>
    <height>500</height>
    <depth>1</depth>
  </size>
  <segmented>0</segmented>
  <object>
    <name>ship</name>
    <pose>Unspecified</pose>
    <truncated>0</truncated>
    <difficult>0</difficult>
    <bndbox>
      <xmin>165</xmin>
      <ymin>288</ymin>
      <xmax>189</xmax>
      <ymax>326</ymax>
      <x1>165</x1>
      <y1>288</y1>
      <x2>165</x2>
      <y2>326</y2>
      <x3>189</x3>
      <y3>326</y3>
      <x4>189</x4>
      <y4>288</y4>
    </bndbox>
  </object>
</annotation>
