<annotation>
  <folder>DATA</folder>
  <filename>000294.png</filename>
  <source>
    <database>Unknown</database>
  </source>
  <size>
    <width>500</width>
    <height>500</height>
    <depth>1</depth>
  </size>
  <segmented>0</segmented>
  <object>
    <name>ship</name>
    <pose>Unspecified</pose>
    <truncated>0</truncated>
    <difficult>0</difficult>
    <bndbox>
      <xmin>212</xmin>
      <ymin>346</ymin>
      <xmax>273</xmax>
      <ymax>366</ymax>
      <x1>212</x1>
      <y1>346</y1>
      <x2>212</x2>
      <y2>366</y2>
      <x3>273</x3>
      <y3>366</y3>
      <x4>273</x4>
      <y4>346</y4>
    </bndbox>
  </object>
</annotation>
