<annotation>
  <folder>DATA</folder>
  <filename>000280.png</filename>
  <source>
    <database>Unknown</database>
  </source>
  <size>
    <width>500</width>
    <height>500</height>
    <depth>1</depth>
  </size>
  <segmented>0</segmented>
  <object>
    <name>ship</name>
    <pose>Unspecified</pose>
    <truncated>0</truncated>
    <difficult>0</difficult>
    <bndbox>
      <xmin>241</xmin>
      <ymin>197</ymin>
      <xmax>256</xmax>
      <ymax>213</ymax>
      <x1>241</x1>
      <y1>197</y1>
      <x2>241</x2>
      <y2>213</y2>
      <x3>256</x3>
      <y3>213</y3>
      <x4>256</x4>
      <y4>197</y4>
    </bndbox>
  </object>
</annotation>
