<annotation>
  <folder>DATA</folder>
  <filename>000288.png</filename>
  <source>
    <database>Unknown</database>
  </source>
  <size>
    <width>500</width>
    <height>500</height>
    <depth>1</depth>
  </size>
  <segmented>0</segmented>
  <object>
    <name>ship</name>
    <pose>Unspecified</pose>
    <truncated>0</truncated>
    <difficult>0</difficult>
    <bndbox>
      <xmin>300</xmin>
      <ymin>174</ymin>
      <xmax>320</xmax>
      <ymax>210</ymax>
      <x1>300</x1>
      <y1>174</y1>
      <x2>300</x2>
      <y2>210</y2>
      <x3>320</x3>
      <y3>210</y3>
      <x4>320</x4>
      <y4>174</y4>
    </bndbox>
  </object>
</annotation>
