<annotation>
  <folder>DATA</folder>
  <filename>000230.png</filename>
  <source>
    <database>Unknown</database>
  </source>
  <size>
    <width>500</width>
    <height>500</height>
    <depth>1</depth>
  </size>
  <segmented>0</segmented>
  <object>
    <name>ship</name>
    <pose>Unspecified</pose>
    <truncated>0</truncated>
    <difficult>0</difficult>
    <bndbox>
      <xmin>162</xmin>
      <ymin>169</ymin>
      <xmax>172</xmax>
      <ymax>179</ymax>
      <x1>162</x1>
      <y1>169</y1>
      <x2>162</x2>
      <y2>179</y2>
      <x3>172</x3>
      <y3>179</y3>
      <x4>172</x4>
      <y4>169</y4>
    </bndbox>
  </object>
</annotation>
