<annotation>
  <folder>DATA</folder>
  <filename>000279.png</filename>
  <source>
    <database>Unknown</database>
  </source>
  <size>
    <width>500</width>
    <height>500</height>
    <depth>1</depth>
  </size>
  <segmented>0</segmented>
  <object>
    <name>ship</name>
    <pose>Unspecified</pose>
    <truncated>0</truncated>
    <difficult>0</difficult>
    <bndbox>
      <xmin>262</xmin>
      <ymin>218</ymin>
      <xmax>283</xmax>
      <ymax>237</ymax>
      <x1>262</x1>
      <y1>218</y1>
      <x2>262</x2>
      <y2>237</y2>
      <x3>283</x3>
      <y3>237</y3>
      <x4>283</x4>
      <y4>218</y4>
    </bndbox>
  </object>
</annotation>
