<annotation>
  <folder>DATA</folder>
  <filename>000287.png</filename>
  <source>
    <database>Unknown</database>
  </source>
  <size>
    <width>500</width>
    <height>500</height>
    <depth>1</depth>
  </size>
  <segmented>0</segmented>
  <object>
    <name>ship</name>
    <pose>Unspecified</pose>
    <truncated>0</truncated>
    <difficult>0</difficult>
    <bndbox>
      <xmin>118</xmin>
      <ymin>164</ymin>
      <xmax>141</xmax>
      <ymax>198</ymax>
      <x1>118</x1>
      <y1>164</y1>
      <x2>118</x2>
      <y2>198</y2>
      <x3>141</x3>
      <y3>198</y3>
      <x4>141</x4>
      <y4>164</y4>
    </bndbox>
  </object>
</annotation>
