<annotation>
  <folder>DATA</folder>
  <filename>000250.png</filename>
  <source>
    <database>Unknown</database>
  </source>
  <size>
    <width>500</width>
    <height>500</height>
    <depth>1</depth>
  </size>
  <segmented>0</segmented>
  <object>
    <name>ship</name>
    <pose>Unspecified</pose>
    <truncated>0</truncated>
    <difficult>0</difficult>
    <bndbox>
      <xmin>120</xmin>
      <ymin>225</ymin>
      <xmax>129</xmax>
      <ymax>249</ymax>
      <x1>120</x1>
      <y1>225</y1>
      <x2>120</x2>
      <y2>249</y2>
      <x3>129</x3>
      <y3>249</y3>
      <x4>129</x4>
      <y4>225</y4>
    </bndbox>
  </object>
</annotation>
