<annotation>
  <folder>DATA</folder>
  <filename>000255.png</filename>
  <source>
    <database>Unknown</database>
  </source>
  <size>
    <width>500</width>
    <height>500</height>
    <depth>1</depth>
  </size>
  <segmented>0</segmented>
  <object>
    <name>ship</name>
    <pose>Unspecified</pose>
    <truncated>0</truncated>
    <difficult>0</difficult>
    <bndbox>
      <xmin>380</xmin>
      <ymin>204</ymin>
      <xmax>403</xmax>
      <ymax>211</ymax>
      <x1>380</x1>
      <y1>204</y1>
      <x2>380</x2>
      <y2>211</y2>
      <x3>403</x3>
      <y3>211</y3>
      <x4>403</x4>
      <y4>204</y4>
    </bndbox>
  </object>
  <object>
    <name>ship</name>
    <pose>Unspecified</pose>
    <truncated>0</truncated>
    <difficult>0</difficult>
    <bndbox>
      <xmin>336</xmin>
      <ymin>230</ymin>
      <xmax>350</xmax>
      <ymax>239</ymax>
      <x1>336</x1>
      <y1>230</y1>
      <x2>336</x2>
      <y2>239</y2>
      <x3>350</x3>
      <y3>239</y3>
      <x4>350</x4>
      <y4>230</y4>
    </bndbox>
  </object>
</annotation>
