<annotation>
  <folder>DATA</folder>
  <filename>000269.png</filename>
  <source>
    <database>Unknown</database>
  </source>
  <size>
    <width>500</width>
    <height>500</height>
    <depth>1</depth>
  </size>
  <segmented>0</segmented>
  <object>
    <name>ship</name>
    <pose>Unspecified</pose>
    <truncated>0</truncated>
    <difficult>0</difficult>
    <bndbox>
      <xmin>394</xmin>
      <ymin>254</ymin>
      <xmax>410</xmax>
      <ymax>275</ymax>
      <x1>394</x1>
      <y1>254</y1>
      <x2>394</x2>
      <y2>275</y2>
      <x3>410</x3>
      <y3>275</y3>
      <x4>410</x4>
      <y4>254</y4>
    </bndbox>
  </object>
</annotation>
