<annotation>
  <folder>DATA</folder>
  <filename>000276.png</filename>
  <source>
    <database>Unknown</database>
  </source>
  <size>
    <width>500</width>
    <height>500</height>
    <depth>1</depth>
  </size>
  <segmented>0</segmented>
  <object>
    <name>ship</name>
    <pose>Unspecified</pose>
    <truncated>0</truncated>
    <difficult>0</difficult>
    <bndbox>
      <xmin>229</xmin>
      <ymin>256</ymin>
      <xmax>268</xmax>
      <ymax>269</ymax>
      <x1>229</x1>
      <y1>256</y1>
      <x2>229</x2>
      <y2>269</y2>
      <x3>268</x3>
      <y3>269</y3>
      <x4>268</x4>
      <y4>256</y4>
    </bndbox>
  </object>
</annotation>
