<annotation>
  <folder>DATA</folder>
  <filename>000201.png</filename>
  <source>
    <database>Unknown</database>
  </source>
  <size>
    <width>500</width>
    <height>500</height>
    <depth>1</depth>
  </size>
  <segmented>0</segmented>
  <object>
    <name>ship</name>
    <pose>Unspecified</pose>
    <truncated>0</truncated>
    <difficult>0</difficult>
    <bndbox>
      <xmin>159</xmin>
      <ymin>188</ymin>
      <xmax>173</xmax>
      <ymax>201</ymax>
      <x1>159</x1>
      <y1>188</y1>
      <x2>159</x2>
      <y2>201</y2>
      <x3>173</x3>
      <y3>201</y3>
      <x4>173</x4>
      <y4>188</y4>
    </bndbox>
  </object>
  <object>
    <name>ship</name>
    <pose>Unspecified</pose>
    <truncated>0</truncated>
    <difficult>0</difficult>
    <bndbox>
      <xmin>331</xmin>
      <ymin>120</ymin>
      <xmax>348</xmax>
      <ymax>138</ymax>
      <x1>331</x1>
      <y1>120</y1>
      <x2>331</x2>
      <y2>138</y2>
      <x3>348</x3>
      <y3>138</y3>
      <x4>348</x4>
      <y4>120</y4>
    </bndbox>
  </object>
  <object>
    <name>ship</name>
    <pose>Unspecified</pose>
    <truncated>0</truncated>
    <difficult>0</difficult>
    <bndbox>
      <xmin>440</xmin>
      <ymin>207</ymin>
      <xmax>450</xmax>
      <ymax>225</ymax>
      <x1>440</x1>
      <y1>207</y1>
      <x2>440</x2>
      <y2>225</y2>
      <x3>450</x3>
      <y3>225</y3>
      <x4>450</x4>
      <y4>207</y4>
    </bndbox>
  </object>
  <object>
    <name>ship</name>
    <pose>Unspecified</pose>
    <truncated>0</truncated>
    <difficult>0</difficult>
    <bndbox>
      <xmin>350</xmin>
      <ymin>301</ymin>
      <xmax>365</xmax>
      <ymax>321</ymax>
      <x1>350</x1>
      <y1>301</y1>
      <x2>350</x2>
      <y2>321</y2>
      <x3>365</x3>
      <y3>321</y3>
      <x4>365</x4>
      <y4>301</y4>
    </bndbox>
  </object>
</annotation>
