<annotation>
  <folder>DATA</folder>
  <filename>000278.png</filename>
  <source>
    <database>Unknown</database>
  </source>
  <size>
    <width>500</width>
    <height>500</height>
    <depth>1</depth>
  </size>
  <segmented>0</segmented>
  <object>
    <name>ship</name>
    <pose>Unspecified</pose>
    <truncated>0</truncated>
    <difficult>0</difficult>
    <bndbox>
      <xmin>302</xmin>
      <ymin>181</ymin>
      <xmax>319</xmax>
      <ymax>212</ymax>
      <x1>302</x1>
      <y1>181</y1>
      <x2>302</x2>
      <y2>212</y2>
      <x3>319</x3>
      <y3>212</y3>
      <x4>319</x4>
      <y4>181</y4>
    </bndbox>
  </object>
</annotation>
