<annotation>
  <folder>DATA</folder>
  <filename>000298.png</filename>
  <source>
    <database>Unknown</database>
  </source>
  <size>
    <width>500</width>
    <height>500</height>
    <depth>1</depth>
  </size>
  <segmented>0</segmented>
  <object>
    <name>ship</name>
    <pose>Unspecified</pose>
    <truncated>0</truncated>
    <difficult>0</difficult>
    <bndbox>
      <xmin>167</xmin>
      <ymin>71</ymin>
      <xmax>179</xmax>
      <ymax>108</ymax>
      <x1>167</x1>
      <y1>71</y1>
      <x2>167</x2>
      <y2>108</y2>
      <x3>179</x3>
      <y3>108</y3>
      <x4>179</x4>
      <y4>71</y4>
    </bndbox>
  </object>
  <object>
    <name>ship</name>
    <pose>Unspecified</pose>
    <truncated>0</truncated>
    <difficult>0</difficult>
    <bndbox>
      <xmin>225</xmin>
      <ymin>371</ymin>
      <xmax>266</xmax>
      <ymax>399</ymax>
      <x1>225</x1>
      <y1>371</y1>
      <x2>225</x2>
      <y2>399</y2>
      <x3>266</x3>
      <y3>399</y3>
      <x4>266</x4>
      <y4>371</y4>
    </bndbox>
  </object>
</annotation>
