<annotation>
  <folder>DATA</folder>
  <filename>000203.png</filename>
  <source>
    <database>Unknown</database>
  </source>
  <size>
    <width>500</width>
    <height>500</height>
    <depth>1</depth>
  </size>
  <segmented>0</segmented>
  <object>
    <name>ship</name>
    <pose>Unspecified</pose>
    <truncated>0</truncated>
    <difficult>0</difficult>
    <bndbox>
      <xmin>200</xmin>
      <ymin>140</ymin>
      <xmax>216</xmax>
      <ymax>149</ymax>
      <x1>200</x1>
      <y1>140</y1>
      <x2>200</x2>
      <y2>149</y2>
      <x3>216</x3>
      <y3>149</y3>
      <x4>216</x4>
      <y4>140</y4>
    </bndbox>
  </object>
  <object>
    <name>ship</name>
    <pose>Unspecified</pose>
    <truncated>0</truncated>
    <difficult>0</difficult>
    <bndbox>
      <xmin>347</xmin>
      <ymin>303</ymin>
      <xmax>358</xmax>
      <ymax>311</ymax>
      <x1>347</x1>
      <y1>303</y1>
      <x2>347</x2>
      <y2>311</y2>
      <x3>358</x3>
      <y3>311</y3>
      <x4>358</x4>
      <y4>303</y4>
    </bndbox>
  </object>
</annotation>
