<annotation>
  <folder>DATA</folder>
  <filename>000266.png</filename>
  <source>
    <database>Unknown</database>
  </source>
  <size>
    <width>500</width>
    <height>500</height>
    <depth>1</depth>
  </size>
  <segmented>0</segmented>
  <object>
    <name>ship</name>
    <pose>Unspecified</pose>
    <truncated>0</truncated>
    <difficult>0</difficult>
    <bndbox>
      <xmin>248</xmin>
      <ymin>241</ymin>
      <xmax>272</xmax>
      <ymax>258</ymax>
      <x1>248</x1>
      <y1>241</y1>
      <x2>248</x2>
      <y2>258</y2>
      <x3>272</x3>
      <y3>258</y3>
      <x4>272</x4>
      <y4>241</y4>
    </bndbox>
  </object>
</annotation>
