<annotation>
  <folder>DATA</folder>
  <filename>000296.png</filename>
  <source>
    <database>Unknown</database>
  </source>
  <size>
    <width>500</width>
    <height>500</height>
    <depth>1</depth>
  </size>
  <segmented>0</segmented>
  <object>
    <name>ship</name>
    <pose>Unspecified</pose>
    <truncated>0</truncated>
    <difficult>0</difficult>
    <bndbox>
      <xmin>356</xmin>
      <ymin>185</ymin>
      <xmax>382</xmax>
      <ymax>196</ymax>
      <x1>356</x1>
      <y1>185</y1>
      <x2>356</x2>
      <y2>196</y2>
      <x3>382</x3>
      <y3>196</y3>
      <x4>382</x4>
      <y4>185</y4>
    </bndbox>
  </object>
</annotation>
