<annotation>
  <folder>DATA</folder>
  <filename>000220.png</filename>
  <source>
    <database>Unknown</database>
  </source>
  <size>
    <width>500</width>
    <height>500</height>
    <depth>1</depth>
  </size>
  <segmented>0</segmented>
  <object>
    <name>ship</name>
    <pose>Unspecified</pose>
    <truncated>0</truncated>
    <difficult>0</difficult>
    <bndbox>
      <xmin>135</xmin>
      <ymin>149</ymin>
      <xmax>150</xmax>
      <ymax>162</ymax>
      <x1>135</x1>
      <y1>149</y1>
      <x2>135</x2>
      <y2>162</y2>
      <x3>150</x3>
      <y3>162</y3>
      <x4>150</x4>
      <y4>149</y4>
    </bndbox>
  </object>
  <object>
    <name>ship</name>
    <pose>Unspecified</pose>
    <truncated>0</truncated>
    <difficult>0</difficult>
    <bndbox>
      <xmin>153</xmin>
      <ymin>208</ymin>
      <xmax>166</xmax>
      <ymax>220</ymax>
      <x1>153</x1>
      <y1>208</y1>
      <x2>153</x2>
      <y2>220</y2>
      <x3>166</x3>
      <y3>220</y3>
      <x4>166</x4>
      <y4>208</y4>
    </bndbox>
  </object>
  <object>
    <name>ship</name>
    <pose>Unspecified</pose>
    <truncated>0</truncated>
    <difficult>0</difficult>
    <bndbox>
      <xmin>189</xmin>
      <ymin>159</ymin>
      <xmax>199</xmax>
      <ymax>175</ymax>
      <x1>189</x1>
      <y1>159</y1>
      <x2>189</x2>
      <y2>175</y2>
      <x3>199</x3>
      <y3>175</y3>
      <x4>199</x4>
      <y4>159</y4>
    </bndbox>
  </object>
  <object>
    <name>ship</name>
    <pose>Unspecified</pose>
    <truncated>0</truncated>
    <difficult>0</difficult>
    <bndbox>
      <xmin>191</xmin>
      <ymin>252</ymin>
      <xmax>206</xmax>
      <ymax>266</ymax>
      <x1>191</x1>
      <y1>252</y1>
      <x2>191</x2>
      <y2>266</y2>
      <x3>206</x3>
      <y3>266</y3>
      <x4>206</x4>
      <y4>252</y4>
    </bndbox>
  </object>
  <object>
    <name>ship</name>
    <pose>Unspecified</pose>
    <truncated>0</truncated>
    <difficult>0</difficult>
    <bndbox>
      <xmin>242</xmin>
      <ymin>190</ymin>
      <xmax>253</xmax>
      <ymax>204</ymax>
      <x1>242</x1>
      <y1>190</y1>
      <x2>242</x2>
      <y2>204</y2>
      <x3>253</x3>
      <y3>204</y3>
      <x4>253</x4>
      <y4>190</y4>
    </bndbox>
  </object>
  <object>
    <name>ship</name>
    <pose>Unspecified</pose>
    <truncated>0</truncated>
    <difficult>0</difficult>
    <bndbox>
      <xmin>311</xmin>
      <ymin>230</ymin>
      <xmax>328</xmax>
      <ymax>243</ymax>
      <x1>311</x1>
      <y1>230</y1>
      <x2>311</x2>
      <y2>243</y2>
      <x3>328</x3>
      <y3>243</y3>
      <x4>328</x4>
      <y4>230</y4>
    </bndbox>
  </object>
  <object>
    <name>ship</name>
    <pose>Unspecified</pose>
    <truncated>0</truncated>
    <difficult>0</difficult>
    <bndbox>
      <xmin>301</xmin>
      <ymin>299</ymin>
      <xmax>312</xmax>
      <ymax>311</ymax>
      <x1>301</x1>
      <y1>299</y1>
      <x2>301</x2>
      <y2>311</y2>
      <x3>312</x3>
      <y3>311</y3>
      <x4>312</x4>
      <y4>299</y4>
    </bndbox>
  </object>
  <object>
    <name>ship</name>
    <pose>Unspecified</pose>
    <truncated>0</truncated>
    <difficult>0</difficult>
    <bndbox>
      <xmin>349</xmin>
      <ymin>310</ymin>
      <xmax>362</xmax>
      <ymax>327</ymax>
      <x1>349</x1>
      <y1>310</y1>
      <x2>349</x2>
      <y2>327</y2>
      <x3>362</x3>
      <y3>327</y3>
      <x4>362</x4>
      <y4>310</y4>
    </bndbox>
  </object>
  <object>
    <name>ship</name>
    <pose>Unspecified</pose>
    <truncated>0</truncated>
    <difficult>0</difficult>
    <bndbox>
      <xmin>441</xmin>
      <ymin>278</ymin>
      <xmax>453</xmax>
      <ymax>293</ymax>
      <x1>441</x1>
      <y1>278</y1>
      <x2>441</x2>
      <y2>293</y2>
      <x3>453</x3>
      <y3>293</y3>
      <x4>453</x4>
      <y4>278</y4>
    </bndbox>
  </object>
  <object>
    <name>ship</name>
    <pose>Unspecified</pose>
    <truncated>0</truncated>
    <difficult>1</difficult>
    <bndbox>
      <xmin>79</xmin>
      <ymin>252</ymin>
      <xmax>90</xmax>
      <ymax>260</ymax>
      <x1>79</x1>
      <y1>252</y1>
      <x2>79</x2>
      <y2>260</y2>
      <x3>90</x3>
      <y3>260</y3>
      <x4>90</x4>
      <y4>252</y4>
    </bndbox>
  </object>
</annotation>
