<annotation>
  <folder>DATA</folder>
  <filename>000372.png</filename>
  <source>
    <database>Unknown</database>
  </source>
  <size>
    <width>500</width>
    <height>500</height>
    <depth>1</depth>
  </size>
  <segmented>0</segmented>
  <object>
    <name>ship</name>
    <pose>Unspecified</pose>
    <truncated>0</truncated>
    <difficult>0</difficult>
    <bndbox>
      <xmin>70</xmin>
      <ymin>373</ymin>
      <xmax>86</xmax>
      <ymax>392</ymax>
      <x1>70</x1>
      <y1>373</y1>
      <x2>70</x2>
      <y2>392</y2>
      <x3>86</x3>
      <y3>392</y3>
      <x4>86</x4>
      <y4>373</y4>
    </bndbox>
  </object>
  <object>
    <name>ship</name>
    <pose>Unspecified</pose>
    <truncated>0</truncated>
    <difficult>0</difficult>
    <bndbox>
      <xmin>381</xmin>
      <ymin>93</ymin>
      <xmax>394</xmax>
      <ymax>119</ymax>
      <x1>381</x1>
      <y1>93</y1>
      <x2>381</x2>
      <y2>119</y2>
      <x3>394</x3>
      <y3>119</y3>
      <x4>394</x4>
      <y4>93</y4>
    </bndbox>
  </object>
</annotation>
