<annotation>
  <folder>DATA</folder>
  <filename>000348.png</filename>
  <source>
    <database>Unknown</database>
  </source>
  <size>
    <width>500</width>
    <height>500</height>
    <depth>1</depth>
  </size>
  <segmented>0</segmented>
  <object>
    <name>ship</name>
    <pose>Unspecified</pose>
    <truncated>0</truncated>
    <difficult>0</difficult>
    <bndbox>
      <xmin>276</xmin>
      <ymin>152</ymin>
      <xmax>297</xmax>
      <ymax>165</ymax>
      <x1>276</x1>
      <y1>152</y1>
      <x2>276</x2>
      <y2>165</y2>
      <x3>297</x3>
      <y3>165</y3>
      <x4>297</x4>
      <y4>152</y4>
    </bndbox>
  </object>
</annotation>
