<annotation>
  <folder>DATA</folder>
  <filename>000388.png</filename>
  <source>
    <database>Unknown</database>
  </source>
  <size>
    <width>500</width>
    <height>500</height>
    <depth>1</depth>
  </size>
  <segmented>0</segmented>
  <object>
    <name>ship</name>
    <pose>Unspecified</pose>
    <truncated>0</truncated>
    <difficult>0</difficult>
    <bndbox>
      <xmin>81</xmin>
      <ymin>247</ymin>
      <xmax>97</xmax>
      <ymax>271</ymax>
      <x1>81</x1>
      <y1>247</y1>
      <x2>81</x2>
      <y2>271</y2>
      <x3>97</x3>
      <y3>271</y3>
      <x4>97</x4>
      <y4>247</y4>
    </bndbox>
  </object>
</annotation>
