<annotation>
  <folder>DATA</folder>
  <filename>000323.png</filename>
  <source>
    <database>Unknown</database>
  </source>
  <size>
    <width>500</width>
    <height>500</height>
    <depth>1</depth>
  </size>
  <segmented>0</segmented>
  <object>
    <name>ship</name>
    <pose>Unspecified</pose>
    <truncated>0</truncated>
    <difficult>0</difficult>
    <bndbox>
      <xmin>105</xmin>
      <ymin>31</ymin>
      <xmax>141</xmax>
      <ymax>42</ymax>
      <x1>105</x1>
      <y1>31</y1>
      <x2>105</x2>
      <y2>42</y2>
      <x3>141</x3>
      <y3>42</y3>
      <x4>141</x4>
      <y4>31</y4>
    </bndbox>
  </object>
  <object>
    <name>ship</name>
    <pose>Unspecified</pose>
    <truncated>0</truncated>
    <difficult>0</difficult>
    <bndbox>
      <xmin>194</xmin>
      <ymin>129</ymin>
      <xmax>230</xmax>
      <ymax>145</ymax>
      <x1>194</x1>
      <y1>129</y1>
      <x2>194</x2>
      <y2>145</y2>
      <x3>230</x3>
      <y3>145</y3>
      <x4>230</x4>
      <y4>129</y4>
    </bndbox>
  </object>
  <object>
    <name>ship</name>
    <pose>Unspecified</pose>
    <truncated>0</truncated>
    <difficult>0</difficult>
    <bndbox>
      <xmin>419</xmin>
      <ymin>60</ymin>
      <xmax>441</xmax>
      <ymax>87</ymax>
      <x1>419</x1>
      <y1>60</y1>
      <x2>419</x2>
      <y2>87</y2>
      <x3>441</x3>
      <y3>87</y3>
      <x4>441</x4>
      <y4>60</y4>
    </bndbox>
  </object>
  <object>
    <name>ship</name>
    <pose>Unspecified</pose>
    <truncated>0</truncated>
    <difficult>0</difficult>
    <bndbox>
      <xmin>97</xmin>
      <ymin>298</ymin>
      <xmax>138</xmax>
      <ymax>309</ymax>
      <x1>97</x1>
      <y1>298</y1>
      <x2>97</x2>
      <y2>309</y2>
      <x3>138</x3>
      <y3>309</y3>
      <x4>138</x4>
      <y4>298</y4>
    </bndbox>
  </object>
</annotation>
