<annotation>
  <folder>DATA</folder>
  <filename>000358.png</filename>
  <source>
    <database>Unknown</database>
  </source>
  <size>
    <width>500</width>
    <height>500</height>
    <depth>1</depth>
  </size>
  <segmented>0</segmented>
  <object>
    <name>ship</name>
    <pose>Unspecified</pose>
    <truncated>0</truncated>
    <difficult>0</difficult>
    <bndbox>
      <xmin>325</xmin>
      <ymin>142</ymin>
      <xmax>340</xmax>
      <ymax>152</ymax>
      <x1>325</x1>
      <y1>142</y1>
      <x2>325</x2>
      <y2>152</y2>
      <x3>340</x3>
      <y3>152</y3>
      <x4>340</x4>
      <y4>142</y4>
    </bndbox>
  </object>
  <object>
    <name>ship</name>
    <pose>Unspecified</pose>
    <truncated>0</truncated>
    <difficult>0</difficult>
    <bndbox>
      <xmin>306</xmin>
      <ymin>152</ymin>
      <xmax>324</xmax>
      <ymax>163</ymax>
      <x1>306</x1>
      <y1>152</y1>
      <x2>306</x2>
      <y2>163</y2>
      <x3>324</x3>
      <y3>163</y3>
      <x4>324</x4>
      <y4>152</y4>
    </bndbox>
  </object>
</annotation>
