<annotation>
  <folder>DATA</folder>
  <filename>000357.png</filename>
  <source>
    <database>Unknown</database>
  </source>
  <size>
    <width>500</width>
    <height>500</height>
    <depth>1</depth>
  </size>
  <segmented>0</segmented>
  <object>
    <name>ship</name>
    <pose>Unspecified</pose>
    <truncated>0</truncated>
    <difficult>0</difficult>
    <bndbox>
      <xmin>316</xmin>
      <ymin>259</ymin>
      <xmax>328</xmax>
      <ymax>266</ymax>
      <x1>316</x1>
      <y1>259</y1>
      <x2>316</x2>
      <y2>266</y2>
      <x3>328</x3>
      <y3>266</y3>
      <x4>328</x4>
      <y4>259</y4>
    </bndbox>
  </object>
  <object>
    <name>ship</name>
    <pose>Unspecified</pose>
    <truncated>0</truncated>
    <difficult>0</difficult>
    <bndbox>
      <xmin>243</xmin>
      <ymin>299</ymin>
      <xmax>260</xmax>
      <ymax>308</ymax>
      <x1>243</x1>
      <y1>299</y1>
      <x2>243</x2>
      <y2>308</y2>
      <x3>260</x3>
      <y3>308</y3>
      <x4>260</x4>
      <y4>299</y4>
    </bndbox>
  </object>
</annotation>
