<annotation>
  <folder>DATA</folder>
  <filename>000397.png</filename>
  <source>
    <database>Unknown</database>
  </source>
  <size>
    <width>500</width>
    <height>500</height>
    <depth>1</depth>
  </size>
  <segmented>0</segmented>
  <object>
    <name>ship</name>
    <pose>Unspecified</pose>
    <truncated>0</truncated>
    <difficult>0</difficult>
    <bndbox>
      <xmin>178</xmin>
      <ymin>275</ymin>
      <xmax>192</xmax>
      <ymax>308</ymax>
      <x1>178</x1>
      <y1>275</y1>
      <x2>178</x2>
      <y2>308</y2>
      <x3>192</x3>
      <y3>308</y3>
      <x4>192</x4>
      <y4>275</y4>
    </bndbox>
  </object>
</annotation>
