<annotation>
  <folder>DATA</folder>
  <filename>000343.png</filename>
  <source>
    <database>Unknown</database>
  </source>
  <size>
    <width>500</width>
    <height>500</height>
    <depth>1</depth>
  </size>
  <segmented>0</segmented>
  <object>
    <name>ship</name>
    <pose>Unspecified</pose>
    <truncated>0</truncated>
    <difficult>0</difficult>
    <bndbox>
      <xmin>324</xmin>
      <ymin>130</ymin>
      <xmax>354</xmax>
      <ymax>146</ymax>
      <x1>324</x1>
      <y1>130</y1>
      <x2>324</x2>
      <y2>146</y2>
      <x3>354</x3>
      <y3>146</y3>
      <x4>354</x4>
      <y4>130</y4>
    </bndbox>
  </object>
  <object>
    <name>ship</name>
    <pose>Unspecified</pose>
    <truncated>0</truncated>
    <difficult>0</difficult>
    <bndbox>
      <xmin>260</xmin>
      <ymin>245</ymin>
      <xmax>273</xmax>
      <ymax>258</ymax>
      <x1>260</x1>
      <y1>245</y1>
      <x2>260</x2>
      <y2>258</y2>
      <x3>273</x3>
      <y3>258</y3>
      <x4>273</x4>
      <y4>245</y4>
    </bndbox>
  </object>
  <object>
    <name>ship</name>
    <pose>Unspecified</pose>
    <truncated>0</truncated>
    <difficult>0</difficult>
    <bndbox>
      <xmin>287</xmin>
      <ymin>351</ymin>
      <xmax>302</xmax>
      <ymax>361</ymax>
      <x1>287</x1>
      <y1>351</y1>
      <x2>287</x2>
      <y2>361</y2>
      <x3>302</x3>
      <y3>361</y3>
      <x4>302</x4>
      <y4>351</y4>
    </bndbox>
  </object>
</annotation>
