<annotation>
  <folder>DATA</folder>
  <filename>000327.png</filename>
  <source>
    <database>Unknown</database>
  </source>
  <size>
    <width>500</width>
    <height>500</height>
    <depth>1</depth>
  </size>
  <segmented>0</segmented>
  <object>
    <name>ship</name>
    <pose>Unspecified</pose>
    <truncated>0</truncated>
    <difficult>0</difficult>
    <bndbox>
      <xmin>66</xmin>
      <ymin>337</ymin>
      <xmax>97</xmax>
      <ymax>347</ymax>
      <x1>66</x1>
      <y1>337</y1>
      <x2>66</x2>
      <y2>347</y2>
      <x3>97</x3>
      <y3>347</y3>
      <x4>97</x4>
      <y4>337</y4>
    </bndbox>
  </object>
  <object>
    <name>ship</name>
    <pose>Unspecified</pose>
    <truncated>0</truncated>
    <difficult>0</difficult>
    <bndbox>
      <xmin>324</xmin>
      <ymin>310</ymin>
      <xmax>363</xmax>
      <ymax>325</ymax>
      <x1>324</x1>
      <y1>310</y1>
      <x2>324</x2>
      <y2>325</y2>
      <x3>363</x3>
      <y3>325</y3>
      <x4>363</x4>
      <y4>310</y4>
    </bndbox>
  </object>
</annotation>
