<annotation>
  <folder>DATA</folder>
  <filename>000367.png</filename>
  <source>
    <database>Unknown</database>
  </source>
  <size>
    <width>500</width>
    <height>500</height>
    <depth>1</depth>
  </size>
  <segmented>0</segmented>
  <object>
    <name>ship</name>
    <pose>Unspecified</pose>
    <truncated>0</truncated>
    <difficult>0</difficult>
    <bndbox>
      <xmin>70</xmin>
      <ymin>303</ymin>
      <xmax>103</xmax>
      <ymax>314</ymax>
      <x1>70</x1>
      <y1>303</y1>
      <x2>70</x2>
      <y2>314</y2>
      <x3>103</x3>
      <y3>314</y3>
      <x4>103</x4>
      <y4>303</y4>
    </bndbox>
  </object>
</annotation>
