<annotation>
  <folder>DATA</folder>
  <filename>000328.png</filename>
  <source>
    <database>Unknown</database>
  </source>
  <size>
    <width>500</width>
    <height>500</height>
    <depth>1</depth>
  </size>
  <segmented>0</segmented>
  <object>
    <name>ship</name>
    <pose>Unspecified</pose>
    <truncated>0</truncated>
    <difficult>0</difficult>
    <bndbox>
      <xmin>109</xmin>
      <ymin>166</ymin>
      <xmax>137</xmax>
      <ymax>176</ymax>
      <x1>109</x1>
      <y1>166</y1>
      <x2>109</x2>
      <y2>176</y2>
      <x3>137</x3>
      <y3>176</y3>
      <x4>137</x4>
      <y4>166</y4>
    </bndbox>
  </object>
  <object>
    <name>ship</name>
    <pose>Unspecified</pose>
    <truncated>0</truncated>
    <difficult>0</difficult>
    <bndbox>
      <xmin>132</xmin>
      <ymin>405</ymin>
      <xmax>172</xmax>
      <ymax>417</ymax>
      <x1>132</x1>
      <y1>405</y1>
      <x2>132</x2>
      <y2>417</y2>
      <x3>172</x3>
      <y3>417</y3>
      <x4>172</x4>
      <y4>405</y4>
    </bndbox>
  </object>
  <object>
    <name>ship</name>
    <pose>Unspecified</pose>
    <truncated>0</truncated>
    <difficult>0</difficult>
    <bndbox>
      <xmin>379</xmin>
      <ymin>259</ymin>
      <xmax>414</xmax>
      <ymax>270</ymax>
      <x1>379</x1>
      <y1>259</y1>
      <x2>379</x2>
      <y2>270</y2>
      <x3>414</x3>
      <y3>270</y3>
      <x4>414</x4>
      <y4>259</y4>
    </bndbox>
  </object>
</annotation>
