<annotation>
  <folder>DATA</folder>
  <filename>000398.png</filename>
  <source>
    <database>Unknown</database>
  </source>
  <size>
    <width>500</width>
    <height>500</height>
    <depth>1</depth>
  </size>
  <segmented>0</segmented>
  <object>
    <name>ship</name>
    <pose>Unspecified</pose>
    <truncated>0</truncated>
    <difficult>0</difficult>
    <bndbox>
      <xmin>197</xmin>
      <ymin>227</ymin>
      <xmax>216</xmax>
      <ymax>252</ymax>
      <x1>197</x1>
      <y1>227</y1>
      <x2>197</x2>
      <y2>252</y2>
      <x3>216</x3>
      <y3>252</y3>
      <x4>216</x4>
      <y4>227</y4>
    </bndbox>
  </object>
</annotation>
