<annotation>
  <folder>DATA</folder>
  <filename>000336.png</filename>
  <source>
    <database>Unknown</database>
  </source>
  <size>
    <width>500</width>
    <height>500</height>
    <depth>1</depth>
  </size>
  <segmented>0</segmented>
  <object>
    <name>ship</name>
    <pose>Unspecified</pose>
    <truncated>0</truncated>
    <difficult>0</difficult>
    <bndbox>
      <xmin>140</xmin>
      <ymin>210</ymin>
      <xmax>151</xmax>
      <ymax>238</ymax>
      <x1>140</x1>
      <y1>210</y1>
      <x2>140</x2>
      <y2>238</y2>
      <x3>151</x3>
      <y3>238</y3>
      <x4>151</x4>
      <y4>210</y4>
    </bndbox>
  </object>
</annotation>
