<annotation>
  <folder>DATA</folder>
  <filename>000385.png</filename>
  <source>
    <database>Unknown</database>
  </source>
  <size>
    <width>500</width>
    <height>500</height>
    <depth>1</depth>
  </size>
  <segmented>0</segmented>
  <object>
    <name>ship</name>
    <pose>Unspecified</pose>
    <truncated>0</truncated>
    <difficult>0</difficult>
    <bndbox>
      <xmin>176</xmin>
      <ymin>24</ymin>
      <xmax>192</xmax>
      <ymax>44</ymax>
      <x1>176</x1>
      <y1>24</y1>
      <x2>176</x2>
      <y2>44</y2>
      <x3>192</x3>
      <y3>44</y3>
      <x4>192</x4>
      <y4>24</y4>
    </bndbox>
  </object>
  <object>
    <name>ship</name>
    <pose>Unspecified</pose>
    <truncated>0</truncated>
    <difficult>0</difficult>
    <bndbox>
      <xmin>116</xmin>
      <ymin>143</ymin>
      <xmax>138</xmax>
      <ymax>159</ymax>
      <x1>116</x1>
      <y1>143</y1>
      <x2>116</x2>
      <y2>159</y2>
      <x3>138</x3>
      <y3>159</y3>
      <x4>138</x4>
      <y4>143</y4>
    </bndbox>
  </object>
</annotation>
