<annotation>
  <folder>DATA</folder>
  <filename>000344.png</filename>
  <source>
    <database>Unknown</database>
  </source>
  <size>
    <width>500</width>
    <height>500</height>
    <depth>1</depth>
  </size>
  <segmented>0</segmented>
  <object>
    <name>ship</name>
    <pose>Unspecified</pose>
    <truncated>0</truncated>
    <difficult>0</difficult>
    <bndbox>
      <xmin>73</xmin>
      <ymin>147</ymin>
      <xmax>80</xmax>
      <ymax>160</ymax>
      <x1>73</x1>
      <y1>147</y1>
      <x2>73</x2>
      <y2>160</y2>
      <x3>80</x3>
      <y3>160</y3>
      <x4>80</x4>
      <y4>147</y4>
    </bndbox>
  </object>
  <object>
    <name>ship</name>
    <pose>Unspecified</pose>
    <truncated>0</truncated>
    <difficult>0</difficult>
    <bndbox>
      <xmin>256</xmin>
      <ymin>176</ymin>
      <xmax>266</xmax>
      <ymax>193</ymax>
      <x1>256</x1>
      <y1>176</y1>
      <x2>256</x2>
      <y2>193</y2>
      <x3>266</x3>
      <y3>193</y3>
      <x4>266</x4>
      <y4>176</y4>
    </bndbox>
  </object>
</annotation>
