<annotation>
  <folder>DATA</folder>
  <filename>000312.png</filename>
  <source>
    <database>Unknown</database>
  </source>
  <size>
    <width>500</width>
    <height>500</height>
    <depth>1</depth>
  </size>
  <segmented>0</segmented>
  <object>
    <name>ship</name>
    <pose>Unspecified</pose>
    <truncated>0</truncated>
    <difficult>0</difficult>
    <bndbox>
      <xmin>47</xmin>
      <ymin>256</ymin>
      <xmax>97</xmax>
      <ymax>286</ymax>
      <x1>47</x1>
      <y1>256</y1>
      <x2>47</x2>
      <y2>286</y2>
      <x3>97</x3>
      <y3>286</y3>
      <x4>97</x4>
      <y4>256</y4>
    </bndbox>
  </object>
  <object>
    <name>ship</name>
    <pose>Unspecified</pose>
    <truncated>0</truncated>
    <difficult>0</difficult>
    <bndbox>
      <xmin>366</xmin>
      <ymin>66</ymin>
      <xmax>407</xmax>
      <ymax>85</ymax>
      <x1>366</x1>
      <y1>66</y1>
      <x2>366</x2>
      <y2>85</y2>
      <x3>407</x3>
      <y3>85</y3>
      <x4>407</x4>
      <y4>66</y4>
    </bndbox>
  </object>
  <object>
    <name>ship</name>
    <pose>Unspecified</pose>
    <truncated>0</truncated>
    <difficult>0</difficult>
    <bndbox>
      <xmin>354</xmin>
      <ymin>80</ymin>
      <xmax>386</xmax>
      <ymax>96</ymax>
      <x1>354</x1>
      <y1>80</y1>
      <x2>354</x2>
      <y2>96</y2>
      <x3>386</x3>
      <y3>96</y3>
      <x4>386</x4>
      <y4>80</y4>
    </bndbox>
  </object>
</annotation>
