<annotation>
  <folder>DATA</folder>
  <filename>000331.png</filename>
  <source>
    <database>Unknown</database>
  </source>
  <size>
    <width>500</width>
    <height>500</height>
    <depth>1</depth>
  </size>
  <segmented>0</segmented>
  <object>
    <name>ship</name>
    <pose>Unspecified</pose>
    <truncated>0</truncated>
    <difficult>0</difficult>
    <bndbox>
      <xmin>275</xmin>
      <ymin>237</ymin>
      <xmax>287</xmax>
      <ymax>251</ymax>
      <x1>275</x1>
      <y1>237</y1>
      <x2>275</x2>
      <y2>251</y2>
      <x3>287</x3>
      <y3>251</y3>
      <x4>287</x4>
      <y4>237</y4>
    </bndbox>
  </object>
</annotation>
