<annotation>
  <folder>DATA</folder>
  <filename>000354.png</filename>
  <source>
    <database>Unknown</database>
  </source>
  <size>
    <width>500</width>
    <height>500</height>
    <depth>1</depth>
  </size>
  <segmented>0</segmented>
  <object>
    <name>ship</name>
    <pose>Unspecified</pose>
    <truncated>0</truncated>
    <difficult>0</difficult>
    <bndbox>
      <xmin>123</xmin>
      <ymin>234</ymin>
      <xmax>149</xmax>
      <ymax>243</ymax>
      <x1>123</x1>
      <y1>234</y1>
      <x2>123</x2>
      <y2>243</y2>
      <x3>149</x3>
      <y3>243</y3>
      <x4>149</x4>
      <y4>234</y4>
    </bndbox>
  </object>
</annotation>
