<annotation>
  <folder>DATA</folder>
  <filename>000304.png</filename>
  <source>
    <database>Unknown</database>
  </source>
  <size>
    <width>500</width>
    <height>500</height>
    <depth>1</depth>
  </size>
  <segmented>0</segmented>
  <object>
    <name>ship</name>
    <pose>Unspecified</pose>
    <truncated>0</truncated>
    <difficult>0</difficult>
    <bndbox>
      <xmin>186</xmin>
      <ymin>54</ymin>
      <xmax>230</xmax>
      <ymax>76</ymax>
      <x1>186</x1>
      <y1>54</y1>
      <x2>186</x2>
      <y2>76</y2>
      <x3>230</x3>
      <y3>76</y3>
      <x4>230</x4>
      <y4>54</y4>
    </bndbox>
  </object>
  <object>
    <name>ship</name>
    <pose>Unspecified</pose>
    <truncated>0</truncated>
    <difficult>0</difficult>
    <bndbox>
      <xmin>76</xmin>
      <ymin>362</ymin>
      <xmax>108</xmax>
      <ymax>378</ymax>
      <x1>76</x1>
      <y1>362</y1>
      <x2>76</x2>
      <y2>378</y2>
      <x3>108</x3>
      <y3>378</y3>
      <x4>108</x4>
      <y4>362</y4>
    </bndbox>
  </object>
  <object>
    <name>ship</name>
    <pose>Unspecified</pose>
    <truncated>0</truncated>
    <difficult>0</difficult>
    <bndbox>
      <xmin>361</xmin>
      <ymin>319</ymin>
      <xmax>415</xmax>
      <ymax>352</ymax>
      <x1>361</x1>
      <y1>319</y1>
      <x2>361</x2>
      <y2>352</y2>
      <x3>415</x3>
      <y3>352</y3>
      <x4>415</x4>
      <y4>319</y4>
    </bndbox>
  </object>
</annotation>
