<annotation>
  <folder>DATA</folder>
  <filename>000380.png</filename>
  <source>
    <database>Unknown</database>
  </source>
  <size>
    <width>500</width>
    <height>500</height>
    <depth>1</depth>
  </size>
  <segmented>0</segmented>
  <object>
    <name>ship</name>
    <pose>Unspecified</pose>
    <truncated>0</truncated>
    <difficult>0</difficult>
    <bndbox>
      <xmin>230</xmin>
      <ymin>156</ymin>
      <xmax>256</xmax>
      <ymax>172</ymax>
      <x1>230</x1>
      <y1>156</y1>
      <x2>230</x2>
      <y2>172</y2>
      <x3>256</x3>
      <y3>172</y3>
      <x4>256</x4>
      <y4>156</y4>
    </bndbox>
  </object>
  <object>
    <name>ship</name>
    <pose>Unspecified</pose>
    <truncated>0</truncated>
    <difficult>0</difficult>
    <bndbox>
      <xmin>86</xmin>
      <ymin>269</ymin>
      <xmax>107</xmax>
      <ymax>280</ymax>
      <x1>86</x1>
      <y1>269</y1>
      <x2>86</x2>
      <y2>280</y2>
      <x3>107</x3>
      <y3>280</y3>
      <x4>107</x4>
      <y4>269</y4>
    </bndbox>
  </object>
</annotation>
