<annotation>
  <folder>DATA</folder>
  <filename>000359.png</filename>
  <source>
    <database>Unknown</database>
  </source>
  <size>
    <width>500</width>
    <height>500</height>
    <depth>1</depth>
  </size>
  <segmented>0</segmented>
  <object>
    <name>ship</name>
    <pose>Unspecified</pose>
    <truncated>0</truncated>
    <difficult>0</difficult>
    <bndbox>
      <xmin>184</xmin>
      <ymin>176</ymin>
      <xmax>207</xmax>
      <ymax>188</ymax>
      <x1>184</x1>
      <y1>176</y1>
      <x2>184</x2>
      <y2>188</y2>
      <x3>207</x3>
      <y3>188</y3>
      <x4>207</x4>
      <y4>176</y4>
    </bndbox>
  </object>
  <object>
    <name>ship</name>
    <pose>Unspecified</pose>
    <truncated>0</truncated>
    <difficult>0</difficult>
    <bndbox>
      <xmin>274</xmin>
      <ymin>250</ymin>
      <xmax>296</xmax>
      <ymax>263</ymax>
      <x1>274</x1>
      <y1>250</y1>
      <x2>274</x2>
      <y2>263</y2>
      <x3>296</x3>
      <y3>263</y3>
      <x4>296</x4>
      <y4>250</y4>
    </bndbox>
  </object>
</annotation>
