<annotation>
  <folder>DATA</folder>
  <filename>000362.png</filename>
  <source>
    <database>Unknown</database>
  </source>
  <size>
    <width>500</width>
    <height>500</height>
    <depth>1</depth>
  </size>
  <segmented>0</segmented>
  <object>
    <name>ship</name>
    <pose>Unspecified</pose>
    <truncated>0</truncated>
    <difficult>0</difficult>
    <bndbox>
      <xmin>320</xmin>
      <ymin>35</ymin>
      <xmax>349</xmax>
      <ymax>44</ymax>
      <x1>320</x1>
      <y1>35</y1>
      <x2>320</x2>
      <y2>44</y2>
      <x3>349</x3>
      <y3>44</y3>
      <x4>349</x4>
      <y4>35</y4>
    </bndbox>
  </object>
</annotation>
