<annotation>
  <folder>DATA</folder>
  <filename>000326.png</filename>
  <source>
    <database>Unknown</database>
  </source>
  <size>
    <width>500</width>
    <height>500</height>
    <depth>1</depth>
  </size>
  <segmented>0</segmented>
  <object>
    <name>ship</name>
    <pose>Unspecified</pose>
    <truncated>0</truncated>
    <difficult>0</difficult>
    <bndbox>
      <xmin>408</xmin>
      <ymin>269</ymin>
      <xmax>428</xmax>
      <ymax>298</ymax>
      <x1>408</x1>
      <y1>269</y1>
      <x2>408</x2>
      <y2>298</y2>
      <x3>428</x3>
      <y3>298</y3>
      <x4>428</x4>
      <y4>269</y4>
    </bndbox>
  </object>
</annotation>
