<annotation>
  <folder>DATA</folder>
  <filename>000333.png</filename>
  <source>
    <database>Unknown</database>
  </source>
  <size>
    <width>500</width>
    <height>500</height>
    <depth>1</depth>
  </size>
  <segmented>0</segmented>
  <object>
    <name>ship</name>
    <pose>Unspecified</pose>
    <truncated>0</truncated>
    <difficult>0</difficult>
    <bndbox>
      <xmin>158</xmin>
      <ymin>219</ymin>
      <xmax>173</xmax>
      <ymax>237</ymax>
      <x1>158</x1>
      <y1>219</y1>
      <x2>158</x2>
      <y2>237</y2>
      <x3>173</x3>
      <y3>237</y3>
      <x4>173</x4>
      <y4>219</y4>
    </bndbox>
  </object>
  <object>
    <name>ship</name>
    <pose>Unspecified</pose>
    <truncated>0</truncated>
    <difficult>0</difficult>
    <bndbox>
      <xmin>438</xmin>
      <ymin>157</ymin>
      <xmax>471</xmax>
      <ymax>169</ymax>
      <x1>438</x1>
      <y1>157</y1>
      <x2>438</x2>
      <y2>169</y2>
      <x3>471</x3>
      <y3>169</y3>
      <x4>471</x4>
      <y4>157</y4>
    </bndbox>
  </object>
</annotation>
