<annotation>
  <folder>DATA</folder>
  <filename>000374.png</filename>
  <source>
    <database>Unknown</database>
  </source>
  <size>
    <width>500</width>
    <height>500</height>
    <depth>1</depth>
  </size>
  <segmented>0</segmented>
  <object>
    <name>ship</name>
    <pose>Unspecified</pose>
    <truncated>0</truncated>
    <difficult>0</difficult>
    <bndbox>
      <xmin>239</xmin>
      <ymin>201</ymin>
      <xmax>262</xmax>
      <ymax>210</ymax>
      <x1>239</x1>
      <y1>201</y1>
      <x2>239</x2>
      <y2>210</y2>
      <x3>262</x3>
      <y3>210</y3>
      <x4>262</x4>
      <y4>201</y4>
    </bndbox>
  </object>
</annotation>
