<annotation>
  <folder>DATA</folder>
  <filename>000364.png</filename>
  <source>
    <database>Unknown</database>
  </source>
  <size>
    <width>500</width>
    <height>500</height>
    <depth>1</depth>
  </size>
  <segmented>0</segmented>
  <object>
    <name>ship</name>
    <pose>Unspecified</pose>
    <truncated>0</truncated>
    <difficult>0</difficult>
    <bndbox>
      <xmin>308</xmin>
      <ymin>98</ymin>
      <xmax>331</xmax>
      <ymax>107</ymax>
      <x1>308</x1>
      <y1>98</y1>
      <x2>308</x2>
      <y2>107</y2>
      <x3>331</x3>
      <y3>107</y3>
      <x4>331</x4>
      <y4>98</y4>
    </bndbox>
  </object>
  <object>
    <name>ship</name>
    <pose>Unspecified</pose>
    <truncated>0</truncated>
    <difficult>0</difficult>
    <bndbox>
      <xmin>169</xmin>
      <ymin>420</ymin>
      <xmax>180</xmax>
      <ymax>448</ymax>
      <x1>169</x1>
      <y1>420</y1>
      <x2>169</x2>
      <y2>448</y2>
      <x3>180</x3>
      <y3>448</y3>
      <x4>180</x4>
      <y4>420</y4>
    </bndbox>
  </object>
</annotation>
