<annotation>
  <folder>DATA</folder>
  <filename>000383.png</filename>
  <source>
    <database>Unknown</database>
  </source>
  <size>
    <width>500</width>
    <height>500</height>
    <depth>1</depth>
  </size>
  <segmented>0</segmented>
  <object>
    <name>ship</name>
    <pose>Unspecified</pose>
    <truncated>0</truncated>
    <difficult>0</difficult>
    <bndbox>
      <xmin>181</xmin>
      <ymin>339</ymin>
      <xmax>214</xmax>
      <ymax>372</ymax>
      <x1>181</x1>
      <y1>339</y1>
      <x2>181</x2>
      <y2>372</y2>
      <x3>214</x3>
      <y3>372</y3>
      <x4>214</x4>
      <y4>339</y4>
    </bndbox>
  </object>
</annotation>
