<annotation>
  <folder>DATA</folder>
  <filename>000355.png</filename>
  <source>
    <database>Unknown</database>
  </source>
  <size>
    <width>500</width>
    <height>500</height>
    <depth>1</depth>
  </size>
  <segmented>0</segmented>
  <object>
    <name>ship</name>
    <pose>Unspecified</pose>
    <truncated>0</truncated>
    <difficult>0</difficult>
    <bndbox>
      <xmin>104</xmin>
      <ymin>160</ymin>
      <xmax>122</xmax>
      <ymax>178</ymax>
      <x1>104</x1>
      <y1>160</y1>
      <x2>104</x2>
      <y2>178</y2>
      <x3>122</x3>
      <y3>178</y3>
      <x4>122</x4>
      <y4>160</y4>
    </bndbox>
  </object>
  <object>
    <name>ship</name>
    <pose>Unspecified</pose>
    <truncated>0</truncated>
    <difficult>0</difficult>
    <bndbox>
      <xmin>413</xmin>
      <ymin>105</ymin>
      <xmax>430</xmax>
      <ymax>115</ymax>
      <x1>413</x1>
      <y1>105</y1>
      <x2>413</x2>
      <y2>115</y2>
      <x3>430</x3>
      <y3>115</y3>
      <x4>430</x4>
      <y4>105</y4>
    </bndbox>
  </object>
  <object>
    <name>ship</name>
    <pose>Unspecified</pose>
    <truncated>0</truncated>
    <difficult>0</difficult>
    <bndbox>
      <xmin>73</xmin>
      <ymin>378</ymin>
      <xmax>93</xmax>
      <ymax>390</ymax>
      <x1>73</x1>
      <y1>378</y1>
      <x2>73</x2>
      <y2>390</y2>
      <x3>93</x3>
      <y3>390</y3>
      <x4>93</x4>
      <y4>378</y4>
    </bndbox>
  </object>
</annotation>
