<annotation>
  <folder>DATA</folder>
  <filename>000342.png</filename>
  <source>
    <database>Unknown</database>
  </source>
  <size>
    <width>500</width>
    <height>500</height>
    <depth>1</depth>
  </size>
  <segmented>0</segmented>
  <object>
    <name>ship</name>
    <pose>Unspecified</pose>
    <truncated>0</truncated>
    <difficult>0</difficult>
    <bndbox>
      <xmin>193</xmin>
      <ymin>79</ymin>
      <xmax>208</xmax>
      <ymax>88</ymax>
      <x1>193</x1>
      <y1>79</y1>
      <x2>193</x2>
      <y2>88</y2>
      <x3>208</x3>
      <y3>88</y3>
      <x4>208</x4>
      <y4>79</y4>
    </bndbox>
  </object>
  <object>
    <name>ship</name>
    <pose>Unspecified</pose>
    <truncated>0</truncated>
    <difficult>0</difficult>
    <bndbox>
      <xmin>159</xmin>
      <ymin>410</ymin>
      <xmax>182</xmax>
      <ymax>424</ymax>
      <x1>159</x1>
      <y1>410</y1>
      <x2>159</x2>
      <y2>424</y2>
      <x3>182</x3>
      <y3>424</y3>
      <x4>182</x4>
      <y4>410</y4>
    </bndbox>
  </object>
  <object>
    <name>ship</name>
    <pose>Unspecified</pose>
    <truncated>0</truncated>
    <difficult>0</difficult>
    <bndbox>
      <xmin>442</xmin>
      <ymin>408</ymin>
      <xmax>484</xmax>
      <ymax>448</ymax>
      <x1>442</x1>
      <y1>408</y1>
      <x2>442</x2>
      <y2>448</y2>
      <x3>484</x3>
      <y3>448</y3>
      <x4>484</x4>
      <y4>408</y4>
    </bndbox>
  </object>
</annotation>
