<annotation>
  <folder>DATA</folder>
  <filename>000337.png</filename>
  <source>
    <database>Unknown</database>
  </source>
  <size>
    <width>500</width>
    <height>500</height>
    <depth>1</depth>
  </size>
  <segmented>0</segmented>
  <object>
    <name>ship</name>
    <pose>Unspecified</pose>
    <truncated>0</truncated>
    <difficult>0</difficult>
    <bndbox>
      <xmin>105</xmin>
      <ymin>140</ymin>
      <xmax>131</xmax>
      <ymax>164</ymax>
      <x1>105</x1>
      <y1>140</y1>
      <x2>105</x2>
      <y2>164</y2>
      <x3>131</x3>
      <y3>164</y3>
      <x4>131</x4>
      <y4>140</y4>
    </bndbox>
  </object>
  <object>
    <name>ship</name>
    <pose>Unspecified</pose>
    <truncated>0</truncated>
    <difficult>0</difficult>
    <bndbox>
      <xmin>288</xmin>
      <ymin>217</ymin>
      <xmax>317</xmax>
      <ymax>236</ymax>
      <x1>288</x1>
      <y1>217</y1>
      <x2>288</x2>
      <y2>236</y2>
      <x3>317</x3>
      <y3>236</y3>
      <x4>317</x4>
      <y4>217</y4>
    </bndbox>
  </object>
  <object>
    <name>ship</name>
    <pose>Unspecified</pose>
    <truncated>0</truncated>
    <difficult>0</difficult>
    <bndbox>
      <xmin>428</xmin>
      <ymin>124</ymin>
      <xmax>445</xmax>
      <ymax>140</ymax>
      <x1>428</x1>
      <y1>124</y1>
      <x2>428</x2>
      <y2>140</y2>
      <x3>445</x3>
      <y3>140</y3>
      <x4>445</x4>
      <y4>124</y4>
    </bndbox>
  </object>
  <object>
    <name>ship</name>
    <pose>Unspecified</pose>
    <truncated>0</truncated>
    <difficult>0</difficult>
    <bndbox>
      <xmin>463</xmin>
      <ymin>305</ymin>
      <xmax>488</xmax>
      <ymax>324</ymax>
      <x1>463</x1>
      <y1>305</y1>
      <x2>463</x2>
      <y2>324</y2>
      <x3>488</x3>
      <y3>324</y3>
      <x4>488</x4>
      <y4>305</y4>
    </bndbox>
  </object>
  <object>
    <name>ship</name>
    <pose>Unspecified</pose>
    <truncated>0</truncated>
    <difficult>0</difficult>
    <bndbox>
      <xmin>268</xmin>
      <ymin>369</ymin>
      <xmax>304</xmax>
      <ymax>395</ymax>
      <x1>268</x1>
      <y1>369</y1>
      <x2>268</x2>
      <y2>395</y2>
      <x3>304</x3>
      <y3>395</y3>
      <x4>304</x4>
      <y4>369</y4>
    </bndbox>
  </object>
  <object>
    <name>ship</name>
    <pose>Unspecified</pose>
    <truncated>0</truncated>
    <difficult>0</difficult>
    <bndbox>
      <xmin>241</xmin>
      <ymin>42</ymin>
      <xmax>268</xmax>
      <ymax>66</ymax>
      <x1>241</x1>
      <y1>42</y1>
      <x2>241</x2>
      <y2>66</y2>
      <x3>268</x3>
      <y3>66</y3>
      <x4>268</x4>
      <y4>42</y4>
    </bndbox>
  </object>
</annotation>
