<annotation>
  <folder>DATA</folder>
  <filename>000376.png</filename>
  <source>
    <database>Unknown</database>
  </source>
  <size>
    <width>500</width>
    <height>500</height>
    <depth>1</depth>
  </size>
  <segmented>0</segmented>
  <object>
    <name>ship</name>
    <pose>Unspecified</pose>
    <truncated>0</truncated>
    <difficult>0</difficult>
    <bndbox>
      <xmin>209</xmin>
      <ymin>167</ymin>
      <xmax>223</xmax>
      <ymax>216</ymax>
      <x1>209</x1>
      <y1>167</y1>
      <x2>209</x2>
      <y2>216</y2>
      <x3>223</x3>
      <y3>216</y3>
      <x4>223</x4>
      <y4>167</y4>
    </bndbox>
  </object>
</annotation>
