<annotation>
  <folder>DATA</folder>
  <filename>000363.png</filename>
  <source>
    <database>Unknown</database>
  </source>
  <size>
    <width>500</width>
    <height>500</height>
    <depth>1</depth>
  </size>
  <segmented>0</segmented>
  <object>
    <name>ship</name>
    <pose>Unspecified</pose>
    <truncated>0</truncated>
    <difficult>0</difficult>
    <bndbox>
      <xmin>162</xmin>
      <ymin>269</ymin>
      <xmax>185</xmax>
      <ymax>285</ymax>
      <x1>162</x1>
      <y1>269</y1>
      <x2>162</x2>
      <y2>285</y2>
      <x3>185</x3>
      <y3>285</y3>
      <x4>185</x4>
      <y4>269</y4>
    </bndbox>
  </object>
</annotation>
