<annotation>
  <folder>DATA</folder>
  <filename>000317.png</filename>
  <source>
    <database>Unknown</database>
  </source>
  <size>
    <width>500</width>
    <height>500</height>
    <depth>1</depth>
  </size>
  <segmented>0</segmented>
  <object>
    <name>ship</name>
    <pose>Unspecified</pose>
    <truncated>0</truncated>
    <difficult>0</difficult>
    <bndbox>
      <xmin>270</xmin>
      <ymin>42</ymin>
      <xmax>307</xmax>
      <ymax>66</ymax>
      <x1>270</x1>
      <y1>42</y1>
      <x2>270</x2>
      <y2>66</y2>
      <x3>307</x3>
      <y3>66</y3>
      <x4>307</x4>
      <y4>42</y4>
    </bndbox>
  </object>
  <object>
    <name>ship</name>
    <pose>Unspecified</pose>
    <truncated>0</truncated>
    <difficult>0</difficult>
    <bndbox>
      <xmin>421</xmin>
      <ymin>109</ymin>
      <xmax>447</xmax>
      <ymax>125</ymax>
      <x1>421</x1>
      <y1>109</y1>
      <x2>421</x2>
      <y2>125</y2>
      <x3>447</x3>
      <y3>125</y3>
      <x4>447</x4>
      <y4>109</y4>
    </bndbox>
  </object>
  <object>
    <name>ship</name>
    <pose>Unspecified</pose>
    <truncated>0</truncated>
    <difficult>0</difficult>
    <bndbox>
      <xmin>112</xmin>
      <ymin>62</ymin>
      <xmax>131</xmax>
      <ymax>77</ymax>
      <x1>112</x1>
      <y1>62</y1>
      <x2>112</x2>
      <y2>77</y2>
      <x3>131</x3>
      <y3>77</y3>
      <x4>131</x4>
      <y4>62</y4>
    </bndbox>
  </object>
  <object>
    <name>ship</name>
    <pose>Unspecified</pose>
    <truncated>0</truncated>
    <difficult>0</difficult>
    <bndbox>
      <xmin>72</xmin>
      <ymin>246</ymin>
      <xmax>107</xmax>
      <ymax>267</ymax>
      <x1>72</x1>
      <y1>246</y1>
      <x2>72</x2>
      <y2>267</y2>
      <x3>107</x3>
      <y3>267</y3>
      <x4>107</x4>
      <y4>246</y4>
    </bndbox>
  </object>
  <object>
    <name>ship</name>
    <pose>Unspecified</pose>
    <truncated>0</truncated>
    <difficult>0</difficult>
    <bndbox>
      <xmin>296</xmin>
      <ymin>208</ymin>
      <xmax>336</xmax>
      <ymax>229</ymax>
      <x1>296</x1>
      <y1>208</y1>
      <x2>296</x2>
      <y2>229</y2>
      <x3>336</x3>
      <y3>229</y3>
      <x4>336</x4>
      <y4>208</y4>
    </bndbox>
  </object>
  <object>
    <name>ship</name>
    <pose>Unspecified</pose>
    <truncated>0</truncated>
    <difficult>0</difficult>
    <bndbox>
      <xmin>387</xmin>
      <ymin>337</ymin>
      <xmax>420</xmax>
      <ymax>356</ymax>
      <x1>387</x1>
      <y1>337</y1>
      <x2>387</x2>
      <y2>356</y2>
      <x3>420</x3>
      <y3>356</y3>
      <x4>420</x4>
      <y4>337</y4>
    </bndbox>
  </object>
  <object>
    <name>ship</name>
    <pose>Unspecified</pose>
    <truncated>0</truncated>
    <difficult>0</difficult>
    <bndbox>
      <xmin>263</xmin>
      <ymin>390</ymin>
      <xmax>297</xmax>
      <ymax>413</ymax>
      <x1>263</x1>
      <y1>390</y1>
      <x2>263</x2>
      <y2>413</y2>
      <x3>297</x3>
      <y3>413</y3>
      <x4>297</x4>
      <y4>390</y4>
    </bndbox>
  </object>
  <object>
    <name>ship</name>
    <pose>Unspecified</pose>
    <truncated>0</truncated>
    <difficult>0</difficult>
    <bndbox>
      <xmin>446</xmin>
      <ymin>463</ymin>
      <xmax>478</xmax>
      <ymax>483</ymax>
      <x1>446</x1>
      <y1>463</y1>
      <x2>446</x2>
      <y2>483</y2>
      <x3>478</x3>
      <y3>483</y3>
      <x4>478</x4>
      <y4>463</y4>
    </bndbox>
  </object>
  <object>
    <name>ship</name>
    <pose>Unspecified</pose>
    <truncated>0</truncated>
    <difficult>0</difficult>
    <bndbox>
      <xmin>25</xmin>
      <ymin>436</ymin>
      <xmax>62</xmax>
      <ymax>465</ymax>
      <x1>25</x1>
      <y1>436</y1>
      <x2>25</x2>
      <y2>465</y2>
      <x3>62</x3>
      <y3>465</y3>
      <x4>62</x4>
      <y4>436</y4>
    </bndbox>
  </object>
</annotation>
