<annotation>
  <folder>DATA</folder>
  <filename>000309.png</filename>
  <source>
    <database>Unknown</database>
  </source>
  <size>
    <width>500</width>
    <height>500</height>
    <depth>1</depth>
  </size>
  <segmented>0</segmented>
  <object>
    <name>ship</name>
    <pose>Unspecified</pose>
    <truncated>0</truncated>
    <difficult>0</difficult>
    <bndbox>
      <xmin>282</xmin>
      <ymin>265</ymin>
      <xmax>315</xmax>
      <ymax>282</ymax>
      <x1>282</x1>
      <y1>265</y1>
      <x2>282</x2>
      <y2>282</y2>
      <x3>315</x3>
      <y3>282</y3>
      <x4>315</x4>
      <y4>265</y4>
    </bndbox>
  </object>
  <object>
    <name>ship</name>
    <pose>Unspecified</pose>
    <truncated>0</truncated>
    <difficult>0</difficult>
    <bndbox>
      <xmin>71</xmin>
      <ymin>339</ymin>
      <xmax>103</xmax>
      <ymax>357</ymax>
      <x1>71</x1>
      <y1>339</y1>
      <x2>71</x2>
      <y2>357</y2>
      <x3>103</x3>
      <y3>357</y3>
      <x4>103</x4>
      <y4>339</y4>
    </bndbox>
  </object>
</annotation>
