<annotation>
  <folder>DATA</folder>
  <filename>000341.png</filename>
  <source>
    <database>Unknown</database>
  </source>
  <size>
    <width>500</width>
    <height>500</height>
    <depth>1</depth>
  </size>
  <segmented>0</segmented>
  <object>
    <name>ship</name>
    <pose>Unspecified</pose>
    <truncated>0</truncated>
    <difficult>0</difficult>
    <bndbox>
      <xmin>184</xmin>
      <ymin>390</ymin>
      <xmax>194</xmax>
      <ymax>427</ymax>
      <x1>184</x1>
      <y1>390</y1>
      <x2>184</x2>
      <y2>427</y2>
      <x3>194</x3>
      <y3>427</y3>
      <x4>194</x4>
      <y4>390</y4>
    </bndbox>
  </object>
  <object>
    <name>ship</name>
    <pose>Unspecified</pose>
    <truncated>0</truncated>
    <difficult>0</difficult>
    <bndbox>
      <xmin>341</xmin>
      <ymin>248</ymin>
      <xmax>373</xmax>
      <ymax>256</ymax>
      <x1>341</x1>
      <y1>248</y1>
      <x2>341</x2>
      <y2>256</y2>
      <x3>373</x3>
      <y3>256</y3>
      <x4>373</x4>
      <y4>248</y4>
    </bndbox>
  </object>
</annotation>
