<annotation>
  <folder>DATA</folder>
  <filename>000381.png</filename>
  <source>
    <database>Unknown</database>
  </source>
  <size>
    <width>500</width>
    <height>500</height>
    <depth>1</depth>
  </size>
  <segmented>0</segmented>
  <object>
    <name>ship</name>
    <pose>Unspecified</pose>
    <truncated>0</truncated>
    <difficult>0</difficult>
    <bndbox>
      <xmin>200</xmin>
      <ymin>241</ymin>
      <xmax>231</xmax>
      <ymax>255</ymax>
      <x1>200</x1>
      <y1>241</y1>
      <x2>200</x2>
      <y2>255</y2>
      <x3>231</x3>
      <y3>255</y3>
      <x4>231</x4>
      <y4>241</y4>
    </bndbox>
  </object>
</annotation>
