<annotation>
  <folder>DATA</folder>
  <filename>000368.png</filename>
  <source>
    <database>Unknown</database>
  </source>
  <size>
    <width>500</width>
    <height>500</height>
    <depth>1</depth>
  </size>
  <segmented>0</segmented>
  <object>
    <name>ship</name>
    <pose>Unspecified</pose>
    <truncated>0</truncated>
    <difficult>0</difficult>
    <bndbox>
      <xmin>265</xmin>
      <ymin>291</ymin>
      <xmax>288</xmax>
      <ymax>329</ymax>
      <x1>265</x1>
      <y1>291</y1>
      <x2>265</x2>
      <y2>329</y2>
      <x3>288</x3>
      <y3>329</y3>
      <x4>288</x4>
      <y4>291</y4>
    </bndbox>
  </object>
  <object>
    <name>ship</name>
    <pose>Unspecified</pose>
    <truncated>0</truncated>
    <difficult>1</difficult>
    <bndbox>
      <xmin>233</xmin>
      <ymin>73</ymin>
      <xmax>245</xmax>
      <ymax>90</ymax>
      <x1>233</x1>
      <y1>73</y1>
      <x2>233</x2>
      <y2>90</y2>
      <x3>245</x3>
      <y3>90</y3>
      <x4>245</x4>
      <y4>73</y4>
    </bndbox>
  </object>
  <object>
    <name>ship</name>
    <pose>Unspecified</pose>
    <truncated>0</truncated>
    <difficult>0</difficult>
    <bndbox>
      <xmin>305</xmin>
      <ymin>179</ymin>
      <xmax>315</xmax>
      <ymax>194</ymax>
      <x1>305</x1>
      <y1>179</y1>
      <x2>305</x2>
      <y2>194</y2>
      <x3>315</x3>
      <y3>194</y3>
      <x4>315</x4>
      <y4>179</y4>
    </bndbox>
  </object>
</annotation>
