<annotation>
  <folder>DATA</folder>
  <filename>000394.png</filename>
  <source>
    <database>Unknown</database>
  </source>
  <size>
    <width>500</width>
    <height>500</height>
    <depth>1</depth>
  </size>
  <segmented>0</segmented>
  <object>
    <name>ship</name>
    <pose>Unspecified</pose>
    <truncated>0</truncated>
    <difficult>0</difficult>
    <bndbox>
      <xmin>241</xmin>
      <ymin>262</ymin>
      <xmax>265</xmax>
      <ymax>275</ymax>
      <x1>241</x1>
      <y1>262</y1>
      <x2>241</x2>
      <y2>275</y2>
      <x3>265</x3>
      <y3>275</y3>
      <x4>265</x4>
      <y4>262</y4>
    </bndbox>
  </object>
</annotation>
