<annotation>
  <folder>DATA</folder>
  <filename>000360.png</filename>
  <source>
    <database>Unknown</database>
  </source>
  <size>
    <width>500</width>
    <height>500</height>
    <depth>1</depth>
  </size>
  <segmented>0</segmented>
  <object>
    <name>ship</name>
    <pose>Unspecified</pose>
    <truncated>0</truncated>
    <difficult>0</difficult>
    <bndbox>
      <xmin>142</xmin>
      <ymin>277</ymin>
      <xmax>165</xmax>
      <ymax>290</ymax>
      <x1>142</x1>
      <y1>277</y1>
      <x2>142</x2>
      <y2>290</y2>
      <x3>165</x3>
      <y3>290</y3>
      <x4>165</x4>
      <y4>277</y4>
    </bndbox>
  </object>
  <object>
    <name>ship</name>
    <pose>Unspecified</pose>
    <truncated>0</truncated>
    <difficult>0</difficult>
    <bndbox>
      <xmin>365</xmin>
      <ymin>186</ymin>
      <xmax>389</xmax>
      <ymax>198</ymax>
      <x1>365</x1>
      <y1>186</y1>
      <x2>365</x2>
      <y2>198</y2>
      <x3>389</x3>
      <y3>198</y3>
      <x4>389</x4>
      <y4>186</y4>
    </bndbox>
  </object>
</annotation>
