<annotation>
  <folder>DATA</folder>
  <filename>000303.png</filename>
  <source>
    <database>Unknown</database>
  </source>
  <size>
    <width>500</width>
    <height>500</height>
    <depth>1</depth>
  </size>
  <segmented>0</segmented>
  <object>
    <name>ship</name>
    <pose>Unspecified</pose>
    <truncated>0</truncated>
    <difficult>0</difficult>
    <bndbox>
      <xmin>62</xmin>
      <ymin>120</ymin>
      <xmax>103</xmax>
      <ymax>141</ymax>
      <x1>62</x1>
      <y1>120</y1>
      <x2>62</x2>
      <y2>141</y2>
      <x3>103</x3>
      <y3>141</y3>
      <x4>103</x4>
      <y4>120</y4>
    </bndbox>
  </object>
  <object>
    <name>ship</name>
    <pose>Unspecified</pose>
    <truncated>0</truncated>
    <difficult>0</difficult>
    <bndbox>
      <xmin>133</xmin>
      <ymin>127</ymin>
      <xmax>154</xmax>
      <ymax>149</ymax>
      <x1>133</x1>
      <y1>127</y1>
      <x2>133</x2>
      <y2>149</y2>
      <x3>154</x3>
      <y3>149</y3>
      <x4>154</x4>
      <y4>127</y4>
    </bndbox>
  </object>
  <object>
    <name>ship</name>
    <pose>Unspecified</pose>
    <truncated>0</truncated>
    <difficult>0</difficult>
    <bndbox>
      <xmin>290</xmin>
      <ymin>128</ymin>
      <xmax>331</xmax>
      <ymax>148</ymax>
      <x1>290</x1>
      <y1>128</y1>
      <x2>290</x2>
      <y2>148</y2>
      <x3>331</x3>
      <y3>148</y3>
      <x4>331</x4>
      <y4>128</y4>
    </bndbox>
  </object>
  <object>
    <name>ship</name>
    <pose>Unspecified</pose>
    <truncated>0</truncated>
    <difficult>0</difficult>
    <bndbox>
      <xmin>201</xmin>
      <ymin>418</ymin>
      <xmax>256</xmax>
      <ymax>443</ymax>
      <x1>201</x1>
      <y1>418</y1>
      <x2>201</x2>
      <y2>443</y2>
      <x3>256</x3>
      <y3>443</y3>
      <x4>256</x4>
      <y4>418</y4>
    </bndbox>
  </object>
</annotation>
