<annotation>
  <folder>DATA</folder>
  <filename>000307.png</filename>
  <source>
    <database>Unknown</database>
  </source>
  <size>
    <width>500</width>
    <height>500</height>
    <depth>1</depth>
  </size>
  <segmented>0</segmented>
  <object>
    <name>ship</name>
    <pose>Unspecified</pose>
    <truncated>0</truncated>
    <difficult>0</difficult>
    <bndbox>
      <xmin>189</xmin>
      <ymin>143</ymin>
      <xmax>221</xmax>
      <ymax>159</ymax>
      <x1>189</x1>
      <y1>143</y1>
      <x2>189</x2>
      <y2>159</y2>
      <x3>221</x3>
      <y3>159</y3>
      <x4>221</x4>
      <y4>143</y4>
    </bndbox>
  </object>
  <object>
    <name>ship</name>
    <pose>Unspecified</pose>
    <truncated>0</truncated>
    <difficult>0</difficult>
    <bndbox>
      <xmin>128</xmin>
      <ymin>345</ymin>
      <xmax>162</xmax>
      <ymax>366</ymax>
      <x1>128</x1>
      <y1>345</y1>
      <x2>128</x2>
      <y2>366</y2>
      <x3>162</x3>
      <y3>366</y3>
      <x4>162</x4>
      <y4>345</y4>
    </bndbox>
  </object>
  <object>
    <name>ship</name>
    <pose>Unspecified</pose>
    <truncated>0</truncated>
    <difficult>0</difficult>
    <bndbox>
      <xmin>292</xmin>
      <ymin>211</ymin>
      <xmax>315</xmax>
      <ymax>224</ymax>
      <x1>292</x1>
      <y1>211</y1>
      <x2>292</x2>
      <y2>224</y2>
      <x3>315</x3>
      <y3>224</y3>
      <x4>315</x4>
      <y4>211</y4>
    </bndbox>
  </object>
  <object>
    <name>ship</name>
    <pose>Unspecified</pose>
    <truncated>0</truncated>
    <difficult>0</difficult>
    <bndbox>
      <xmin>348</xmin>
      <ymin>377</ymin>
      <xmax>381</xmax>
      <ymax>389</ymax>
      <x1>348</x1>
      <y1>377</y1>
      <x2>348</x2>
      <y2>389</y2>
      <x3>381</x3>
      <y3>389</y3>
      <x4>381</x4>
      <y4>377</y4>
    </bndbox>
  </object>
</annotation>
