<annotation>
  <folder>DATA</folder>
  <filename>000373.png</filename>
  <source>
    <database>Unknown</database>
  </source>
  <size>
    <width>500</width>
    <height>500</height>
    <depth>1</depth>
  </size>
  <segmented>0</segmented>
  <object>
    <name>ship</name>
    <pose>Unspecified</pose>
    <truncated>0</truncated>
    <difficult>0</difficult>
    <bndbox>
      <xmin>165</xmin>
      <ymin>286</ymin>
      <xmax>173</xmax>
      <ymax>314</ymax>
      <x1>165</x1>
      <y1>286</y1>
      <x2>165</x2>
      <y2>314</y2>
      <x3>173</x3>
      <y3>314</y3>
      <x4>173</x4>
      <y4>286</y4>
    </bndbox>
  </object>
</annotation>
