<annotation>
  <folder>DATA</folder>
  <filename>000300.png</filename>
  <source>
    <database>Unknown</database>
  </source>
  <size>
    <width>500</width>
    <height>500</height>
    <depth>1</depth>
  </size>
  <segmented>0</segmented>
  <object>
    <name>ship</name>
    <pose>Unspecified</pose>
    <truncated>0</truncated>
    <difficult>0</difficult>
    <bndbox>
      <xmin>184</xmin>
      <ymin>180</ymin>
      <xmax>229</xmax>
      <ymax>196</ymax>
      <x1>184</x1>
      <y1>180</y1>
      <x2>184</x2>
      <y2>196</y2>
      <x3>229</x3>
      <y3>196</y3>
      <x4>229</x4>
      <y4>180</y4>
    </bndbox>
  </object>
  <object>
    <name>ship</name>
    <pose>Unspecified</pose>
    <truncated>0</truncated>
    <difficult>0</difficult>
    <bndbox>
      <xmin>149</xmin>
      <ymin>143</ymin>
      <xmax>173</xmax>
      <ymax>157</ymax>
      <x1>149</x1>
      <y1>143</y1>
      <x2>149</x2>
      <y2>157</y2>
      <x3>173</x3>
      <y3>157</y3>
      <x4>173</x4>
      <y4>143</y4>
    </bndbox>
  </object>
</annotation>
