<annotation>
  <folder>DATA</folder>
  <filename>000305.png</filename>
  <source>
    <database>Unknown</database>
  </source>
  <size>
    <width>500</width>
    <height>500</height>
    <depth>1</depth>
  </size>
  <segmented>0</segmented>
  <object>
    <name>ship</name>
    <pose>Unspecified</pose>
    <truncated>0</truncated>
    <difficult>0</difficult>
    <bndbox>
      <xmin>312</xmin>
      <ymin>24</ymin>
      <xmax>356</xmax>
      <ymax>46</ymax>
      <x1>312</x1>
      <y1>24</y1>
      <x2>312</x2>
      <y2>46</y2>
      <x3>356</x3>
      <y3>46</y3>
      <x4>356</x4>
      <y4>24</y4>
    </bndbox>
  </object>
  <object>
    <name>ship</name>
    <pose>Unspecified</pose>
    <truncated>0</truncated>
    <difficult>0</difficult>
    <bndbox>
      <xmin>166</xmin>
      <ymin>176</ymin>
      <xmax>196</xmax>
      <ymax>189</ymax>
      <x1>166</x1>
      <y1>176</y1>
      <x2>166</x2>
      <y2>189</y2>
      <x3>196</x3>
      <y3>189</y3>
      <x4>196</x4>
      <y4>176</y4>
    </bndbox>
  </object>
  <object>
    <name>ship</name>
    <pose>Unspecified</pose>
    <truncated>0</truncated>
    <difficult>0</difficult>
    <bndbox>
      <xmin>85</xmin>
      <ymin>324</ymin>
      <xmax>121</xmax>
      <ymax>349</ymax>
      <x1>85</x1>
      <y1>324</y1>
      <x2>85</x2>
      <y2>349</y2>
      <x3>121</x3>
      <y3>349</y3>
      <x4>121</x4>
      <y4>324</y4>
    </bndbox>
  </object>
  <object>
    <name>ship</name>
    <pose>Unspecified</pose>
    <truncated>0</truncated>
    <difficult>0</difficult>
    <bndbox>
      <xmin>245</xmin>
      <ymin>381</ymin>
      <xmax>281</xmax>
      <ymax>397</ymax>
      <x1>245</x1>
      <y1>381</y1>
      <x2>245</x2>
      <y2>397</y2>
      <x3>281</x3>
      <y3>397</y3>
      <x4>281</x4>
      <y4>381</y4>
    </bndbox>
  </object>
</annotation>
