<annotation>
  <folder>DATA</folder>
  <filename>000393.png</filename>
  <source>
    <database>Unknown</database>
  </source>
  <size>
    <width>500</width>
    <height>500</height>
    <depth>1</depth>
  </size>
  <segmented>0</segmented>
  <object>
    <name>ship</name>
    <pose>Unspecified</pose>
    <truncated>0</truncated>
    <difficult>0</difficult>
    <bndbox>
      <xmin>149</xmin>
      <ymin>257</ymin>
      <xmax>178</xmax>
      <ymax>271</ymax>
      <x1>149</x1>
      <y1>257</y1>
      <x2>149</x2>
      <y2>271</y2>
      <x3>178</x3>
      <y3>271</y3>
      <x4>178</x4>
      <y4>257</y4>
    </bndbox>
  </object>
</annotation>
