<annotation>
  <folder>DATA</folder>
  <filename>000339.png</filename>
  <source>
    <database>Unknown</database>
  </source>
  <size>
    <width>500</width>
    <height>500</height>
    <depth>1</depth>
  </size>
  <segmented>0</segmented>
  <object>
    <name>ship</name>
    <pose>Unspecified</pose>
    <truncated>0</truncated>
    <difficult>0</difficult>
    <bndbox>
      <xmin>86</xmin>
      <ymin>257</ymin>
      <xmax>100</xmax>
      <ymax>296</ymax>
      <x1>86</x1>
      <y1>257</y1>
      <x2>86</x2>
      <y2>296</y2>
      <x3>100</x3>
      <y3>296</y3>
      <x4>100</x4>
      <y4>257</y4>
    </bndbox>
  </object>
</annotation>
