<annotation>
  <folder>DATA</folder>
  <filename>000316.png</filename>
  <source>
    <database>Unknown</database>
  </source>
  <size>
    <width>500</width>
    <height>500</height>
    <depth>1</depth>
  </size>
  <segmented>0</segmented>
  <object>
    <name>ship</name>
    <pose>Unspecified</pose>
    <truncated>0</truncated>
    <difficult>0</difficult>
    <bndbox>
      <xmin>91</xmin>
      <ymin>31</ymin>
      <xmax>142</xmax>
      <ymax>57</ymax>
      <x1>91</x1>
      <y1>31</y1>
      <x2>91</x2>
      <y2>57</y2>
      <x3>142</x3>
      <y3>57</y3>
      <x4>142</x4>
      <y4>31</y4>
    </bndbox>
  </object>
  <object>
    <name>ship</name>
    <pose>Unspecified</pose>
    <truncated>0</truncated>
    <difficult>0</difficult>
    <bndbox>
      <xmin>35</xmin>
      <ymin>156</ymin>
      <xmax>69</xmax>
      <ymax>170</ymax>
      <x1>35</x1>
      <y1>156</y1>
      <x2>35</x2>
      <y2>170</y2>
      <x3>69</x3>
      <y3>170</y3>
      <x4>69</x4>
      <y4>156</y4>
    </bndbox>
  </object>
  <object>
    <name>ship</name>
    <pose>Unspecified</pose>
    <truncated>0</truncated>
    <difficult>0</difficult>
    <bndbox>
      <xmin>99</xmin>
      <ymin>303</ymin>
      <xmax>134</xmax>
      <ymax>321</ymax>
      <x1>99</x1>
      <y1>303</y1>
      <x2>99</x2>
      <y2>321</y2>
      <x3>134</x3>
      <y3>321</y3>
      <x4>134</x4>
      <y4>303</y4>
    </bndbox>
  </object>
  <object>
    <name>ship</name>
    <pose>Unspecified</pose>
    <truncated>0</truncated>
    <difficult>0</difficult>
    <bndbox>
      <xmin>47</xmin>
      <ymin>399</ymin>
      <xmax>83</xmax>
      <ymax>419</ymax>
      <x1>47</x1>
      <y1>399</y1>
      <x2>47</x2>
      <y2>419</y2>
      <x3>83</x3>
      <y3>419</y3>
      <x4>83</x4>
      <y4>399</y4>
    </bndbox>
  </object>
  <object>
    <name>ship</name>
    <pose>Unspecified</pose>
    <truncated>0</truncated>
    <difficult>0</difficult>
    <bndbox>
      <xmin>255</xmin>
      <ymin>469</ymin>
      <xmax>289</xmax>
      <ymax>482</ymax>
      <x1>255</x1>
      <y1>469</y1>
      <x2>255</x2>
      <y2>482</y2>
      <x3>289</x3>
      <y3>482</y3>
      <x4>289</x4>
      <y4>469</y4>
    </bndbox>
  </object>
  <object>
    <name>ship</name>
    <pose>Unspecified</pose>
    <truncated>0</truncated>
    <difficult>0</difficult>
    <bndbox>
      <xmin>216</xmin>
      <ymin>227</ymin>
      <xmax>242</xmax>
      <ymax>240</ymax>
      <x1>216</x1>
      <y1>227</y1>
      <x2>216</x2>
      <y2>240</y2>
      <x3>242</x3>
      <y3>240</y3>
      <x4>242</x4>
      <y4>227</y4>
    </bndbox>
  </object>
</annotation>
