<annotation>
  <folder>DATA</folder>
  <filename>000378.png</filename>
  <source>
    <database>Unknown</database>
  </source>
  <size>
    <width>500</width>
    <height>500</height>
    <depth>1</depth>
  </size>
  <segmented>0</segmented>
  <object>
    <name>ship</name>
    <pose>Unspecified</pose>
    <truncated>0</truncated>
    <difficult>0</difficult>
    <bndbox>
      <xmin>164</xmin>
      <ymin>272</ymin>
      <xmax>180</xmax>
      <ymax>297</ymax>
      <x1>164</x1>
      <y1>272</y1>
      <x2>164</x2>
      <y2>297</y2>
      <x3>180</x3>
      <y3>297</y3>
      <x4>180</x4>
      <y4>272</y4>
    </bndbox>
  </object>
</annotation>
