<annotation>
  <folder>DATA</folder>
  <filename>000324.png</filename>
  <source>
    <database>Unknown</database>
  </source>
  <size>
    <width>500</width>
    <height>500</height>
    <depth>1</depth>
  </size>
  <segmented>0</segmented>
  <object>
    <name>ship</name>
    <pose>Unspecified</pose>
    <truncated>0</truncated>
    <difficult>0</difficult>
    <bndbox>
      <xmin>95</xmin>
      <ymin>246</ymin>
      <xmax>150</xmax>
      <ymax>277</ymax>
      <x1>95</x1>
      <y1>246</y1>
      <x2>95</x2>
      <y2>277</y2>
      <x3>150</x3>
      <y3>277</y3>
      <x4>150</x4>
      <y4>246</y4>
    </bndbox>
  </object>
  <object>
    <name>ship</name>
    <pose>Unspecified</pose>
    <truncated>0</truncated>
    <difficult>0</difficult>
    <bndbox>
      <xmin>268</xmin>
      <ymin>304</ymin>
      <xmax>321</xmax>
      <ymax>319</ymax>
      <x1>268</x1>
      <y1>304</y1>
      <x2>268</x2>
      <y2>319</y2>
      <x3>321</x3>
      <y3>319</y3>
      <x4>321</x4>
      <y4>304</y4>
    </bndbox>
  </object>
</annotation>
