<annotation>
  <folder>DATA</folder>
  <filename>000347.png</filename>
  <source>
    <database>Unknown</database>
  </source>
  <size>
    <width>500</width>
    <height>500</height>
    <depth>1</depth>
  </size>
  <segmented>0</segmented>
  <object>
    <name>ship</name>
    <pose>Unspecified</pose>
    <truncated>0</truncated>
    <difficult>0</difficult>
    <bndbox>
      <xmin>310</xmin>
      <ymin>245</ymin>
      <xmax>321</xmax>
      <ymax>266</ymax>
      <x1>310</x1>
      <y1>245</y1>
      <x2>310</x2>
      <y2>266</y2>
      <x3>321</x3>
      <y3>266</y3>
      <x4>321</x4>
      <y4>245</y4>
    </bndbox>
  </object>
</annotation>
