<annotation>
  <folder>DATA</folder>
  <filename>000361.png</filename>
  <source>
    <database>Unknown</database>
  </source>
  <size>
    <width>500</width>
    <height>500</height>
    <depth>1</depth>
  </size>
  <segmented>0</segmented>
  <object>
    <name>ship</name>
    <pose>Unspecified</pose>
    <truncated>0</truncated>
    <difficult>0</difficult>
    <bndbox>
      <xmin>235</xmin>
      <ymin>265</ymin>
      <xmax>257</xmax>
      <ymax>292</ymax>
      <x1>235</x1>
      <y1>265</y1>
      <x2>235</x2>
      <y2>292</y2>
      <x3>257</x3>
      <y3>292</y3>
      <x4>257</x4>
      <y4>265</y4>
    </bndbox>
  </object>
  <object>
    <name>ship</name>
    <pose>Unspecified</pose>
    <truncated>0</truncated>
    <difficult>0</difficult>
    <bndbox>
      <xmin>341</xmin>
      <ymin>248</ymin>
      <xmax>367</xmax>
      <ymax>269</ymax>
      <x1>341</x1>
      <y1>248</y1>
      <x2>341</x2>
      <y2>269</y2>
      <x3>367</x3>
      <y3>269</y3>
      <x4>367</x4>
      <y4>248</y4>
    </bndbox>
  </object>
  <object>
    <name>ship</name>
    <pose>Unspecified</pose>
    <truncated>0</truncated>
    <difficult>0</difficult>
    <bndbox>
      <xmin>359</xmin>
      <ymin>401</ymin>
      <xmax>388</xmax>
      <ymax>413</ymax>
      <x1>359</x1>
      <y1>401</y1>
      <x2>359</x2>
      <y2>413</y2>
      <x3>388</x3>
      <y3>413</y3>
      <x4>388</x4>
      <y4>401</y4>
    </bndbox>
  </object>
</annotation>
