<annotation>
  <folder>DATA</folder>
  <filename>000313.png</filename>
  <source>
    <database>Unknown</database>
  </source>
  <size>
    <width>500</width>
    <height>500</height>
    <depth>1</depth>
  </size>
  <segmented>0</segmented>
  <object>
    <name>ship</name>
    <pose>Unspecified</pose>
    <truncated>0</truncated>
    <difficult>0</difficult>
    <bndbox>
      <xmin>72</xmin>
      <ymin>361</ymin>
      <xmax>116</xmax>
      <ymax>370</ymax>
      <x1>72</x1>
      <y1>361</y1>
      <x2>72</x2>
      <y2>370</y2>
      <x3>116</x3>
      <y3>370</y3>
      <x4>116</x4>
      <y4>361</y4>
    </bndbox>
  </object>
</annotation>
