<annotation>
  <folder>DATA</folder>
  <filename>000366.png</filename>
  <source>
    <database>Unknown</database>
  </source>
  <size>
    <width>500</width>
    <height>500</height>
    <depth>1</depth>
  </size>
  <segmented>0</segmented>
  <object>
    <name>ship</name>
    <pose>Unspecified</pose>
    <truncated>0</truncated>
    <difficult>0</difficult>
    <bndbox>
      <xmin>150</xmin>
      <ymin>209</ymin>
      <xmax>169</xmax>
      <ymax>230</ymax>
      <x1>150</x1>
      <y1>209</y1>
      <x2>150</x2>
      <y2>230</y2>
      <x3>169</x3>
      <y3>230</y3>
      <x4>169</x4>
      <y4>209</y4>
    </bndbox>
  </object>
  <object>
    <name>ship</name>
    <pose>Unspecified</pose>
    <truncated>0</truncated>
    <difficult>0</difficult>
    <bndbox>
      <xmin>89</xmin>
      <ymin>257</ymin>
      <xmax>107</xmax>
      <ymax>275</ymax>
      <x1>89</x1>
      <y1>257</y1>
      <x2>89</x2>
      <y2>275</y2>
      <x3>107</x3>
      <y3>275</y3>
      <x4>107</x4>
      <y4>257</y4>
    </bndbox>
  </object>
</annotation>
