<annotation>
  <folder>DATA</folder>
  <filename>000315.png</filename>
  <source>
    <database>Unknown</database>
  </source>
  <size>
    <width>500</width>
    <height>500</height>
    <depth>1</depth>
  </size>
  <segmented>0</segmented>
  <object>
    <name>ship</name>
    <pose>Unspecified</pose>
    <truncated>0</truncated>
    <difficult>0</difficult>
    <bndbox>
      <xmin>342</xmin>
      <ymin>63</ymin>
      <xmax>358</xmax>
      <ymax>96</ymax>
      <x1>342</x1>
      <y1>63</y1>
      <x2>342</x2>
      <y2>96</y2>
      <x3>358</x3>
      <y3>96</y3>
      <x4>358</x4>
      <y4>63</y4>
    </bndbox>
  </object>
  <object>
    <name>ship</name>
    <pose>Unspecified</pose>
    <truncated>0</truncated>
    <difficult>0</difficult>
    <bndbox>
      <xmin>407</xmin>
      <ymin>78</ymin>
      <xmax>444</xmax>
      <ymax>94</ymax>
      <x1>407</x1>
      <y1>78</y1>
      <x2>407</x2>
      <y2>94</y2>
      <x3>444</x3>
      <y3>94</y3>
      <x4>444</x4>
      <y4>78</y4>
    </bndbox>
  </object>
</annotation>
