<annotation>
  <folder>DATA</folder>
  <filename>000365.png</filename>
  <source>
    <database>Unknown</database>
  </source>
  <size>
    <width>500</width>
    <height>500</height>
    <depth>1</depth>
  </size>
  <segmented>0</segmented>
  <object>
    <name>ship</name>
    <pose>Unspecified</pose>
    <truncated>0</truncated>
    <difficult>0</difficult>
    <bndbox>
      <xmin>108</xmin>
      <ymin>228</ymin>
      <xmax>126</xmax>
      <ymax>237</ymax>
      <x1>108</x1>
      <y1>228</y1>
      <x2>108</x2>
      <y2>237</y2>
      <x3>126</x3>
      <y3>237</y3>
      <x4>126</x4>
      <y4>228</y4>
    </bndbox>
  </object>
  <object>
    <name>ship</name>
    <pose>Unspecified</pose>
    <truncated>0</truncated>
    <difficult>0</difficult>
    <bndbox>
      <xmin>346</xmin>
      <ymin>152</ymin>
      <xmax>362</xmax>
      <ymax>161</ymax>
      <x1>346</x1>
      <y1>152</y1>
      <x2>346</x2>
      <y2>161</y2>
      <x3>362</x3>
      <y3>161</y3>
      <x4>362</x4>
      <y4>152</y4>
    </bndbox>
  </object>
  <object>
    <name>ship</name>
    <pose>Unspecified</pose>
    <truncated>0</truncated>
    <difficult>0</difficult>
    <bndbox>
      <xmin>92</xmin>
      <ymin>346</ymin>
      <xmax>126</xmax>
      <ymax>362</ymax>
      <x1>92</x1>
      <y1>346</y1>
      <x2>92</x2>
      <y2>362</y2>
      <x3>126</x3>
      <y3>362</y3>
      <x4>126</x4>
      <y4>346</y4>
    </bndbox>
  </object>
</annotation>
