<annotation>
  <folder>DATA</folder>
  <filename>000330.png</filename>
  <source>
    <database>Unknown</database>
  </source>
  <size>
    <width>500</width>
    <height>500</height>
    <depth>1</depth>
  </size>
  <segmented>0</segmented>
  <object>
    <name>ship</name>
    <pose>Unspecified</pose>
    <truncated>0</truncated>
    <difficult>0</difficult>
    <bndbox>
      <xmin>270</xmin>
      <ymin>195</ymin>
      <xmax>296</xmax>
      <ymax>219</ymax>
      <x1>270</x1>
      <y1>195</y1>
      <x2>270</x2>
      <y2>219</y2>
      <x3>296</x3>
      <y3>219</y3>
      <x4>296</x4>
      <y4>195</y4>
    </bndbox>
  </object>
</annotation>
