<annotation>
  <folder>DATA</folder>
  <filename>000345.png</filename>
  <source>
    <database>Unknown</database>
  </source>
  <size>
    <width>500</width>
    <height>500</height>
    <depth>1</depth>
  </size>
  <segmented>0</segmented>
  <object>
    <name>ship</name>
    <pose>Unspecified</pose>
    <truncated>0</truncated>
    <difficult>0</difficult>
    <bndbox>
      <xmin>325</xmin>
      <ymin>236</ymin>
      <xmax>345</xmax>
      <ymax>242</ymax>
      <x1>325</x1>
      <y1>236</y1>
      <x2>325</x2>
      <y2>242</y2>
      <x3>345</x3>
      <y3>242</y3>
      <x4>345</x4>
      <y4>236</y4>
    </bndbox>
  </object>
</annotation>
