<annotation>
  <folder>DATA</folder>
  <filename>000371.png</filename>
  <source>
    <database>Unknown</database>
  </source>
  <size>
    <width>500</width>
    <height>500</height>
    <depth>1</depth>
  </size>
  <segmented>0</segmented>
  <object>
    <name>ship</name>
    <pose>Unspecified</pose>
    <truncated>0</truncated>
    <difficult>0</difficult>
    <bndbox>
      <xmin>240</xmin>
      <ymin>240</ymin>
      <xmax>255</xmax>
      <ymax>256</ymax>
      <x1>240</x1>
      <y1>240</y1>
      <x2>240</x2>
      <y2>256</y2>
      <x3>255</x3>
      <y3>256</y3>
      <x4>255</x4>
      <y4>240</y4>
    </bndbox>
  </object>
  <object>
    <name>ship</name>
    <pose>Unspecified</pose>
    <truncated>0</truncated>
    <difficult>0</difficult>
    <bndbox>
      <xmin>369</xmin>
      <ymin>351</ymin>
      <xmax>394</xmax>
      <ymax>387</ymax>
      <x1>369</x1>
      <y1>351</y1>
      <x2>369</x2>
      <y2>387</y2>
      <x3>394</x3>
      <y3>387</y3>
      <x4>394</x4>
      <y4>351</y4>
    </bndbox>
  </object>
</annotation>
