<annotation>
  <folder>DATA</folder>
  <filename>000349.png</filename>
  <source>
    <database>Unknown</database>
  </source>
  <size>
    <width>500</width>
    <height>500</height>
    <depth>1</depth>
  </size>
  <segmented>0</segmented>
  <object>
    <name>ship</name>
    <pose>Unspecified</pose>
    <truncated>0</truncated>
    <difficult>0</difficult>
    <bndbox>
      <xmin>402</xmin>
      <ymin>301</ymin>
      <xmax>450</xmax>
      <ymax>322</ymax>
      <x1>402</x1>
      <y1>301</y1>
      <x2>402</x2>
      <y2>322</y2>
      <x3>450</x3>
      <y3>322</y3>
      <x4>450</x4>
      <y4>301</y4>
    </bndbox>
  </object>
</annotation>
