<annotation>
  <folder>DATA</folder>
  <filename>000329.png</filename>
  <source>
    <database>Unknown</database>
  </source>
  <size>
    <width>500</width>
    <height>500</height>
    <depth>1</depth>
  </size>
  <segmented>0</segmented>
  <object>
    <name>ship</name>
    <pose>Unspecified</pose>
    <truncated>0</truncated>
    <difficult>0</difficult>
    <bndbox>
      <xmin>188</xmin>
      <ymin>156</ymin>
      <xmax>219</xmax>
      <ymax>165</ymax>
      <x1>188</x1>
      <y1>156</y1>
      <x2>188</x2>
      <y2>165</y2>
      <x3>219</x3>
      <y3>165</y3>
      <x4>219</x4>
      <y4>156</y4>
    </bndbox>
  </object>
  <object>
    <name>ship</name>
    <pose>Unspecified</pose>
    <truncated>0</truncated>
    <difficult>0</difficult>
    <bndbox>
      <xmin>434</xmin>
      <ymin>291</ymin>
      <xmax>466</xmax>
      <ymax>298</ymax>
      <x1>434</x1>
      <y1>291</y1>
      <x2>434</x2>
      <y2>298</y2>
      <x3>466</x3>
      <y3>298</y3>
      <x4>466</x4>
      <y4>291</y4>
    </bndbox>
  </object>
</annotation>
