<annotation>
  <folder>DATA</folder>
  <filename>000319.png</filename>
  <source>
    <database>Unknown</database>
  </source>
  <size>
    <width>500</width>
    <height>500</height>
    <depth>1</depth>
  </size>
  <segmented>0</segmented>
  <object>
    <name>ship</name>
    <pose>Unspecified</pose>
    <truncated>0</truncated>
    <difficult>0</difficult>
    <bndbox>
      <xmin>251</xmin>
      <ymin>290</ymin>
      <xmax>287</xmax>
      <ymax>307</ymax>
      <x1>251</x1>
      <y1>290</y1>
      <x2>251</x2>
      <y2>307</y2>
      <x3>287</x3>
      <y3>307</y3>
      <x4>287</x4>
      <y4>290</y4>
    </bndbox>
  </object>
  <object>
    <name>ship</name>
    <pose>Unspecified</pose>
    <truncated>0</truncated>
    <difficult>0</difficult>
    <bndbox>
      <xmin>419</xmin>
      <ymin>206</ymin>
      <xmax>431</xmax>
      <ymax>220</ymax>
      <x1>419</x1>
      <y1>206</y1>
      <x2>419</x2>
      <y2>220</y2>
      <x3>431</x3>
      <y3>220</y3>
      <x4>431</x4>
      <y4>206</y4>
    </bndbox>
  </object>
</annotation>
