<annotation>
  <folder>DATA</folder>
  <filename>000321.png</filename>
  <source>
    <database>Unknown</database>
  </source>
  <size>
    <width>500</width>
    <height>500</height>
    <depth>1</depth>
  </size>
  <segmented>0</segmented>
  <object>
    <name>ship</name>
    <pose>Unspecified</pose>
    <truncated>0</truncated>
    <difficult>0</difficult>
    <bndbox>
      <xmin>159</xmin>
      <ymin>44</ymin>
      <xmax>184</xmax>
      <ymax>94</ymax>
      <x1>159</x1>
      <y1>44</y1>
      <x2>159</x2>
      <y2>94</y2>
      <x3>184</x3>
      <y3>94</y3>
      <x4>184</x4>
      <y4>44</y4>
    </bndbox>
  </object>
  <object>
    <name>ship</name>
    <pose>Unspecified</pose>
    <truncated>0</truncated>
    <difficult>0</difficult>
    <bndbox>
      <xmin>264</xmin>
      <ymin>221</ymin>
      <xmax>292</xmax>
      <ymax>231</ymax>
      <x1>264</x1>
      <y1>221</y1>
      <x2>264</x2>
      <y2>231</y2>
      <x3>292</x3>
      <y3>231</y3>
      <x4>292</x4>
      <y4>221</y4>
    </bndbox>
  </object>
</annotation>
