<annotation>
  <folder>DATA</folder>
  <filename>000325.png</filename>
  <source>
    <database>Unknown</database>
  </source>
  <size>
    <width>500</width>
    <height>500</height>
    <depth>1</depth>
  </size>
  <segmented>0</segmented>
  <object>
    <name>ship</name>
    <pose>Unspecified</pose>
    <truncated>0</truncated>
    <difficult>0</difficult>
    <bndbox>
      <xmin>369</xmin>
      <ymin>158</ymin>
      <xmax>385</xmax>
      <ymax>178</ymax>
      <x1>369</x1>
      <y1>158</y1>
      <x2>369</x2>
      <y2>178</y2>
      <x3>385</x3>
      <y3>178</y3>
      <x4>385</x4>
      <y4>158</y4>
    </bndbox>
  </object>
</annotation>
