<annotation>
  <folder>DATA</folder>
  <filename>000379.png</filename>
  <source>
    <database>Unknown</database>
  </source>
  <size>
    <width>500</width>
    <height>500</height>
    <depth>1</depth>
  </size>
  <segmented>0</segmented>
  <object>
    <name>ship</name>
    <pose>Unspecified</pose>
    <truncated>0</truncated>
    <difficult>0</difficult>
    <bndbox>
      <xmin>166</xmin>
      <ymin>138</ymin>
      <xmax>178</xmax>
      <ymax>162</ymax>
      <x1>166</x1>
      <y1>138</y1>
      <x2>166</x2>
      <y2>162</y2>
      <x3>178</x3>
      <y3>162</y3>
      <x4>178</x4>
      <y4>138</y4>
    </bndbox>
  </object>
  <object>
    <name>ship</name>
    <pose>Unspecified</pose>
    <truncated>0</truncated>
    <difficult>0</difficult>
    <bndbox>
      <xmin>311</xmin>
      <ymin>136</ymin>
      <xmax>341</xmax>
      <ymax>146</ymax>
      <x1>311</x1>
      <y1>136</y1>
      <x2>311</x2>
      <y2>146</y2>
      <x3>341</x3>
      <y3>146</y3>
      <x4>341</x4>
      <y4>136</y4>
    </bndbox>
  </object>
</annotation>
