<annotation>
  <folder>DATA</folder>
  <filename>000395.png</filename>
  <source>
    <database>Unknown</database>
  </source>
  <size>
    <width>500</width>
    <height>500</height>
    <depth>1</depth>
  </size>
  <segmented>0</segmented>
  <object>
    <name>ship</name>
    <pose>Unspecified</pose>
    <truncated>0</truncated>
    <difficult>0</difficult>
    <bndbox>
      <xmin>44</xmin>
      <ymin>127</ymin>
      <xmax>68</xmax>
      <ymax>137</ymax>
      <x1>44</x1>
      <y1>127</y1>
      <x2>44</x2>
      <y2>137</y2>
      <x3>68</x3>
      <y3>137</y3>
      <x4>68</x4>
      <y4>127</y4>
    </bndbox>
  </object>
  <object>
    <name>ship</name>
    <pose>Unspecified</pose>
    <truncated>0</truncated>
    <difficult>0</difficult>
    <bndbox>
      <xmin>381</xmin>
      <ymin>106</ymin>
      <xmax>404</xmax>
      <ymax>121</ymax>
      <x1>381</x1>
      <y1>106</y1>
      <x2>381</x2>
      <y2>121</y2>
      <x3>404</x3>
      <y3>121</y3>
      <x4>404</x4>
      <y4>106</y4>
    </bndbox>
  </object>
</annotation>
