<annotation>
  <folder>DATA</folder>
  <filename>000318.png</filename>
  <source>
    <database>Unknown</database>
  </source>
  <size>
    <width>500</width>
    <height>500</height>
    <depth>1</depth>
  </size>
  <segmented>0</segmented>
  <object>
    <name>ship</name>
    <pose>Unspecified</pose>
    <truncated>0</truncated>
    <difficult>0</difficult>
    <bndbox>
      <xmin>187</xmin>
      <ymin>328</ymin>
      <xmax>201</xmax>
      <ymax>353</ymax>
      <x1>187</x1>
      <y1>328</y1>
      <x2>187</x2>
      <y2>353</y2>
      <x3>201</x3>
      <y3>353</y3>
      <x4>201</x4>
      <y4>328</y4>
    </bndbox>
  </object>
</annotation>
