<annotation>
  <folder>DATA</folder>
  <filename>000382.png</filename>
  <source>
    <database>Unknown</database>
  </source>
  <size>
    <width>500</width>
    <height>500</height>
    <depth>1</depth>
  </size>
  <segmented>0</segmented>
  <object>
    <name>ship</name>
    <pose>Unspecified</pose>
    <truncated>0</truncated>
    <difficult>0</difficult>
    <bndbox>
      <xmin>149</xmin>
      <ymin>203</ymin>
      <xmax>163</xmax>
      <ymax>210</ymax>
      <x1>149</x1>
      <y1>203</y1>
      <x2>149</x2>
      <y2>210</y2>
      <x3>163</x3>
      <y3>210</y3>
      <x4>163</x4>
      <y4>203</y4>
    </bndbox>
  </object>
  <object>
    <name>ship</name>
    <pose>Unspecified</pose>
    <truncated>0</truncated>
    <difficult>0</difficult>
    <bndbox>
      <xmin>100</xmin>
      <ymin>219</ymin>
      <xmax>123</xmax>
      <ymax>231</ymax>
      <x1>100</x1>
      <y1>219</y1>
      <x2>100</x2>
      <y2>231</y2>
      <x3>123</x3>
      <y3>231</y3>
      <x4>123</x4>
      <y4>219</y4>
    </bndbox>
  </object>
  <object>
    <name>ship</name>
    <pose>Unspecified</pose>
    <truncated>0</truncated>
    <difficult>0</difficult>
    <bndbox>
      <xmin>274</xmin>
      <ymin>267</ymin>
      <xmax>301</xmax>
      <ymax>277</ymax>
      <x1>274</x1>
      <y1>267</y1>
      <x2>274</x2>
      <y2>277</y2>
      <x3>301</x3>
      <y3>277</y3>
      <x4>301</x4>
      <y4>267</y4>
    </bndbox>
  </object>
</annotation>
