<annotation>
  <folder>DATA</folder>
  <filename>000334.png</filename>
  <source>
    <database>Unknown</database>
  </source>
  <size>
    <width>500</width>
    <height>500</height>
    <depth>1</depth>
  </size>
  <segmented>0</segmented>
  <object>
    <name>ship</name>
    <pose>Unspecified</pose>
    <truncated>0</truncated>
    <difficult>0</difficult>
    <bndbox>
      <xmin>96</xmin>
      <ymin>276</ymin>
      <xmax>121</xmax>
      <ymax>293</ymax>
      <x1>96</x1>
      <y1>276</y1>
      <x2>96</x2>
      <y2>293</y2>
      <x3>121</x3>
      <y3>293</y3>
      <x4>121</x4>
      <y4>276</y4>
    </bndbox>
  </object>
</annotation>
