<annotation>
  <folder>DATA</folder>
  <filename>000314.png</filename>
  <source>
    <database>Unknown</database>
  </source>
  <size>
    <width>500</width>
    <height>500</height>
    <depth>1</depth>
  </size>
  <segmented>0</segmented>
  <object>
    <name>ship</name>
    <pose>Unspecified</pose>
    <truncated>0</truncated>
    <difficult>0</difficult>
    <bndbox>
      <xmin>34</xmin>
      <ymin>172</ymin>
      <xmax>80</xmax>
      <ymax>187</ymax>
      <x1>34</x1>
      <y1>172</y1>
      <x2>34</x2>
      <y2>187</y2>
      <x3>80</x3>
      <y3>187</y3>
      <x4>80</x4>
      <y4>172</y4>
    </bndbox>
  </object>
  <object>
    <name>ship</name>
    <pose>Unspecified</pose>
    <truncated>0</truncated>
    <difficult>0</difficult>
    <bndbox>
      <xmin>148</xmin>
      <ymin>446</ymin>
      <xmax>187</xmax>
      <ymax>462</ymax>
      <x1>148</x1>
      <y1>446</y1>
      <x2>148</x2>
      <y2>462</y2>
      <x3>187</x3>
      <y3>462</y3>
      <x4>187</x4>
      <y4>446</y4>
    </bndbox>
  </object>
</annotation>
