<annotation>
  <folder>DATA</folder>
  <filename>000353.png</filename>
  <source>
    <database>Unknown</database>
  </source>
  <size>
    <width>500</width>
    <height>500</height>
    <depth>1</depth>
  </size>
  <segmented>0</segmented>
  <object>
    <name>ship</name>
    <pose>Unspecified</pose>
    <truncated>0</truncated>
    <difficult>0</difficult>
    <bndbox>
      <xmin>93</xmin>
      <ymin>54</ymin>
      <xmax>101</xmax>
      <ymax>73</ymax>
      <x1>93</x1>
      <y1>54</y1>
      <x2>93</x2>
      <y2>73</y2>
      <x3>101</x3>
      <y3>73</y3>
      <x4>101</x4>
      <y4>54</y4>
    </bndbox>
  </object>
  <object>
    <name>ship</name>
    <pose>Unspecified</pose>
    <truncated>0</truncated>
    <difficult>0</difficult>
    <bndbox>
      <xmin>370</xmin>
      <ymin>220</ymin>
      <xmax>393</xmax>
      <ymax>242</ymax>
      <x1>370</x1>
      <y1>220</y1>
      <x2>370</x2>
      <y2>242</y2>
      <x3>393</x3>
      <y3>242</y3>
      <x4>393</x4>
      <y4>220</y4>
    </bndbox>
  </object>
</annotation>
