<annotation>
  <folder>DATA</folder>
  <filename>000356.png</filename>
  <source>
    <database>Unknown</database>
  </source>
  <size>
    <width>500</width>
    <height>500</height>
    <depth>1</depth>
  </size>
  <segmented>0</segmented>
  <object>
    <name>ship</name>
    <pose>Unspecified</pose>
    <truncated>0</truncated>
    <difficult>0</difficult>
    <bndbox>
      <xmin>270</xmin>
      <ymin>168</ymin>
      <xmax>285</xmax>
      <ymax>191</ymax>
      <x1>270</x1>
      <y1>168</y1>
      <x2>270</x2>
      <y2>191</y2>
      <x3>285</x3>
      <y3>191</y3>
      <x4>285</x4>
      <y4>168</y4>
    </bndbox>
  </object>
  <object>
    <name>ship</name>
    <pose>Unspecified</pose>
    <truncated>0</truncated>
    <difficult>1</difficult>
    <bndbox>
      <xmin>280</xmin>
      <ymin>261</ymin>
      <xmax>287</xmax>
      <ymax>277</ymax>
      <x1>280</x1>
      <y1>261</y1>
      <x2>280</x2>
      <y2>277</y2>
      <x3>287</x3>
      <y3>277</y3>
      <x4>287</x4>
      <y4>261</y4>
    </bndbox>
  </object>
  <object>
    <name>ship</name>
    <pose>Unspecified</pose>
    <truncated>0</truncated>
    <difficult>0</difficult>
    <bndbox>
      <xmin>154</xmin>
      <ymin>334</ymin>
      <xmax>166</xmax>
      <ymax>363</ymax>
      <x1>154</x1>
      <y1>334</y1>
      <x2>154</x2>
      <y2>363</y2>
      <x3>166</x3>
      <y3>363</y3>
      <x4>166</x4>
      <y4>334</y4>
    </bndbox>
  </object>
</annotation>
