<annotation>
  <folder>DATA</folder>
  <filename>000352.png</filename>
  <source>
    <database>Unknown</database>
  </source>
  <size>
    <width>500</width>
    <height>500</height>
    <depth>1</depth>
  </size>
  <segmented>0</segmented>
  <object>
    <name>ship</name>
    <pose>Unspecified</pose>
    <truncated>0</truncated>
    <difficult>0</difficult>
    <bndbox>
      <xmin>195</xmin>
      <ymin>414</ymin>
      <xmax>219</xmax>
      <ymax>431</ymax>
      <x1>195</x1>
      <y1>414</y1>
      <x2>195</x2>
      <y2>431</y2>
      <x3>219</x3>
      <y3>431</y3>
      <x4>219</x4>
      <y4>414</y4>
    </bndbox>
  </object>
</annotation>
