<annotation>
  <folder>DATA</folder>
  <filename>000399.png</filename>
  <source>
    <database>Unknown</database>
  </source>
  <size>
    <width>500</width>
    <height>500</height>
    <depth>1</depth>
  </size>
  <segmented>0</segmented>
  <object>
    <name>ship</name>
    <pose>Unspecified</pose>
    <truncated>0</truncated>
    <difficult>0</difficult>
    <bndbox>
      <xmin>220</xmin>
      <ymin>226</ymin>
      <xmax>244</xmax>
      <ymax>237</ymax>
      <x1>220</x1>
      <y1>226</y1>
      <x2>220</x2>
      <y2>237</y2>
      <x3>244</x3>
      <y3>237</y3>
      <x4>244</x4>
      <y4>226</y4>
    </bndbox>
  </object>
</annotation>
