<annotation>
  <folder>DATA</folder>
  <filename>000301.png</filename>
  <source>
    <database>Unknown</database>
  </source>
  <size>
    <width>500</width>
    <height>500</height>
    <depth>1</depth>
  </size>
  <segmented>0</segmented>
  <object>
    <name>ship</name>
    <pose>Unspecified</pose>
    <truncated>0</truncated>
    <difficult>0</difficult>
    <bndbox>
      <xmin>267</xmin>
      <ymin>127</ymin>
      <xmax>298</xmax>
      <ymax>148</ymax>
      <x1>267</x1>
      <y1>127</y1>
      <x2>267</x2>
      <y2>148</y2>
      <x3>298</x3>
      <y3>148</y3>
      <x4>298</x4>
      <y4>127</y4>
    </bndbox>
  </object>
  <object>
    <name>ship</name>
    <pose>Unspecified</pose>
    <truncated>0</truncated>
    <difficult>0</difficult>
    <bndbox>
      <xmin>246</xmin>
      <ymin>248</ymin>
      <xmax>270</xmax>
      <ymax>262</ymax>
      <x1>246</x1>
      <y1>248</y1>
      <x2>246</x2>
      <y2>262</y2>
      <x3>270</x3>
      <y3>262</y3>
      <x4>270</x4>
      <y4>248</y4>
    </bndbox>
  </object>
  <object>
    <name>ship</name>
    <pose>Unspecified</pose>
    <truncated>0</truncated>
    <difficult>0</difficult>
    <bndbox>
      <xmin>322</xmin>
      <ymin>377</ymin>
      <xmax>344</xmax>
      <ymax>392</ymax>
      <x1>322</x1>
      <y1>377</y1>
      <x2>322</x2>
      <y2>392</y2>
      <x3>344</x3>
      <y3>392</y3>
      <x4>344</x4>
      <y4>377</y4>
    </bndbox>
  </object>
</annotation>
