<annotation>
  <folder>DATA</folder>
  <filename>000335.png</filename>
  <source>
    <database>Unknown</database>
  </source>
  <size>
    <width>500</width>
    <height>500</height>
    <depth>1</depth>
  </size>
  <segmented>0</segmented>
  <object>
    <name>ship</name>
    <pose>Unspecified</pose>
    <truncated>0</truncated>
    <difficult>0</difficult>
    <bndbox>
      <xmin>223</xmin>
      <ymin>177</ymin>
      <xmax>238</xmax>
      <ymax>195</ymax>
      <x1>223</x1>
      <y1>177</y1>
      <x2>223</x2>
      <y2>195</y2>
      <x3>238</x3>
      <y3>195</y3>
      <x4>238</x4>
      <y4>177</y4>
    </bndbox>
  </object>
  <object>
    <name>ship</name>
    <pose>Unspecified</pose>
    <truncated>0</truncated>
    <difficult>0</difficult>
    <bndbox>
      <xmin>281</xmin>
      <ymin>102</ymin>
      <xmax>311</xmax>
      <ymax>136</ymax>
      <x1>281</x1>
      <y1>102</y1>
      <x2>281</x2>
      <y2>136</y2>
      <x3>311</x3>
      <y3>136</y3>
      <x4>311</x4>
      <y4>102</y4>
    </bndbox>
  </object>
  <object>
    <name>ship</name>
    <pose>Unspecified</pose>
    <truncated>0</truncated>
    <difficult>0</difficult>
    <bndbox>
      <xmin>217</xmin>
      <ymin>379</ymin>
      <xmax>234</xmax>
      <ymax>398</ymax>
      <x1>217</x1>
      <y1>379</y1>
      <x2>217</x2>
      <y2>398</y2>
      <x3>234</x3>
      <y3>398</y3>
      <x4>234</x4>
      <y4>379</y4>
    </bndbox>
  </object>
</annotation>
