<annotation>
  <folder>DATA</folder>
  <filename>000350.png</filename>
  <source>
    <database>Unknown</database>
  </source>
  <size>
    <width>500</width>
    <height>500</height>
    <depth>1</depth>
  </size>
  <segmented>0</segmented>
  <object>
    <name>ship</name>
    <pose>Unspecified</pose>
    <truncated>0</truncated>
    <difficult>0</difficult>
    <bndbox>
      <xmin>171</xmin>
      <ymin>383</ymin>
      <xmax>204</xmax>
      <ymax>393</ymax>
      <x1>171</x1>
      <y1>383</y1>
      <x2>171</x2>
      <y2>393</y2>
      <x3>204</x3>
      <y3>393</y3>
      <x4>204</x4>
      <y4>383</y4>
    </bndbox>
  </object>
</annotation>
