<annotation>
  <folder>DATA</folder>
  <filename>000351.png</filename>
  <source>
    <database>Unknown</database>
  </source>
  <size>
    <width>500</width>
    <height>500</height>
    <depth>1</depth>
  </size>
  <segmented>0</segmented>
  <object>
    <name>ship</name>
    <pose>Unspecified</pose>
    <truncated>0</truncated>
    <difficult>0</difficult>
    <bndbox>
      <xmin>138</xmin>
      <ymin>261</ymin>
      <xmax>149</xmax>
      <ymax>284</ymax>
      <x1>138</x1>
      <y1>261</y1>
      <x2>138</x2>
      <y2>284</y2>
      <x3>149</x3>
      <y3>284</y3>
      <x4>149</x4>
      <y4>261</y4>
    </bndbox>
  </object>
</annotation>
