<annotation>
  <folder>DATA</folder>
  <filename>000390.png</filename>
  <source>
    <database>Unknown</database>
  </source>
  <size>
    <width>500</width>
    <height>500</height>
    <depth>1</depth>
  </size>
  <segmented>0</segmented>
  <object>
    <name>ship</name>
    <pose>Unspecified</pose>
    <truncated>0</truncated>
    <difficult>0</difficult>
    <bndbox>
      <xmin>182</xmin>
      <ymin>219</ymin>
      <xmax>218</xmax>
      <ymax>245</ymax>
      <x1>182</x1>
      <y1>219</y1>
      <x2>182</x2>
      <y2>245</y2>
      <x3>218</x3>
      <y3>245</y3>
      <x4>218</x4>
      <y4>219</y4>
    </bndbox>
  </object>
</annotation>
