<annotation>
  <folder>DATA</folder>
  <filename>000322.png</filename>
  <source>
    <database>Unknown</database>
  </source>
  <size>
    <width>500</width>
    <height>500</height>
    <depth>1</depth>
  </size>
  <segmented>0</segmented>
  <object>
    <name>ship</name>
    <pose>Unspecified</pose>
    <truncated>0</truncated>
    <difficult>0</difficult>
    <bndbox>
      <xmin>124</xmin>
      <ymin>57</ymin>
      <xmax>175</xmax>
      <ymax>73</ymax>
      <x1>124</x1>
      <y1>57</y1>
      <x2>124</x2>
      <y2>73</y2>
      <x3>175</x3>
      <y3>73</y3>
      <x4>175</x4>
      <y4>57</y4>
    </bndbox>
  </object>
  <object>
    <name>ship</name>
    <pose>Unspecified</pose>
    <truncated>0</truncated>
    <difficult>0</difficult>
    <bndbox>
      <xmin>104</xmin>
      <ymin>162</ymin>
      <xmax>130</xmax>
      <ymax>169</ymax>
      <x1>104</x1>
      <y1>162</y1>
      <x2>104</x2>
      <y2>169</y2>
      <x3>130</x3>
      <y3>169</y3>
      <x4>130</x4>
      <y4>162</y4>
    </bndbox>
  </object>
  <object>
    <name>ship</name>
    <pose>Unspecified</pose>
    <truncated>0</truncated>
    <difficult>0</difficult>
    <bndbox>
      <xmin>203</xmin>
      <ymin>267</ymin>
      <xmax>216</xmax>
      <ymax>284</ymax>
      <x1>203</x1>
      <y1>267</y1>
      <x2>203</x2>
      <y2>284</y2>
      <x3>216</x3>
      <y3>284</y3>
      <x4>216</x4>
      <y4>267</y4>
    </bndbox>
  </object>
  <object>
    <name>ship</name>
    <pose>Unspecified</pose>
    <truncated>0</truncated>
    <difficult>1</difficult>
    <bndbox>
      <xmin>459</xmin>
      <ymin>386</ymin>
      <xmax>478</xmax>
      <ymax>419</ymax>
      <x1>459</x1>
      <y1>386</y1>
      <x2>459</x2>
      <y2>419</y2>
      <x3>478</x3>
      <y3>419</y3>
      <x4>478</x4>
      <y4>386</y4>
    </bndbox>
  </object>
</annotation>
