<annotation>
  <folder>DATA</folder>
  <filename>000392.png</filename>
  <source>
    <database>Unknown</database>
  </source>
  <size>
    <width>500</width>
    <height>500</height>
    <depth>1</depth>
  </size>
  <segmented>0</segmented>
  <object>
    <name>ship</name>
    <pose>Unspecified</pose>
    <truncated>0</truncated>
    <difficult>0</difficult>
    <bndbox>
      <xmin>15</xmin>
      <ymin>62</ymin>
      <xmax>25</xmax>
      <ymax>84</ymax>
      <x1>15</x1>
      <y1>62</y1>
      <x2>15</x2>
      <y2>84</y2>
      <x3>25</x3>
      <y3>84</y3>
      <x4>25</x4>
      <y4>62</y4>
    </bndbox>
  </object>
  <object>
    <name>ship</name>
    <pose>Unspecified</pose>
    <truncated>0</truncated>
    <difficult>0</difficult>
    <bndbox>
      <xmin>62</xmin>
      <ymin>277</ymin>
      <xmax>80</xmax>
      <ymax>301</ymax>
      <x1>62</x1>
      <y1>277</y1>
      <x2>62</x2>
      <y2>301</y2>
      <x3>80</x3>
      <y3>301</y3>
      <x4>80</x4>
      <y4>277</y4>
    </bndbox>
  </object>
  <object>
    <name>ship</name>
    <pose>Unspecified</pose>
    <truncated>0</truncated>
    <difficult>0</difficult>
    <bndbox>
      <xmin>284</xmin>
      <ymin>277</ymin>
      <xmax>296</xmax>
      <ymax>316</ymax>
      <x1>284</x1>
      <y1>277</y1>
      <x2>284</x2>
      <y2>316</y2>
      <x3>296</x3>
      <y3>316</y3>
      <x4>296</x4>
      <y4>277</y4>
    </bndbox>
  </object>
  <object>
    <name>ship</name>
    <pose>Unspecified</pose>
    <truncated>0</truncated>
    <difficult>1</difficult>
    <bndbox>
      <xmin>60</xmin>
      <ymin>172</ymin>
      <xmax>69</xmax>
      <ymax>185</ymax>
      <x1>60</x1>
      <y1>172</y1>
      <x2>60</x2>
      <y2>185</y2>
      <x3>69</x3>
      <y3>185</y3>
      <x4>69</x4>
      <y4>172</y4>
    </bndbox>
  </object>
</annotation>
