<annotation>
  <folder>DATA</folder>
  <filename>000384.png</filename>
  <source>
    <database>Unknown</database>
  </source>
  <size>
    <width>500</width>
    <height>500</height>
    <depth>1</depth>
  </size>
  <segmented>0</segmented>
  <object>
    <name>ship</name>
    <pose>Unspecified</pose>
    <truncated>0</truncated>
    <difficult>0</difficult>
    <bndbox>
      <xmin>307</xmin>
      <ymin>357</ymin>
      <xmax>332</xmax>
      <ymax>407</ymax>
      <x1>307</x1>
      <y1>357</y1>
      <x2>307</x2>
      <y2>407</y2>
      <x3>332</x3>
      <y3>407</y3>
      <x4>332</x4>
      <y4>357</y4>
    </bndbox>
  </object>
  <object>
    <name>ship</name>
    <pose>Unspecified</pose>
    <truncated>0</truncated>
    <difficult>0</difficult>
    <bndbox>
      <xmin>244</xmin>
      <ymin>308</ymin>
      <xmax>265</xmax>
      <ymax>361</ymax>
      <x1>244</x1>
      <y1>308</y1>
      <x2>244</x2>
      <y2>361</y2>
      <x3>265</x3>
      <y3>361</y3>
      <x4>265</x4>
      <y4>308</y4>
    </bndbox>
  </object>
  <object>
    <name>ship</name>
    <pose>Unspecified</pose>
    <truncated>0</truncated>
    <difficult>0</difficult>
    <bndbox>
      <xmin>274</xmin>
      <ymin>321</ymin>
      <xmax>286</xmax>
      <ymax>362</ymax>
      <x1>274</x1>
      <y1>321</y1>
      <x2>274</x2>
      <y2>362</y2>
      <x3>286</x3>
      <y3>362</y3>
      <x4>286</x4>
      <y4>321</y4>
    </bndbox>
  </object>
  <object>
    <name>ship</name>
    <pose>Unspecified</pose>
    <truncated>0</truncated>
    <difficult>0</difficult>
    <bndbox>
      <xmin>107</xmin>
      <ymin>156</ymin>
      <xmax>149</xmax>
      <ymax>171</ymax>
      <x1>107</x1>
      <y1>156</y1>
      <x2>107</x2>
      <y2>171</y2>
      <x3>149</x3>
      <y3>171</y3>
      <x4>149</x4>
      <y4>156</y4>
    </bndbox>
  </object>
  <object>
    <name>ship</name>
    <pose>Unspecified</pose>
    <truncated>0</truncated>
    <difficult>0</difficult>
    <bndbox>
      <xmin>240</xmin>
      <ymin>274</ymin>
      <xmax>258</xmax>
      <ymax>285</ymax>
      <x1>240</x1>
      <y1>274</y1>
      <x2>240</x2>
      <y2>285</y2>
      <x3>258</x3>
      <y3>285</y3>
      <x4>258</x4>
      <y4>274</y4>
    </bndbox>
  </object>
</annotation>
