<annotation>
  <folder>DATA</folder>
  <filename>000320.png</filename>
  <source>
    <database>Unknown</database>
  </source>
  <size>
    <width>500</width>
    <height>500</height>
    <depth>1</depth>
  </size>
  <segmented>0</segmented>
  <object>
    <name>ship</name>
    <pose>Unspecified</pose>
    <truncated>0</truncated>
    <difficult>0</difficult>
    <bndbox>
      <xmin>86</xmin>
      <ymin>263</ymin>
      <xmax>112</xmax>
      <ymax>277</ymax>
      <x1>86</x1>
      <y1>263</y1>
      <x2>86</x2>
      <y2>277</y2>
      <x3>112</x3>
      <y3>277</y3>
      <x4>112</x4>
      <y4>263</y4>
    </bndbox>
  </object>
  <object>
    <name>ship</name>
    <pose>Unspecified</pose>
    <truncated>0</truncated>
    <difficult>0</difficult>
    <bndbox>
      <xmin>360</xmin>
      <ymin>103</ymin>
      <xmax>377</xmax>
      <ymax>118</ymax>
      <x1>360</x1>
      <y1>103</y1>
      <x2>360</x2>
      <y2>118</y2>
      <x3>377</x3>
      <y3>118</y3>
      <x4>377</x4>
      <y4>103</y4>
    </bndbox>
  </object>
</annotation>
