<annotation>
  <folder>DATA</folder>
  <filename>000375.png</filename>
  <source>
    <database>Unknown</database>
  </source>
  <size>
    <width>500</width>
    <height>500</height>
    <depth>1</depth>
  </size>
  <segmented>0</segmented>
  <object>
    <name>ship</name>
    <pose>Unspecified</pose>
    <truncated>0</truncated>
    <difficult>0</difficult>
    <bndbox>
      <xmin>213</xmin>
      <ymin>222</ymin>
      <xmax>250</xmax>
      <ymax>241</ymax>
      <x1>213</x1>
      <y1>222</y1>
      <x2>213</x2>
      <y2>241</y2>
      <x3>250</x3>
      <y3>241</y3>
      <x4>250</x4>
      <y4>222</y4>
    </bndbox>
  </object>
</annotation>
