<annotation>
  <folder>DATA</folder>
  <filename>000370.png</filename>
  <source>
    <database>Unknown</database>
  </source>
  <size>
    <width>500</width>
    <height>500</height>
    <depth>1</depth>
  </size>
  <segmented>0</segmented>
  <object>
    <name>ship</name>
    <pose>Unspecified</pose>
    <truncated>0</truncated>
    <difficult>0</difficult>
    <bndbox>
      <xmin>41</xmin>
      <ymin>298</ymin>
      <xmax>66</xmax>
      <ymax>312</ymax>
      <x1>41</x1>
      <y1>298</y1>
      <x2>41</x2>
      <y2>312</y2>
      <x3>66</x3>
      <y3>312</y3>
      <x4>66</x4>
      <y4>298</y4>
    </bndbox>
  </object>
  <object>
    <name>ship</name>
    <pose>Unspecified</pose>
    <truncated>0</truncated>
    <difficult>0</difficult>
    <bndbox>
      <xmin>228</xmin>
      <ymin>234</ymin>
      <xmax>249</xmax>
      <ymax>245</ymax>
      <x1>228</x1>
      <y1>234</y1>
      <x2>228</x2>
      <y2>245</y2>
      <x3>249</x3>
      <y3>245</y3>
      <x4>249</x4>
      <y4>234</y4>
    </bndbox>
  </object>
  <object>
    <name>ship</name>
    <pose>Unspecified</pose>
    <truncated>0</truncated>
    <difficult>0</difficult>
    <bndbox>
      <xmin>429</xmin>
      <ymin>287</ymin>
      <xmax>451</xmax>
      <ymax>296</ymax>
      <x1>429</x1>
      <y1>287</y1>
      <x2>429</x2>
      <y2>296</y2>
      <x3>451</x3>
      <y3>296</y3>
      <x4>451</x4>
      <y4>287</y4>
    </bndbox>
  </object>
</annotation>
