<annotation>
  <folder>DATA</folder>
  <filename>000369.png</filename>
  <source>
    <database>Unknown</database>
  </source>
  <size>
    <width>500</width>
    <height>500</height>
    <depth>1</depth>
  </size>
  <segmented>0</segmented>
  <object>
    <name>ship</name>
    <pose>Unspecified</pose>
    <truncated>0</truncated>
    <difficult>0</difficult>
    <bndbox>
      <xmin>250</xmin>
      <ymin>42</ymin>
      <xmax>273</xmax>
      <ymax>49</ymax>
      <x1>250</x1>
      <y1>42</y1>
      <x2>250</x2>
      <y2>49</y2>
      <x3>273</x3>
      <y3>49</y3>
      <x4>273</x4>
      <y4>42</y4>
    </bndbox>
  </object>
  <object>
    <name>ship</name>
    <pose>Unspecified</pose>
    <truncated>0</truncated>
    <difficult>0</difficult>
    <bndbox>
      <xmin>374</xmin>
      <ymin>74</ymin>
      <xmax>400</xmax>
      <ymax>81</ymax>
      <x1>374</x1>
      <y1>74</y1>
      <x2>374</x2>
      <y2>81</y2>
      <x3>400</x3>
      <y3>81</y3>
      <x4>400</x4>
      <y4>74</y4>
    </bndbox>
  </object>
  <object>
    <name>ship</name>
    <pose>Unspecified</pose>
    <truncated>0</truncated>
    <difficult>0</difficult>
    <bndbox>
      <xmin>461</xmin>
      <ymin>416</ymin>
      <xmax>479</xmax>
      <ymax>425</ymax>
      <x1>461</x1>
      <y1>416</y1>
      <x2>461</x2>
      <y2>425</y2>
      <x3>479</x3>
      <y3>425</y3>
      <x4>479</x4>
      <y4>416</y4>
    </bndbox>
  </object>
</annotation>
