<annotation>
  <folder>DATA</folder>
  <filename>000310.png</filename>
  <source>
    <database>Unknown</database>
  </source>
  <size>
    <width>500</width>
    <height>500</height>
    <depth>1</depth>
  </size>
  <segmented>0</segmented>
  <object>
    <name>ship</name>
    <pose>Unspecified</pose>
    <truncated>0</truncated>
    <difficult>0</difficult>
    <bndbox>
      <xmin>236</xmin>
      <ymin>271</ymin>
      <xmax>281</xmax>
      <ymax>303</ymax>
      <x1>236</x1>
      <y1>271</y1>
      <x2>236</x2>
      <y2>303</y2>
      <x3>281</x3>
      <y3>303</y3>
      <x4>281</x4>
      <y4>271</y4>
    </bndbox>
  </object>
</annotation>
