<annotation>
  <folder>DATA</folder>
  <filename>000306.png</filename>
  <source>
    <database>Unknown</database>
  </source>
  <size>
    <width>500</width>
    <height>500</height>
    <depth>1</depth>
  </size>
  <segmented>0</segmented>
  <object>
    <name>ship</name>
    <pose>Unspecified</pose>
    <truncated>0</truncated>
    <difficult>0</difficult>
    <bndbox>
      <xmin>158</xmin>
      <ymin>15</ymin>
      <xmax>192</xmax>
      <ymax>32</ymax>
      <x1>158</x1>
      <y1>15</y1>
      <x2>158</x2>
      <y2>32</y2>
      <x3>192</x3>
      <y3>32</y3>
      <x4>192</x4>
      <y4>15</y4>
    </bndbox>
  </object>
  <object>
    <name>ship</name>
    <pose>Unspecified</pose>
    <truncated>0</truncated>
    <difficult>0</difficult>
    <bndbox>
      <xmin>219</xmin>
      <ymin>167</ymin>
      <xmax>241</xmax>
      <ymax>182</ymax>
      <x1>219</x1>
      <y1>167</y1>
      <x2>219</x2>
      <y2>182</y2>
      <x3>241</x3>
      <y3>182</y3>
      <x4>241</x4>
      <y4>167</y4>
    </bndbox>
  </object>
  <object>
    <name>ship</name>
    <pose>Unspecified</pose>
    <truncated>0</truncated>
    <difficult>0</difficult>
    <bndbox>
      <xmin>135</xmin>
      <ymin>401</ymin>
      <xmax>180</xmax>
      <ymax>423</ymax>
      <x1>135</x1>
      <y1>401</y1>
      <x2>135</x2>
      <y2>423</y2>
      <x3>180</x3>
      <y3>423</y3>
      <x4>180</x4>
      <y4>401</y4>
    </bndbox>
  </object>
</annotation>
