<annotation>
  <folder>DATA</folder>
  <filename>000308.png</filename>
  <source>
    <database>Unknown</database>
  </source>
  <size>
    <width>500</width>
    <height>500</height>
    <depth>1</depth>
  </size>
  <segmented>0</segmented>
  <object>
    <name>ship</name>
    <pose>Unspecified</pose>
    <truncated>0</truncated>
    <difficult>0</difficult>
    <bndbox>
      <xmin>265</xmin>
      <ymin>151</ymin>
      <xmax>292</xmax>
      <ymax>168</ymax>
      <x1>265</x1>
      <y1>151</y1>
      <x2>265</x2>
      <y2>168</y2>
      <x3>292</x3>
      <y3>168</y3>
      <x4>292</x4>
      <y4>151</y4>
    </bndbox>
  </object>
  <object>
    <name>ship</name>
    <pose>Unspecified</pose>
    <truncated>0</truncated>
    <difficult>0</difficult>
    <bndbox>
      <xmin>76</xmin>
      <ymin>297</ymin>
      <xmax>106</xmax>
      <ymax>316</ymax>
      <x1>76</x1>
      <y1>297</y1>
      <x2>76</x2>
      <y2>316</y2>
      <x3>106</x3>
      <y3>316</y3>
      <x4>106</x4>
      <y4>297</y4>
    </bndbox>
  </object>
</annotation>
