<annotation>
  <folder>DATA</folder>
  <filename>000377.png</filename>
  <source>
    <database>Unknown</database>
  </source>
  <size>
    <width>500</width>
    <height>500</height>
    <depth>1</depth>
  </size>
  <segmented>0</segmented>
  <object>
    <name>ship</name>
    <pose>Unspecified</pose>
    <truncated>0</truncated>
    <difficult>0</difficult>
    <bndbox>
      <xmin>135</xmin>
      <ymin>245</ymin>
      <xmax>180</xmax>
      <ymax>263</ymax>
      <x1>135</x1>
      <y1>245</y1>
      <x2>135</x2>
      <y2>263</y2>
      <x3>180</x3>
      <y3>263</y3>
      <x4>180</x4>
      <y4>245</y4>
    </bndbox>
  </object>
</annotation>
