<annotation>
  <folder>DATA</folder>
  <filename>000302.png</filename>
  <source>
    <database>Unknown</database>
  </source>
  <size>
    <width>500</width>
    <height>500</height>
    <depth>1</depth>
  </size>
  <segmented>0</segmented>
  <object>
    <name>ship</name>
    <pose>Unspecified</pose>
    <truncated>0</truncated>
    <difficult>0</difficult>
    <bndbox>
      <xmin>146</xmin>
      <ymin>196</ymin>
      <xmax>179</xmax>
      <ymax>223</ymax>
      <x1>146</x1>
      <y1>196</y1>
      <x2>146</x2>
      <y2>223</y2>
      <x3>179</x3>
      <y3>223</y3>
      <x4>179</x4>
      <y4>196</y4>
    </bndbox>
  </object>
  <object>
    <name>ship</name>
    <pose>Unspecified</pose>
    <truncated>0</truncated>
    <difficult>0</difficult>
    <bndbox>
      <xmin>347</xmin>
      <ymin>366</ymin>
      <xmax>383</xmax>
      <ymax>389</ymax>
      <x1>347</x1>
      <y1>366</y1>
      <x2>347</x2>
      <y2>389</y2>
      <x3>383</x3>
      <y3>389</y3>
      <x4>383</x4>
      <y4>366</y4>
    </bndbox>
  </object>
  <object>
    <name>ship</name>
    <pose>Unspecified</pose>
    <truncated>0</truncated>
    <difficult>0</difficult>
    <bndbox>
      <xmin>433</xmin>
      <ymin>12</ymin>
      <xmax>466</xmax>
      <ymax>29</ymax>
      <x1>433</x1>
      <y1>12</y1>
      <x2>433</x2>
      <y2>29</y2>
      <x3>466</x3>
      <y3>29</y3>
      <x4>466</x4>
      <y4>12</y4>
    </bndbox>
  </object>
</annotation>
