<annotation>
  <folder>DATA</folder>
  <filename>000389.png</filename>
  <source>
    <database>Unknown</database>
  </source>
  <size>
    <width>500</width>
    <height>500</height>
    <depth>1</depth>
  </size>
  <segmented>0</segmented>
  <object>
    <name>ship</name>
    <pose>Unspecified</pose>
    <truncated>0</truncated>
    <difficult>0</difficult>
    <bndbox>
      <xmin>368</xmin>
      <ymin>78</ymin>
      <xmax>417</xmax>
      <ymax>114</ymax>
      <x1>368</x1>
      <y1>78</y1>
      <x2>368</x2>
      <y2>114</y2>
      <x3>417</x3>
      <y3>114</y3>
      <x4>417</x4>
      <y4>78</y4>
    </bndbox>
  </object>
  <object>
    <name>ship</name>
    <pose>Unspecified</pose>
    <truncated>0</truncated>
    <difficult>0</difficult>
    <bndbox>
      <xmin>204</xmin>
      <ymin>352</ymin>
      <xmax>230</xmax>
      <ymax>371</ymax>
      <x1>204</x1>
      <y1>352</y1>
      <x2>204</x2>
      <y2>371</y2>
      <x3>230</x3>
      <y3>371</y3>
      <x4>230</x4>
      <y4>352</y4>
    </bndbox>
  </object>
  <object>
    <name>ship</name>
    <pose>Unspecified</pose>
    <truncated>0</truncated>
    <difficult>0</difficult>
    <bndbox>
      <xmin>91</xmin>
      <ymin>255</ymin>
      <xmax>106</xmax>
      <ymax>265</ymax>
      <x1>91</x1>
      <y1>255</y1>
      <x2>91</x2>
      <y2>265</y2>
      <x3>106</x3>
      <y3>265</y3>
      <x4>106</x4>
      <y4>255</y4>
    </bndbox>
  </object>
</annotation>
