<annotation>
  <folder>DATA</folder>
  <filename>000332.png</filename>
  <source>
    <database>Unknown</database>
  </source>
  <size>
    <width>500</width>
    <height>500</height>
    <depth>1</depth>
  </size>
  <segmented>0</segmented>
  <object>
    <name>ship</name>
    <pose>Unspecified</pose>
    <truncated>0</truncated>
    <difficult>0</difficult>
    <bndbox>
      <xmin>163</xmin>
      <ymin>330</ymin>
      <xmax>207</xmax>
      <ymax>362</ymax>
      <x1>163</x1>
      <y1>330</y1>
      <x2>163</x2>
      <y2>362</y2>
      <x3>207</x3>
      <y3>362</y3>
      <x4>207</x4>
      <y4>330</y4>
    </bndbox>
  </object>
</annotation>
