<annotation>
  <folder>DATA</folder>
  <filename>000429.png</filename>
  <source>
    <database>Unknown</database>
  </source>
  <size>
    <width>500</width>
    <height>500</height>
    <depth>1</depth>
  </size>
  <segmented>0</segmented>
  <object>
    <name>ship</name>
    <pose>Unspecified</pose>
    <truncated>0</truncated>
    <difficult>0</difficult>
    <bndbox>
      <xmin>374</xmin>
      <ymin>62</ymin>
      <xmax>402</xmax>
      <ymax>78</ymax>
      <x1>374</x1>
      <y1>62</y1>
      <x2>374</x2>
      <y2>78</y2>
      <x3>402</x3>
      <y3>78</y3>
      <x4>402</x4>
      <y4>62</y4>
    </bndbox>
  </object>
</annotation>
