<annotation>
  <folder>DATA</folder>
  <filename>000406.png</filename>
  <source>
    <database>Unknown</database>
  </source>
  <size>
    <width>500</width>
    <height>500</height>
    <depth>1</depth>
  </size>
  <segmented>0</segmented>
  <object>
    <name>ship</name>
    <pose>Unspecified</pose>
    <truncated>0</truncated>
    <difficult>0</difficult>
    <bndbox>
      <xmin>327</xmin>
      <ymin>35</ymin>
      <xmax>357</xmax>
      <ymax>59</ymax>
      <x1>327</x1>
      <y1>35</y1>
      <x2>327</x2>
      <y2>59</y2>
      <x3>357</x3>
      <y3>59</y3>
      <x4>357</x4>
      <y4>35</y4>
    </bndbox>
  </object>
  <object>
    <name>ship</name>
    <pose>Unspecified</pose>
    <truncated>0</truncated>
    <difficult>0</difficult>
    <bndbox>
      <xmin>359</xmin>
      <ymin>457</ymin>
      <xmax>383</xmax>
      <ymax>476</ymax>
      <x1>359</x1>
      <y1>457</y1>
      <x2>359</x2>
      <y2>476</y2>
      <x3>383</x3>
      <y3>476</y3>
      <x4>383</x4>
      <y4>457</y4>
    </bndbox>
  </object>
</annotation>
