<annotation>
  <folder>DATA</folder>
  <filename>000466.png</filename>
  <source>
    <database>Unknown</database>
  </source>
  <size>
    <width>500</width>
    <height>500</height>
    <depth>1</depth>
  </size>
  <segmented>0</segmented>
  <object>
    <name>ship</name>
    <pose>Unspecified</pose>
    <truncated>0</truncated>
    <difficult>0</difficult>
    <bndbox>
      <xmin>310</xmin>
      <ymin>278</ymin>
      <xmax>331</xmax>
      <ymax>289</ymax>
      <x1>310</x1>
      <y1>278</y1>
      <x2>310</x2>
      <y2>289</y2>
      <x3>331</x3>
      <y3>289</y3>
      <x4>331</x4>
      <y4>278</y4>
    </bndbox>
  </object>
</annotation>
