<annotation>
  <folder>DATA</folder>
  <filename>000462.png</filename>
  <source>
    <database>Unknown</database>
  </source>
  <size>
    <width>500</width>
    <height>500</height>
    <depth>1</depth>
  </size>
  <segmented>0</segmented>
  <object>
    <name>ship</name>
    <pose>Unspecified</pose>
    <truncated>0</truncated>
    <difficult>0</difficult>
    <bndbox>
      <xmin>217</xmin>
      <ymin>148</ymin>
      <xmax>229</xmax>
      <ymax>166</ymax>
      <x1>217</x1>
      <y1>148</y1>
      <x2>217</x2>
      <y2>166</y2>
      <x3>229</x3>
      <y3>166</y3>
      <x4>229</x4>
      <y4>148</y4>
    </bndbox>
  </object>
</annotation>
