<annotation>
  <folder>DATA</folder>
  <filename>000411.png</filename>
  <source>
    <database>Unknown</database>
  </source>
  <size>
    <width>500</width>
    <height>500</height>
    <depth>1</depth>
  </size>
  <segmented>0</segmented>
  <object>
    <name>ship</name>
    <pose>Unspecified</pose>
    <truncated>0</truncated>
    <difficult>0</difficult>
    <bndbox>
      <xmin>254</xmin>
      <ymin>327</ymin>
      <xmax>285</xmax>
      <ymax>340</ymax>
      <x1>254</x1>
      <y1>327</y1>
      <x2>254</x2>
      <y2>340</y2>
      <x3>285</x3>
      <y3>340</y3>
      <x4>285</x4>
      <y4>327</y4>
    </bndbox>
  </object>
</annotation>
