<annotation>
  <folder>DATA</folder>
  <filename>000496.png</filename>
  <source>
    <database>Unknown</database>
  </source>
  <size>
    <width>500</width>
    <height>500</height>
    <depth>1</depth>
  </size>
  <segmented>0</segmented>
  <object>
    <name>ship</name>
    <pose>Unspecified</pose>
    <truncated>0</truncated>
    <difficult>0</difficult>
    <bndbox>
      <xmin>367</xmin>
      <ymin>136</ymin>
      <xmax>375</xmax>
      <ymax>161</ymax>
      <x1>367</x1>
      <y1>136</y1>
      <x2>367</x2>
      <y2>161</y2>
      <x3>375</x3>
      <y3>161</y3>
      <x4>375</x4>
      <y4>136</y4>
    </bndbox>
  </object>
  <object>
    <name>ship</name>
    <pose>Unspecified</pose>
    <truncated>0</truncated>
    <difficult>0</difficult>
    <bndbox>
      <xmin>121</xmin>
      <ymin>337</ymin>
      <xmax>136</xmax>
      <ymax>354</ymax>
      <x1>121</x1>
      <y1>337</y1>
      <x2>121</x2>
      <y2>354</y2>
      <x3>136</x3>
      <y3>354</y3>
      <x4>136</x4>
      <y4>337</y4>
    </bndbox>
  </object>
</annotation>
