<annotation>
  <folder>DATA</folder>
  <filename>000433.png</filename>
  <source>
    <database>Unknown</database>
  </source>
  <size>
    <width>500</width>
    <height>500</height>
    <depth>1</depth>
  </size>
  <segmented>0</segmented>
  <object>
    <name>ship</name>
    <pose>Unspecified</pose>
    <truncated>0</truncated>
    <difficult>0</difficult>
    <bndbox>
      <xmin>110</xmin>
      <ymin>229</ymin>
      <xmax>121</xmax>
      <ymax>273</ymax>
      <x1>110</x1>
      <y1>229</y1>
      <x2>110</x2>
      <y2>273</y2>
      <x3>121</x3>
      <y3>273</y3>
      <x4>121</x4>
      <y4>229</y4>
    </bndbox>
  </object>
</annotation>
