<annotation>
  <folder>DATA</folder>
  <filename>000488.png</filename>
  <source>
    <database>Unknown</database>
  </source>
  <size>
    <width>500</width>
    <height>500</height>
    <depth>1</depth>
  </size>
  <segmented>0</segmented>
  <object>
    <name>ship</name>
    <pose>Unspecified</pose>
    <truncated>0</truncated>
    <difficult>0</difficult>
    <bndbox>
      <xmin>329</xmin>
      <ymin>264</ymin>
      <xmax>346</xmax>
      <ymax>280</ymax>
      <x1>329</x1>
      <y1>264</y1>
      <x2>329</x2>
      <y2>280</y2>
      <x3>346</x3>
      <y3>280</y3>
      <x4>346</x4>
      <y4>264</y4>
    </bndbox>
  </object>
</annotation>
