<annotation>
  <folder>DATA</folder>
  <filename>000400.png</filename>
  <source>
    <database>Unknown</database>
  </source>
  <size>
    <width>500</width>
    <height>500</height>
    <depth>1</depth>
  </size>
  <segmented>0</segmented>
  <object>
    <name>ship</name>
    <pose>Unspecified</pose>
    <truncated>0</truncated>
    <difficult>0</difficult>
    <bndbox>
      <xmin>118</xmin>
      <ymin>311</ymin>
      <xmax>142</xmax>
      <ymax>340</ymax>
      <x1>118</x1>
      <y1>311</y1>
      <x2>118</x2>
      <y2>340</y2>
      <x3>142</x3>
      <y3>340</y3>
      <x4>142</x4>
      <y4>311</y4>
    </bndbox>
  </object>
  <object>
    <name>ship</name>
    <pose>Unspecified</pose>
    <truncated>0</truncated>
    <difficult>0</difficult>
    <bndbox>
      <xmin>380</xmin>
      <ymin>191</ymin>
      <xmax>395</xmax>
      <ymax>224</ymax>
      <x1>380</x1>
      <y1>191</y1>
      <x2>380</x2>
      <y2>224</y2>
      <x3>395</x3>
      <y3>224</y3>
      <x4>395</x4>
      <y4>191</y4>
    </bndbox>
  </object>
</annotation>
