<annotation>
  <folder>DATA</folder>
  <filename>000438.png</filename>
  <source>
    <database>Unknown</database>
  </source>
  <size>
    <width>500</width>
    <height>500</height>
    <depth>1</depth>
  </size>
  <segmented>0</segmented>
  <object>
    <name>ship</name>
    <pose>Unspecified</pose>
    <truncated>0</truncated>
    <difficult>0</difficult>
    <bndbox>
      <xmin>13</xmin>
      <ymin>253</ymin>
      <xmax>29</xmax>
      <ymax>270</ymax>
      <x1>13</x1>
      <y1>253</y1>
      <x2>13</x2>
      <y2>270</y2>
      <x3>29</x3>
      <y3>270</y3>
      <x4>29</x4>
      <y4>253</y4>
    </bndbox>
  </object>
</annotation>
