<annotation>
  <folder>DATA</folder>
  <filename>000498.png</filename>
  <source>
    <database>Unknown</database>
  </source>
  <size>
    <width>500</width>
    <height>500</height>
    <depth>1</depth>
  </size>
  <segmented>0</segmented>
  <object>
    <name>ship</name>
    <pose>Unspecified</pose>
    <truncated>0</truncated>
    <difficult>0</difficult>
    <bndbox>
      <xmin>179</xmin>
      <ymin>302</ymin>
      <xmax>208</xmax>
      <ymax>329</ymax>
      <x1>179</x1>
      <y1>302</y1>
      <x2>179</x2>
      <y2>329</y2>
      <x3>208</x3>
      <y3>329</y3>
      <x4>208</x4>
      <y4>302</y4>
    </bndbox>
  </object>
</annotation>
