<annotation>
  <folder>DATA</folder>
  <filename>000467.png</filename>
  <source>
    <database>Unknown</database>
  </source>
  <size>
    <width>500</width>
    <height>500</height>
    <depth>1</depth>
  </size>
  <segmented>0</segmented>
  <object>
    <name>ship</name>
    <pose>Unspecified</pose>
    <truncated>0</truncated>
    <difficult>0</difficult>
    <bndbox>
      <xmin>53</xmin>
      <ymin>161</ymin>
      <xmax>78</xmax>
      <ymax>173</ymax>
      <x1>53</x1>
      <y1>161</y1>
      <x2>53</x2>
      <y2>173</y2>
      <x3>78</x3>
      <y3>173</y3>
      <x4>78</x4>
      <y4>161</y4>
    </bndbox>
  </object>
  <object>
    <name>ship</name>
    <pose>Unspecified</pose>
    <truncated>0</truncated>
    <difficult>0</difficult>
    <bndbox>
      <xmin>433</xmin>
      <ymin>266</ymin>
      <xmax>457</xmax>
      <ymax>284</ymax>
      <x1>433</x1>
      <y1>266</y1>
      <x2>433</x2>
      <y2>284</y2>
      <x3>457</x3>
      <y3>284</y3>
      <x4>457</x4>
      <y4>266</y4>
    </bndbox>
  </object>
</annotation>
