<annotation>
  <folder>DATA</folder>
  <filename>000483.png</filename>
  <source>
    <database>Unknown</database>
  </source>
  <size>
    <width>500</width>
    <height>500</height>
    <depth>1</depth>
  </size>
  <segmented>0</segmented>
  <object>
    <name>ship</name>
    <pose>Unspecified</pose>
    <truncated>0</truncated>
    <difficult>0</difficult>
    <bndbox>
      <xmin>178</xmin>
      <ymin>320</ymin>
      <xmax>206</xmax>
      <ymax>331</ymax>
      <x1>178</x1>
      <y1>320</y1>
      <x2>178</x2>
      <y2>331</y2>
      <x3>206</x3>
      <y3>331</y3>
      <x4>206</x4>
      <y4>320</y4>
    </bndbox>
  </object>
</annotation>
