<annotation>
  <folder>DATA</folder>
  <filename>000461.png</filename>
  <source>
    <database>Unknown</database>
  </source>
  <size>
    <width>500</width>
    <height>500</height>
    <depth>1</depth>
  </size>
  <segmented>0</segmented>
  <object>
    <name>ship</name>
    <pose>Unspecified</pose>
    <truncated>0</truncated>
    <difficult>0</difficult>
    <bndbox>
      <xmin>123</xmin>
      <ymin>331</ymin>
      <xmax>166</xmax>
      <ymax>357</ymax>
      <x1>123</x1>
      <y1>331</y1>
      <x2>123</x2>
      <y2>357</y2>
      <x3>166</x3>
      <y3>357</y3>
      <x4>166</x4>
      <y4>331</y4>
    </bndbox>
  </object>
</annotation>
