<annotation>
  <folder>DATA</folder>
  <filename>000493.png</filename>
  <source>
    <database>Unknown</database>
  </source>
  <size>
    <width>500</width>
    <height>500</height>
    <depth>1</depth>
  </size>
  <segmented>0</segmented>
  <object>
    <name>ship</name>
    <pose>Unspecified</pose>
    <truncated>0</truncated>
    <difficult>0</difficult>
    <bndbox>
      <xmin>31</xmin>
      <ymin>195</ymin>
      <xmax>61</xmax>
      <ymax>208</ymax>
      <x1>31</x1>
      <y1>195</y1>
      <x2>31</x2>
      <y2>208</y2>
      <x3>61</x3>
      <y3>208</y3>
      <x4>61</x4>
      <y4>195</y4>
    </bndbox>
  </object>
</annotation>
