<annotation>
  <folder>DATA</folder>
  <filename>000410.png</filename>
  <source>
    <database>Unknown</database>
  </source>
  <size>
    <width>500</width>
    <height>500</height>
    <depth>1</depth>
  </size>
  <segmented>0</segmented>
  <object>
    <name>ship</name>
    <pose>Unspecified</pose>
    <truncated>0</truncated>
    <difficult>0</difficult>
    <bndbox>
      <xmin>199</xmin>
      <ymin>424</ymin>
      <xmax>223</xmax>
      <ymax>431</ymax>
      <x1>199</x1>
      <y1>424</y1>
      <x2>199</x2>
      <y2>431</y2>
      <x3>223</x3>
      <y3>431</y3>
      <x4>223</x4>
      <y4>424</y4>
    </bndbox>
  </object>
  <object>
    <name>ship</name>
    <pose>Unspecified</pose>
    <truncated>0</truncated>
    <difficult>0</difficult>
    <bndbox>
      <xmin>140</xmin>
      <ymin>435</ymin>
      <xmax>164</xmax>
      <ymax>446</ymax>
      <x1>140</x1>
      <y1>435</y1>
      <x2>140</x2>
      <y2>446</y2>
      <x3>164</x3>
      <y3>446</y3>
      <x4>164</x4>
      <y4>435</y4>
    </bndbox>
  </object>
</annotation>
