<annotation>
  <folder>DATA</folder>
  <filename>000404.png</filename>
  <source>
    <database>Unknown</database>
  </source>
  <size>
    <width>500</width>
    <height>500</height>
    <depth>1</depth>
  </size>
  <segmented>0</segmented>
  <object>
    <name>ship</name>
    <pose>Unspecified</pose>
    <truncated>0</truncated>
    <difficult>0</difficult>
    <bndbox>
      <xmin>167</xmin>
      <ymin>270</ymin>
      <xmax>201</xmax>
      <ymax>305</ymax>
      <x1>167</x1>
      <y1>270</y1>
      <x2>167</x2>
      <y2>305</y2>
      <x3>201</x3>
      <y3>305</y3>
      <x4>201</x4>
      <y4>270</y4>
    </bndbox>
  </object>
  <object>
    <name>ship</name>
    <pose>Unspecified</pose>
    <truncated>0</truncated>
    <difficult>0</difficult>
    <bndbox>
      <xmin>179</xmin>
      <ymin>308</ymin>
      <xmax>197</xmax>
      <ymax>325</ymax>
      <x1>179</x1>
      <y1>308</y1>
      <x2>179</x2>
      <y2>325</y2>
      <x3>197</x3>
      <y3>325</y3>
      <x4>197</x4>
      <y4>308</y4>
    </bndbox>
  </object>
  <object>
    <name>ship</name>
    <pose>Unspecified</pose>
    <truncated>0</truncated>
    <difficult>1</difficult>
    <bndbox>
      <xmin>23</xmin>
      <ymin>418</ymin>
      <xmax>34</xmax>
      <ymax>430</ymax>
      <x1>23</x1>
      <y1>418</y1>
      <x2>23</x2>
      <y2>430</y2>
      <x3>34</x3>
      <y3>430</y3>
      <x4>34</x4>
      <y4>418</y4>
    </bndbox>
  </object>
</annotation>
