<annotation>
  <folder>DATA</folder>
  <filename>000468.png</filename>
  <source>
    <database>Unknown</database>
  </source>
  <size>
    <width>500</width>
    <height>500</height>
    <depth>1</depth>
  </size>
  <segmented>0</segmented>
  <object>
    <name>ship</name>
    <pose>Unspecified</pose>
    <truncated>0</truncated>
    <difficult>0</difficult>
    <bndbox>
      <xmin>134</xmin>
      <ymin>374</ymin>
      <xmax>157</xmax>
      <ymax>393</ymax>
      <x1>134</x1>
      <y1>374</y1>
      <x2>134</x2>
      <y2>393</y2>
      <x3>157</x3>
      <y3>393</y3>
      <x4>157</x4>
      <y4>374</y4>
    </bndbox>
  </object>
</annotation>
