<annotation>
  <folder>DATA</folder>
  <filename>000401.png</filename>
  <source>
    <database>Unknown</database>
  </source>
  <size>
    <width>500</width>
    <height>500</height>
    <depth>1</depth>
  </size>
  <segmented>0</segmented>
  <object>
    <name>ship</name>
    <pose>Unspecified</pose>
    <truncated>0</truncated>
    <difficult>0</difficult>
    <bndbox>
      <xmin>103</xmin>
      <ymin>206</ymin>
      <xmax>126</xmax>
      <ymax>215</ymax>
      <x1>103</x1>
      <y1>206</y1>
      <x2>103</x2>
      <y2>215</y2>
      <x3>126</x3>
      <y3>215</y3>
      <x4>126</x4>
      <y4>206</y4>
    </bndbox>
  </object>
  <object>
    <name>ship</name>
    <pose>Unspecified</pose>
    <truncated>0</truncated>
    <difficult>0</difficult>
    <bndbox>
      <xmin>121</xmin>
      <ymin>329</ymin>
      <xmax>154</xmax>
      <ymax>354</ymax>
      <x1>121</x1>
      <y1>329</y1>
      <x2>121</x2>
      <y2>354</y2>
      <x3>154</x3>
      <y3>354</y3>
      <x4>154</x4>
      <y4>329</y4>
    </bndbox>
  </object>
</annotation>
