<annotation>
  <folder>DATA</folder>
  <filename>000427.png</filename>
  <source>
    <database>Unknown</database>
  </source>
  <size>
    <width>500</width>
    <height>500</height>
    <depth>1</depth>
  </size>
  <segmented>0</segmented>
  <object>
    <name>ship</name>
    <pose>Unspecified</pose>
    <truncated>0</truncated>
    <difficult>0</difficult>
    <bndbox>
      <xmin>267</xmin>
      <ymin>94</ymin>
      <xmax>281</xmax>
      <ymax>124</ymax>
      <x1>267</x1>
      <y1>94</y1>
      <x2>267</x2>
      <y2>124</y2>
      <x3>281</x3>
      <y3>124</y3>
      <x4>281</x4>
      <y4>94</y4>
    </bndbox>
  </object>
  <object>
    <name>ship</name>
    <pose>Unspecified</pose>
    <truncated>0</truncated>
    <difficult>0</difficult>
    <bndbox>
      <xmin>17</xmin>
      <ymin>77</ymin>
      <xmax>28</xmax>
      <ymax>103</ymax>
      <x1>17</x1>
      <y1>77</y1>
      <x2>17</x2>
      <y2>103</y2>
      <x3>28</x3>
      <y3>103</y3>
      <x4>28</x4>
      <y4>77</y4>
    </bndbox>
  </object>
</annotation>
