<annotation>
  <folder>DATA</folder>
  <filename>000454.png</filename>
  <source>
    <database>Unknown</database>
  </source>
  <size>
    <width>500</width>
    <height>500</height>
    <depth>1</depth>
  </size>
  <segmented>0</segmented>
  <object>
    <name>ship</name>
    <pose>Unspecified</pose>
    <truncated>0</truncated>
    <difficult>0</difficult>
    <bndbox>
      <xmin>238</xmin>
      <ymin>243</ymin>
      <xmax>247</xmax>
      <ymax>268</ymax>
      <x1>238</x1>
      <y1>243</y1>
      <x2>238</x2>
      <y2>268</y2>
      <x3>247</x3>
      <y3>268</y3>
      <x4>247</x4>
      <y4>243</y4>
    </bndbox>
  </object>
</annotation>
