<annotation>
  <folder>DATA</folder>
  <filename>000432.png</filename>
  <source>
    <database>Unknown</database>
  </source>
  <size>
    <width>500</width>
    <height>500</height>
    <depth>1</depth>
  </size>
  <segmented>0</segmented>
  <object>
    <name>ship</name>
    <pose>Unspecified</pose>
    <truncated>0</truncated>
    <difficult>0</difficult>
    <bndbox>
      <xmin>274</xmin>
      <ymin>226</ymin>
      <xmax>312</xmax>
      <ymax>240</ymax>
      <x1>274</x1>
      <y1>226</y1>
      <x2>274</x2>
      <y2>240</y2>
      <x3>312</x3>
      <y3>240</y3>
      <x4>312</x4>
      <y4>226</y4>
    </bndbox>
  </object>
</annotation>
