<annotation>
  <folder>DATA</folder>
  <filename>000456.png</filename>
  <source>
    <database>Unknown</database>
  </source>
  <size>
    <width>500</width>
    <height>500</height>
    <depth>1</depth>
  </size>
  <segmented>0</segmented>
  <object>
    <name>ship</name>
    <pose>Unspecified</pose>
    <truncated>0</truncated>
    <difficult>0</difficult>
    <bndbox>
      <xmin>188</xmin>
      <ymin>148</ymin>
      <xmax>217</xmax>
      <ymax>156</ymax>
      <x1>188</x1>
      <y1>148</y1>
      <x2>188</x2>
      <y2>156</y2>
      <x3>217</x3>
      <y3>156</y3>
      <x4>217</x4>
      <y4>148</y4>
    </bndbox>
  </object>
  <object>
    <name>ship</name>
    <pose>Unspecified</pose>
    <truncated>0</truncated>
    <difficult>0</difficult>
    <bndbox>
      <xmin>370</xmin>
      <ymin>30</ymin>
      <xmax>386</xmax>
      <ymax>40</ymax>
      <x1>370</x1>
      <y1>30</y1>
      <x2>370</x2>
      <y2>40</y2>
      <x3>386</x3>
      <y3>40</y3>
      <x4>386</x4>
      <y4>30</y4>
    </bndbox>
  </object>
  <object>
    <name>ship</name>
    <pose>Unspecified</pose>
    <truncated>0</truncated>
    <difficult>0</difficult>
    <bndbox>
      <xmin>131</xmin>
      <ymin>238</ymin>
      <xmax>151</xmax>
      <ymax>246</ymax>
      <x1>131</x1>
      <y1>238</y1>
      <x2>131</x2>
      <y2>246</y2>
      <x3>151</x3>
      <y3>246</y3>
      <x4>151</x4>
      <y4>238</y4>
    </bndbox>
  </object>
</annotation>
