<annotation>
  <folder>DATA</folder>
  <filename>000465.png</filename>
  <source>
    <database>Unknown</database>
  </source>
  <size>
    <width>500</width>
    <height>500</height>
    <depth>1</depth>
  </size>
  <segmented>0</segmented>
  <object>
    <name>ship</name>
    <pose>Unspecified</pose>
    <truncated>0</truncated>
    <difficult>0</difficult>
    <bndbox>
      <xmin>199</xmin>
      <ymin>210</ymin>
      <xmax>209</xmax>
      <ymax>237</ymax>
      <x1>199</x1>
      <y1>210</y1>
      <x2>199</x2>
      <y2>237</y2>
      <x3>209</x3>
      <y3>237</y3>
      <x4>209</x4>
      <y4>210</y4>
    </bndbox>
  </object>
</annotation>
