<annotation>
  <folder>DATA</folder>
  <filename>000440.png</filename>
  <source>
    <database>Unknown</database>
  </source>
  <size>
    <width>500</width>
    <height>500</height>
    <depth>1</depth>
  </size>
  <segmented>0</segmented>
  <object>
    <name>ship</name>
    <pose>Unspecified</pose>
    <truncated>0</truncated>
    <difficult>0</difficult>
    <bndbox>
      <xmin>355</xmin>
      <ymin>250</ymin>
      <xmax>363</xmax>
      <ymax>265</ymax>
      <x1>355</x1>
      <y1>250</y1>
      <x2>355</x2>
      <y2>265</y2>
      <x3>363</x3>
      <y3>265</y3>
      <x4>363</x4>
      <y4>250</y4>
    </bndbox>
  </object>
  <object>
    <name>ship</name>
    <pose>Unspecified</pose>
    <truncated>0</truncated>
    <difficult>0</difficult>
    <bndbox>
      <xmin>275</xmin>
      <ymin>371</ymin>
      <xmax>289</xmax>
      <ymax>398</ymax>
      <x1>275</x1>
      <y1>371</y1>
      <x2>275</x2>
      <y2>398</y2>
      <x3>289</x3>
      <y3>398</y3>
      <x4>289</x4>
      <y4>371</y4>
    </bndbox>
  </object>
</annotation>
