<annotation>
  <folder>DATA</folder>
  <filename>000490.png</filename>
  <source>
    <database>Unknown</database>
  </source>
  <size>
    <width>500</width>
    <height>500</height>
    <depth>1</depth>
  </size>
  <segmented>0</segmented>
  <object>
    <name>ship</name>
    <pose>Unspecified</pose>
    <truncated>0</truncated>
    <difficult>0</difficult>
    <bndbox>
      <xmin>457</xmin>
      <ymin>293</ymin>
      <xmax>485</xmax>
      <ymax>305</ymax>
      <x1>457</x1>
      <y1>293</y1>
      <x2>457</x2>
      <y2>305</y2>
      <x3>485</x3>
      <y3>305</y3>
      <x4>485</x4>
      <y4>293</y4>
    </bndbox>
  </object>
</annotation>
