<annotation>
  <folder>DATA</folder>
  <filename>000492.png</filename>
  <source>
    <database>Unknown</database>
  </source>
  <size>
    <width>500</width>
    <height>500</height>
    <depth>1</depth>
  </size>
  <segmented>0</segmented>
  <object>
    <name>ship</name>
    <pose>Unspecified</pose>
    <truncated>0</truncated>
    <difficult>0</difficult>
    <bndbox>
      <xmin>400</xmin>
      <ymin>328</ymin>
      <xmax>433</xmax>
      <ymax>339</ymax>
      <x1>400</x1>
      <y1>328</y1>
      <x2>400</x2>
      <y2>339</y2>
      <x3>433</x3>
      <y3>339</y3>
      <x4>433</x4>
      <y4>328</y4>
    </bndbox>
  </object>
</annotation>
