<annotation>
  <folder>DATA</folder>
  <filename>000489.png</filename>
  <source>
    <database>Unknown</database>
  </source>
  <size>
    <width>500</width>
    <height>500</height>
    <depth>1</depth>
  </size>
  <segmented>0</segmented>
  <object>
    <name>ship</name>
    <pose>Unspecified</pose>
    <truncated>0</truncated>
    <difficult>0</difficult>
    <bndbox>
      <xmin>313</xmin>
      <ymin>270</ymin>
      <xmax>325</xmax>
      <ymax>284</ymax>
      <x1>313</x1>
      <y1>270</y1>
      <x2>313</x2>
      <y2>284</y2>
      <x3>325</x3>
      <y3>284</y3>
      <x4>325</x4>
      <y4>270</y4>
    </bndbox>
  </object>
  <object>
    <name>ship</name>
    <pose>Unspecified</pose>
    <truncated>0</truncated>
    <difficult>0</difficult>
    <bndbox>
      <xmin>284</xmin>
      <ymin>311</ymin>
      <xmax>307</xmax>
      <ymax>328</ymax>
      <x1>284</x1>
      <y1>311</y1>
      <x2>284</x2>
      <y2>328</y2>
      <x3>307</x3>
      <y3>328</y3>
      <x4>307</x4>
      <y4>311</y4>
    </bndbox>
  </object>
</annotation>
