<annotation>
  <folder>DATA</folder>
  <filename>000471.png</filename>
  <source>
    <database>Unknown</database>
  </source>
  <size>
    <width>500</width>
    <height>500</height>
    <depth>1</depth>
  </size>
  <segmented>0</segmented>
  <object>
    <name>ship</name>
    <pose>Unspecified</pose>
    <truncated>0</truncated>
    <difficult>0</difficult>
    <bndbox>
      <xmin>170</xmin>
      <ymin>232</ymin>
      <xmax>229</xmax>
      <ymax>245</ymax>
      <x1>170</x1>
      <y1>232</y1>
      <x2>170</x2>
      <y2>245</y2>
      <x3>229</x3>
      <y3>245</y3>
      <x4>229</x4>
      <y4>232</y4>
    </bndbox>
  </object>
</annotation>
