<annotation>
  <folder>DATA</folder>
  <filename>000473.png</filename>
  <source>
    <database>Unknown</database>
  </source>
  <size>
    <width>500</width>
    <height>500</height>
    <depth>1</depth>
  </size>
  <segmented>0</segmented>
  <object>
    <name>ship</name>
    <pose>Unspecified</pose>
    <truncated>0</truncated>
    <difficult>0</difficult>
    <bndbox>
      <xmin>229</xmin>
      <ymin>253</ymin>
      <xmax>247</xmax>
      <ymax>294</ymax>
      <x1>229</x1>
      <y1>253</y1>
      <x2>229</x2>
      <y2>294</y2>
      <x3>247</x3>
      <y3>294</y3>
      <x4>247</x4>
      <y4>253</y4>
    </bndbox>
  </object>
</annotation>
