<annotation>
  <folder>DATA</folder>
  <filename>000484.png</filename>
  <source>
    <database>Unknown</database>
  </source>
  <size>
    <width>500</width>
    <height>500</height>
    <depth>1</depth>
  </size>
  <segmented>0</segmented>
  <object>
    <name>ship</name>
    <pose>Unspecified</pose>
    <truncated>0</truncated>
    <difficult>0</difficult>
    <bndbox>
      <xmin>306</xmin>
      <ymin>228</ymin>
      <xmax>319</xmax>
      <ymax>260</ymax>
      <x1>306</x1>
      <y1>228</y1>
      <x2>306</x2>
      <y2>260</y2>
      <x3>319</x3>
      <y3>260</y3>
      <x4>319</x4>
      <y4>228</y4>
    </bndbox>
  </object>
</annotation>
