<annotation>
  <folder>DATA</folder>
  <filename>000486.png</filename>
  <source>
    <database>Unknown</database>
  </source>
  <size>
    <width>500</width>
    <height>500</height>
    <depth>1</depth>
  </size>
  <segmented>0</segmented>
  <object>
    <name>ship</name>
    <pose>Unspecified</pose>
    <truncated>0</truncated>
    <difficult>0</difficult>
    <bndbox>
      <xmin>361</xmin>
      <ymin>45</ymin>
      <xmax>395</xmax>
      <ymax>64</ymax>
      <x1>361</x1>
      <y1>45</y1>
      <x2>361</x2>
      <y2>64</y2>
      <x3>395</x3>
      <y3>64</y3>
      <x4>395</x4>
      <y4>45</y4>
    </bndbox>
  </object>
</annotation>
