<annotation>
  <folder>DATA</folder>
  <filename>000413.png</filename>
  <source>
    <database>Unknown</database>
  </source>
  <size>
    <width>500</width>
    <height>500</height>
    <depth>1</depth>
  </size>
  <segmented>0</segmented>
  <object>
    <name>ship</name>
    <pose>Unspecified</pose>
    <truncated>0</truncated>
    <difficult>0</difficult>
    <bndbox>
      <xmin>191</xmin>
      <ymin>269</ymin>
      <xmax>209</xmax>
      <ymax>302</ymax>
      <x1>191</x1>
      <y1>269</y1>
      <x2>191</x2>
      <y2>302</y2>
      <x3>209</x3>
      <y3>302</y3>
      <x4>209</x4>
      <y4>269</y4>
    </bndbox>
  </object>
</annotation>
