<annotation>
  <folder>DATA</folder>
  <filename>000499.png</filename>
  <source>
    <database>Unknown</database>
  </source>
  <size>
    <width>500</width>
    <height>500</height>
    <depth>1</depth>
  </size>
  <segmented>0</segmented>
  <object>
    <name>ship</name>
    <pose>Unspecified</pose>
    <truncated>0</truncated>
    <difficult>0</difficult>
    <bndbox>
      <xmin>218</xmin>
      <ymin>229</ymin>
      <xmax>238</xmax>
      <ymax>252</ymax>
      <x1>218</x1>
      <y1>229</y1>
      <x2>218</x2>
      <y2>252</y2>
      <x3>238</x3>
      <y3>252</y3>
      <x4>238</x4>
      <y4>229</y4>
    </bndbox>
  </object>
</annotation>
