<annotation>
  <folder>DATA</folder>
  <filename>000425.png</filename>
  <source>
    <database>Unknown</database>
  </source>
  <size>
    <width>500</width>
    <height>500</height>
    <depth>1</depth>
  </size>
  <segmented>0</segmented>
  <object>
    <name>ship</name>
    <pose>Unspecified</pose>
    <truncated>0</truncated>
    <difficult>0</difficult>
    <bndbox>
      <xmin>155</xmin>
      <ymin>70</ymin>
      <xmax>166</xmax>
      <ymax>95</ymax>
      <x1>155</x1>
      <y1>70</y1>
      <x2>155</x2>
      <y2>95</y2>
      <x3>166</x3>
      <y3>95</y3>
      <x4>166</x4>
      <y4>70</y4>
    </bndbox>
  </object>
</annotation>
