<annotation>
  <folder>DATA</folder>
  <filename>000449.png</filename>
  <source>
    <database>Unknown</database>
  </source>
  <size>
    <width>500</width>
    <height>500</height>
    <depth>1</depth>
  </size>
  <segmented>0</segmented>
  <object>
    <name>ship</name>
    <pose>Unspecified</pose>
    <truncated>0</truncated>
    <difficult>0</difficult>
    <bndbox>
      <xmin>152</xmin>
      <ymin>327</ymin>
      <xmax>174</xmax>
      <ymax>342</ymax>
      <x1>152</x1>
      <y1>327</y1>
      <x2>152</x2>
      <y2>342</y2>
      <x3>174</x3>
      <y3>342</y3>
      <x4>174</x4>
      <y4>327</y4>
    </bndbox>
  </object>
  <object>
    <name>ship</name>
    <pose>Unspecified</pose>
    <truncated>0</truncated>
    <difficult>0</difficult>
    <bndbox>
      <xmin>408</xmin>
      <ymin>145</ymin>
      <xmax>430</xmax>
      <ymax>162</ymax>
      <x1>408</x1>
      <y1>145</y1>
      <x2>408</x2>
      <y2>162</y2>
      <x3>430</x3>
      <y3>162</y3>
      <x4>430</x4>
      <y4>145</y4>
    </bndbox>
  </object>
</annotation>
