<annotation>
  <folder>DATA</folder>
  <filename>000455.png</filename>
  <source>
    <database>Unknown</database>
  </source>
  <size>
    <width>500</width>
    <height>500</height>
    <depth>1</depth>
  </size>
  <segmented>0</segmented>
  <object>
    <name>ship</name>
    <pose>Unspecified</pose>
    <truncated>0</truncated>
    <difficult>0</difficult>
    <bndbox>
      <xmin>104</xmin>
      <ymin>164</ymin>
      <xmax>134</xmax>
      <ymax>176</ymax>
      <x1>104</x1>
      <y1>164</y1>
      <x2>104</x2>
      <y2>176</y2>
      <x3>134</x3>
      <y3>176</y3>
      <x4>134</x4>
      <y4>164</y4>
    </bndbox>
  </object>
  <object>
    <name>ship</name>
    <pose>Unspecified</pose>
    <truncated>0</truncated>
    <difficult>0</difficult>
    <bndbox>
      <xmin>371</xmin>
      <ymin>338</ymin>
      <xmax>383</xmax>
      <ymax>357</ymax>
      <x1>371</x1>
      <y1>338</y1>
      <x2>371</x2>
      <y2>357</y2>
      <x3>383</x3>
      <y3>357</y3>
      <x4>383</x4>
      <y4>338</y4>
    </bndbox>
  </object>
</annotation>
