<annotation>
  <folder>DATA</folder>
  <filename>000426.png</filename>
  <source>
    <database>Unknown</database>
  </source>
  <size>
    <width>500</width>
    <height>500</height>
    <depth>1</depth>
  </size>
  <segmented>0</segmented>
  <object>
    <name>ship</name>
    <pose>Unspecified</pose>
    <truncated>0</truncated>
    <difficult>0</difficult>
    <bndbox>
      <xmin>232</xmin>
      <ymin>221</ymin>
      <xmax>247</xmax>
      <ymax>254</ymax>
      <x1>232</x1>
      <y1>221</y1>
      <x2>232</x2>
      <y2>254</y2>
      <x3>247</x3>
      <y3>254</y3>
      <x4>247</x4>
      <y4>221</y4>
    </bndbox>
  </object>
</annotation>
