<annotation>
  <folder>DATA</folder>
  <filename>000443.png</filename>
  <source>
    <database>Unknown</database>
  </source>
  <size>
    <width>500</width>
    <height>500</height>
    <depth>1</depth>
  </size>
  <segmented>0</segmented>
  <object>
    <name>ship</name>
    <pose>Unspecified</pose>
    <truncated>0</truncated>
    <difficult>0</difficult>
    <bndbox>
      <xmin>114</xmin>
      <ymin>138</ymin>
      <xmax>125</xmax>
      <ymax>153</ymax>
      <x1>114</x1>
      <y1>138</y1>
      <x2>114</x2>
      <y2>153</y2>
      <x3>125</x3>
      <y3>153</y3>
      <x4>125</x4>
      <y4>138</y4>
    </bndbox>
  </object>
  <object>
    <name>ship</name>
    <pose>Unspecified</pose>
    <truncated>0</truncated>
    <difficult>0</difficult>
    <bndbox>
      <xmin>252</xmin>
      <ymin>161</ymin>
      <xmax>260</xmax>
      <ymax>180</ymax>
      <x1>252</x1>
      <y1>161</y1>
      <x2>252</x2>
      <y2>180</y2>
      <x3>260</x3>
      <y3>180</y3>
      <x4>260</x4>
      <y4>161</y4>
    </bndbox>
  </object>
</annotation>
