<annotation>
  <folder>DATA</folder>
  <filename>000444.png</filename>
  <source>
    <database>Unknown</database>
  </source>
  <size>
    <width>500</width>
    <height>500</height>
    <depth>1</depth>
  </size>
  <segmented>0</segmented>
  <object>
    <name>ship</name>
    <pose>Unspecified</pose>
    <truncated>0</truncated>
    <difficult>0</difficult>
    <bndbox>
      <xmin>161</xmin>
      <ymin>273</ymin>
      <xmax>170</xmax>
      <ymax>293</ymax>
      <x1>161</x1>
      <y1>273</y1>
      <x2>161</x2>
      <y2>293</y2>
      <x3>170</x3>
      <y3>293</y3>
      <x4>170</x4>
      <y4>273</y4>
    </bndbox>
  </object>
</annotation>
