<annotation>
  <folder>DATA</folder>
  <filename>000423.png</filename>
  <source>
    <database>Unknown</database>
  </source>
  <size>
    <width>500</width>
    <height>500</height>
    <depth>1</depth>
  </size>
  <segmented>0</segmented>
  <object>
    <name>ship</name>
    <pose>Unspecified</pose>
    <truncated>0</truncated>
    <difficult>0</difficult>
    <bndbox>
      <xmin>97</xmin>
      <ymin>275</ymin>
      <xmax>121</xmax>
      <ymax>286</ymax>
      <x1>97</x1>
      <y1>275</y1>
      <x2>97</x2>
      <y2>286</y2>
      <x3>121</x3>
      <y3>286</y3>
      <x4>121</x4>
      <y4>275</y4>
    </bndbox>
  </object>
</annotation>
