<annotation>
  <folder>DATA</folder>
  <filename>000405.png</filename>
  <source>
    <database>Unknown</database>
  </source>
  <size>
    <width>500</width>
    <height>500</height>
    <depth>1</depth>
  </size>
  <segmented>0</segmented>
  <object>
    <name>ship</name>
    <pose>Unspecified</pose>
    <truncated>0</truncated>
    <difficult>0</difficult>
    <bndbox>
      <xmin>334</xmin>
      <ymin>36</ymin>
      <xmax>356</xmax>
      <ymax>66</ymax>
      <x1>334</x1>
      <y1>36</y1>
      <x2>334</x2>
      <y2>66</y2>
      <x3>356</x3>
      <y3>66</y3>
      <x4>356</x4>
      <y4>36</y4>
    </bndbox>
  </object>
  <object>
    <name>ship</name>
    <pose>Unspecified</pose>
    <truncated>0</truncated>
    <difficult>0</difficult>
    <bndbox>
      <xmin>239</xmin>
      <ymin>375</ymin>
      <xmax>262</xmax>
      <ymax>398</ymax>
      <x1>239</x1>
      <y1>375</y1>
      <x2>239</x2>
      <y2>398</y2>
      <x3>262</x3>
      <y3>398</y3>
      <x4>262</x4>
      <y4>375</y4>
    </bndbox>
  </object>
</annotation>
