<annotation>
  <folder>DATA</folder>
  <filename>000460.png</filename>
  <source>
    <database>Unknown</database>
  </source>
  <size>
    <width>500</width>
    <height>500</height>
    <depth>1</depth>
  </size>
  <segmented>0</segmented>
  <object>
    <name>ship</name>
    <pose>Unspecified</pose>
    <truncated>0</truncated>
    <difficult>0</difficult>
    <bndbox>
      <xmin>245</xmin>
      <ymin>302</ymin>
      <xmax>262</xmax>
      <ymax>308</ymax>
      <x1>245</x1>
      <y1>302</y1>
      <x2>245</x2>
      <y2>308</y2>
      <x3>262</x3>
      <y3>308</y3>
      <x4>262</x4>
      <y4>302</y4>
    </bndbox>
  </object>
</annotation>
