<annotation>
  <folder>DATA</folder>
  <filename>000435.png</filename>
  <source>
    <database>Unknown</database>
  </source>
  <size>
    <width>500</width>
    <height>500</height>
    <depth>1</depth>
  </size>
  <segmented>0</segmented>
  <object>
    <name>ship</name>
    <pose>Unspecified</pose>
    <truncated>0</truncated>
    <difficult>0</difficult>
    <bndbox>
      <xmin>200</xmin>
      <ymin>239</ymin>
      <xmax>223</xmax>
      <ymax>247</ymax>
      <x1>200</x1>
      <y1>239</y1>
      <x2>200</x2>
      <y2>247</y2>
      <x3>223</x3>
      <y3>247</y3>
      <x4>223</x4>
      <y4>239</y4>
    </bndbox>
  </object>
</annotation>
