<annotation>
  <folder>DATA</folder>
  <filename>000487.png</filename>
  <source>
    <database>Unknown</database>
  </source>
  <size>
    <width>500</width>
    <height>500</height>
    <depth>1</depth>
  </size>
  <segmented>0</segmented>
  <object>
    <name>ship</name>
    <pose>Unspecified</pose>
    <truncated>0</truncated>
    <difficult>0</difficult>
    <bndbox>
      <xmin>299</xmin>
      <ymin>217</ymin>
      <xmax>318</xmax>
      <ymax>248</ymax>
      <x1>299</x1>
      <y1>217</y1>
      <x2>299</x2>
      <y2>248</y2>
      <x3>318</x3>
      <y3>248</y3>
      <x4>318</x4>
      <y4>217</y4>
    </bndbox>
  </object>
</annotation>
