<annotation>
  <folder>DATA</folder>
  <filename>000463.png</filename>
  <source>
    <database>Unknown</database>
  </source>
  <size>
    <width>500</width>
    <height>500</height>
    <depth>1</depth>
  </size>
  <segmented>0</segmented>
  <object>
    <name>ship</name>
    <pose>Unspecified</pose>
    <truncated>0</truncated>
    <difficult>0</difficult>
    <bndbox>
      <xmin>218</xmin>
      <ymin>308</ymin>
      <xmax>232</xmax>
      <ymax>348</ymax>
      <x1>218</x1>
      <y1>308</y1>
      <x2>218</x2>
      <y2>348</y2>
      <x3>232</x3>
      <y3>348</y3>
      <x4>232</x4>
      <y4>308</y4>
    </bndbox>
  </object>
</annotation>
