<annotation>
  <folder>DATA</folder>
  <filename>000450.png</filename>
  <source>
    <database>Unknown</database>
  </source>
  <size>
    <width>500</width>
    <height>500</height>
    <depth>1</depth>
  </size>
  <segmented>0</segmented>
  <object>
    <name>ship</name>
    <pose>Unspecified</pose>
    <truncated>0</truncated>
    <difficult>0</difficult>
    <bndbox>
      <xmin>216</xmin>
      <ymin>231</ymin>
      <xmax>229</xmax>
      <ymax>248</ymax>
      <x1>216</x1>
      <y1>231</y1>
      <x2>216</x2>
      <y2>248</y2>
      <x3>229</x3>
      <y3>248</y3>
      <x4>229</x4>
      <y4>231</y4>
    </bndbox>
  </object>
</annotation>
