<annotation>
  <folder>DATA</folder>
  <filename>000436.png</filename>
  <source>
    <database>Unknown</database>
  </source>
  <size>
    <width>500</width>
    <height>500</height>
    <depth>1</depth>
  </size>
  <segmented>0</segmented>
  <object>
    <name>ship</name>
    <pose>Unspecified</pose>
    <truncated>0</truncated>
    <difficult>0</difficult>
    <bndbox>
      <xmin>253</xmin>
      <ymin>299</ymin>
      <xmax>270</xmax>
      <ymax>330</ymax>
      <x1>253</x1>
      <y1>299</y1>
      <x2>253</x2>
      <y2>330</y2>
      <x3>270</x3>
      <y3>330</y3>
      <x4>270</x4>
      <y4>299</y4>
    </bndbox>
  </object>
</annotation>
