<annotation>
  <folder>DATA</folder>
  <filename>000495.png</filename>
  <source>
    <database>Unknown</database>
  </source>
  <size>
    <width>500</width>
    <height>500</height>
    <depth>1</depth>
  </size>
  <segmented>0</segmented>
  <object>
    <name>ship</name>
    <pose>Unspecified</pose>
    <truncated>0</truncated>
    <difficult>0</difficult>
    <bndbox>
      <xmin>159</xmin>
      <ymin>344</ymin>
      <xmax>170</xmax>
      <ymax>373</ymax>
      <x1>159</x1>
      <y1>344</y1>
      <x2>159</x2>
      <y2>373</y2>
      <x3>170</x3>
      <y3>373</y3>
      <x4>170</x4>
      <y4>344</y4>
    </bndbox>
  </object>
</annotation>
