<annotation>
  <folder>DATA</folder>
  <filename>000437.png</filename>
  <source>
    <database>Unknown</database>
  </source>
  <size>
    <width>500</width>
    <height>500</height>
    <depth>1</depth>
  </size>
  <segmented>0</segmented>
  <object>
    <name>ship</name>
    <pose>Unspecified</pose>
    <truncated>0</truncated>
    <difficult>0</difficult>
    <bndbox>
      <xmin>274</xmin>
      <ymin>333</ymin>
      <xmax>288</xmax>
      <ymax>355</ymax>
      <x1>274</x1>
      <y1>333</y1>
      <x2>274</x2>
      <y2>355</y2>
      <x3>288</x3>
      <y3>355</y3>
      <x4>288</x4>
      <y4>333</y4>
    </bndbox>
  </object>
</annotation>
