<annotation>
  <folder>DATA</folder>
  <filename>000434.png</filename>
  <source>
    <database>Unknown</database>
  </source>
  <size>
    <width>500</width>
    <height>500</height>
    <depth>1</depth>
  </size>
  <segmented>0</segmented>
  <object>
    <name>ship</name>
    <pose>Unspecified</pose>
    <truncated>0</truncated>
    <difficult>0</difficult>
    <bndbox>
      <xmin>364</xmin>
      <ymin>51</ymin>
      <xmax>376</xmax>
      <ymax>63</ymax>
      <x1>364</x1>
      <y1>51</y1>
      <x2>364</x2>
      <y2>63</y2>
      <x3>376</x3>
      <y3>63</y3>
      <x4>376</x4>
      <y4>51</y4>
    </bndbox>
  </object>
</annotation>
