<annotation>
  <folder>DATA</folder>
  <filename>000445.png</filename>
  <source>
    <database>Unknown</database>
  </source>
  <size>
    <width>500</width>
    <height>500</height>
    <depth>1</depth>
  </size>
  <segmented>0</segmented>
  <object>
    <name>ship</name>
    <pose>Unspecified</pose>
    <truncated>0</truncated>
    <difficult>0</difficult>
    <bndbox>
      <xmin>92</xmin>
      <ymin>182</ymin>
      <xmax>107</xmax>
      <ymax>197</ymax>
      <x1>92</x1>
      <y1>182</y1>
      <x2>92</x2>
      <y2>197</y2>
      <x3>107</x3>
      <y3>197</y3>
      <x4>107</x4>
      <y4>182</y4>
    </bndbox>
  </object>
</annotation>
