<annotation>
  <folder>DATA</folder>
  <filename>000472.png</filename>
  <source>
    <database>Unknown</database>
  </source>
  <size>
    <width>500</width>
    <height>500</height>
    <depth>1</depth>
  </size>
  <segmented>0</segmented>
  <object>
    <name>ship</name>
    <pose>Unspecified</pose>
    <truncated>0</truncated>
    <difficult>0</difficult>
    <bndbox>
      <xmin>232</xmin>
      <ymin>234</ymin>
      <xmax>252</xmax>
      <ymax>272</ymax>
      <x1>232</x1>
      <y1>234</y1>
      <x2>232</x2>
      <y2>272</y2>
      <x3>252</x3>
      <y3>272</y3>
      <x4>252</x4>
      <y4>234</y4>
    </bndbox>
  </object>
</annotation>
