<annotation>
  <folder>DATA</folder>
  <filename>000469.png</filename>
  <source>
    <database>Unknown</database>
  </source>
  <size>
    <width>500</width>
    <height>500</height>
    <depth>1</depth>
  </size>
  <segmented>0</segmented>
  <object>
    <name>ship</name>
    <pose>Unspecified</pose>
    <truncated>0</truncated>
    <difficult>0</difficult>
    <bndbox>
      <xmin>314</xmin>
      <ymin>231</ymin>
      <xmax>337</xmax>
      <ymax>263</ymax>
      <x1>314</x1>
      <y1>231</y1>
      <x2>314</x2>
      <y2>263</y2>
      <x3>337</x3>
      <y3>263</y3>
      <x4>337</x4>
      <y4>231</y4>
    </bndbox>
  </object>
</annotation>
