<annotation>
  <folder>DATA</folder>
  <filename>000476.png</filename>
  <source>
    <database>Unknown</database>
  </source>
  <size>
    <width>500</width>
    <height>500</height>
    <depth>1</depth>
  </size>
  <segmented>0</segmented>
  <object>
    <name>ship</name>
    <pose>Unspecified</pose>
    <truncated>0</truncated>
    <difficult>0</difficult>
    <bndbox>
      <xmin>307</xmin>
      <ymin>173</ymin>
      <xmax>334</xmax>
      <ymax>202</ymax>
      <x1>307</x1>
      <y1>173</y1>
      <x2>307</x2>
      <y2>202</y2>
      <x3>334</x3>
      <y3>202</y3>
      <x4>334</x4>
      <y4>173</y4>
    </bndbox>
  </object>
</annotation>
