<annotation>
  <folder>DATA</folder>
  <filename>000430.png</filename>
  <source>
    <database>Unknown</database>
  </source>
  <size>
    <width>500</width>
    <height>500</height>
    <depth>1</depth>
  </size>
  <segmented>0</segmented>
  <object>
    <name>ship</name>
    <pose>Unspecified</pose>
    <truncated>0</truncated>
    <difficult>0</difficult>
    <bndbox>
      <xmin>94</xmin>
      <ymin>234</ymin>
      <xmax>128</xmax>
      <ymax>245</ymax>
      <x1>94</x1>
      <y1>234</y1>
      <x2>94</x2>
      <y2>245</y2>
      <x3>128</x3>
      <y3>245</y3>
      <x4>128</x4>
      <y4>234</y4>
    </bndbox>
  </object>
  <object>
    <name>ship</name>
    <pose>Unspecified</pose>
    <truncated>0</truncated>
    <difficult>0</difficult>
    <bndbox>
      <xmin>14</xmin>
      <ymin>274</ymin>
      <xmax>38</xmax>
      <ymax>283</ymax>
      <x1>14</x1>
      <y1>274</y1>
      <x2>14</x2>
      <y2>283</y2>
      <x3>38</x3>
      <y3>283</y3>
      <x4>38</x4>
      <y4>274</y4>
    </bndbox>
  </object>
  <object>
    <name>ship</name>
    <pose>Unspecified</pose>
    <truncated>0</truncated>
    <difficult>0</difficult>
    <bndbox>
      <xmin>438</xmin>
      <ymin>416</ymin>
      <xmax>463</xmax>
      <ymax>426</ymax>
      <x1>438</x1>
      <y1>416</y1>
      <x2>438</x2>
      <y2>426</y2>
      <x3>463</x3>
      <y3>426</y3>
      <x4>463</x4>
      <y4>416</y4>
    </bndbox>
  </object>
</annotation>
