<annotation>
  <folder>DATA</folder>
  <filename>000408.png</filename>
  <source>
    <database>Unknown</database>
  </source>
  <size>
    <width>500</width>
    <height>500</height>
    <depth>1</depth>
  </size>
  <segmented>0</segmented>
  <object>
    <name>ship</name>
    <pose>Unspecified</pose>
    <truncated>0</truncated>
    <difficult>0</difficult>
    <bndbox>
      <xmin>336</xmin>
      <ymin>215</ymin>
      <xmax>347</xmax>
      <ymax>263</ymax>
      <x1>336</x1>
      <y1>215</y1>
      <x2>336</x2>
      <y2>263</y2>
      <x3>347</x3>
      <y3>263</y3>
      <x4>347</x4>
      <y4>215</y4>
    </bndbox>
  </object>
  <object>
    <name>ship</name>
    <pose>Unspecified</pose>
    <truncated>0</truncated>
    <difficult>0</difficult>
    <bndbox>
      <xmin>117</xmin>
      <ymin>323</ymin>
      <xmax>149</xmax>
      <ymax>348</ymax>
      <x1>117</x1>
      <y1>323</y1>
      <x2>117</x2>
      <y2>348</y2>
      <x3>149</x3>
      <y3>348</y3>
      <x4>149</x4>
      <y4>323</y4>
    </bndbox>
  </object>
</annotation>
