<annotation>
  <folder>DATA</folder>
  <filename>000452.png</filename>
  <source>
    <database>Unknown</database>
  </source>
  <size>
    <width>500</width>
    <height>500</height>
    <depth>1</depth>
  </size>
  <segmented>0</segmented>
  <object>
    <name>ship</name>
    <pose>Unspecified</pose>
    <truncated>0</truncated>
    <difficult>0</difficult>
    <bndbox>
      <xmin>119</xmin>
      <ymin>363</ymin>
      <xmax>138</xmax>
      <ymax>372</ymax>
      <x1>119</x1>
      <y1>363</y1>
      <x2>119</x2>
      <y2>372</y2>
      <x3>138</x3>
      <y3>372</y3>
      <x4>138</x4>
      <y4>363</y4>
    </bndbox>
  </object>
</annotation>
