<annotation>
  <folder>DATA</folder>
  <filename>000416.png</filename>
  <source>
    <database>Unknown</database>
  </source>
  <size>
    <width>500</width>
    <height>500</height>
    <depth>1</depth>
  </size>
  <segmented>0</segmented>
  <object>
    <name>ship</name>
    <pose>Unspecified</pose>
    <truncated>0</truncated>
    <difficult>0</difficult>
    <bndbox>
      <xmin>137</xmin>
      <ymin>105</ymin>
      <xmax>153</xmax>
      <ymax>123</ymax>
      <x1>137</x1>
      <y1>105</y1>
      <x2>137</x2>
      <y2>123</y2>
      <x3>153</x3>
      <y3>123</y3>
      <x4>153</x4>
      <y4>105</y4>
    </bndbox>
  </object>
</annotation>
