<annotation>
  <folder>DATA</folder>
  <filename>000475.png</filename>
  <source>
    <database>Unknown</database>
  </source>
  <size>
    <width>500</width>
    <height>500</height>
    <depth>1</depth>
  </size>
  <segmented>0</segmented>
  <object>
    <name>ship</name>
    <pose>Unspecified</pose>
    <truncated>0</truncated>
    <difficult>0</difficult>
    <bndbox>
      <xmin>203</xmin>
      <ymin>151</ymin>
      <xmax>250</xmax>
      <ymax>197</ymax>
      <x1>203</x1>
      <y1>151</y1>
      <x2>203</x2>
      <y2>197</y2>
      <x3>250</x3>
      <y3>197</y3>
      <x4>250</x4>
      <y4>151</y4>
    </bndbox>
  </object>
</annotation>
