<annotation>
  <folder>DATA</folder>
  <filename>000409.png</filename>
  <source>
    <database>Unknown</database>
  </source>
  <size>
    <width>500</width>
    <height>500</height>
    <depth>1</depth>
  </size>
  <segmented>0</segmented>
  <object>
    <name>ship</name>
    <pose>Unspecified</pose>
    <truncated>0</truncated>
    <difficult>0</difficult>
    <bndbox>
      <xmin>173</xmin>
      <ymin>248</ymin>
      <xmax>183</xmax>
      <ymax>273</ymax>
      <x1>173</x1>
      <y1>248</y1>
      <x2>173</x2>
      <y2>273</y2>
      <x3>183</x3>
      <y3>273</y3>
      <x4>183</x4>
      <y4>248</y4>
    </bndbox>
  </object>
  <object>
    <name>ship</name>
    <pose>Unspecified</pose>
    <truncated>0</truncated>
    <difficult>0</difficult>
    <bndbox>
      <xmin>156</xmin>
      <ymin>346</ymin>
      <xmax>166</xmax>
      <ymax>371</ymax>
      <x1>156</x1>
      <y1>346</y1>
      <x2>156</x2>
      <y2>371</y2>
      <x3>166</x3>
      <y3>371</y3>
      <x4>166</x4>
      <y4>346</y4>
    </bndbox>
  </object>
  <object>
    <name>ship</name>
    <pose>Unspecified</pose>
    <truncated>0</truncated>
    <difficult>0</difficult>
    <bndbox>
      <xmin>185</xmin>
      <ymin>373</ymin>
      <xmax>199</xmax>
      <ymax>403</ymax>
      <x1>185</x1>
      <y1>373</y1>
      <x2>185</x2>
      <y2>403</y2>
      <x3>199</x3>
      <y3>403</y3>
      <x4>199</x4>
      <y4>373</y4>
    </bndbox>
  </object>
</annotation>
