<annotation>
  <folder>DATA</folder>
  <filename>000448.png</filename>
  <source>
    <database>Unknown</database>
  </source>
  <size>
    <width>500</width>
    <height>500</height>
    <depth>1</depth>
  </size>
  <segmented>0</segmented>
  <object>
    <name>ship</name>
    <pose>Unspecified</pose>
    <truncated>0</truncated>
    <difficult>0</difficult>
    <bndbox>
      <xmin>220</xmin>
      <ymin>231</ymin>
      <xmax>260</xmax>
      <ymax>247</ymax>
      <x1>220</x1>
      <y1>231</y1>
      <x2>220</x2>
      <y2>247</y2>
      <x3>260</x3>
      <y3>247</y3>
      <x4>260</x4>
      <y4>231</y4>
    </bndbox>
  </object>
</annotation>
