<annotation>
  <folder>DATA</folder>
  <filename>000464.png</filename>
  <source>
    <database>Unknown</database>
  </source>
  <size>
    <width>500</width>
    <height>500</height>
    <depth>1</depth>
  </size>
  <segmented>0</segmented>
  <object>
    <name>ship</name>
    <pose>Unspecified</pose>
    <truncated>0</truncated>
    <difficult>0</difficult>
    <bndbox>
      <xmin>303</xmin>
      <ymin>372</ymin>
      <xmax>327</xmax>
      <ymax>388</ymax>
      <x1>303</x1>
      <y1>372</y1>
      <x2>303</x2>
      <y2>388</y2>
      <x3>327</x3>
      <y3>388</y3>
      <x4>327</x4>
      <y4>372</y4>
    </bndbox>
  </object>
</annotation>
