<annotation>
  <folder>DATA</folder>
  <filename>000477.png</filename>
  <source>
    <database>Unknown</database>
  </source>
  <size>
    <width>500</width>
    <height>500</height>
    <depth>1</depth>
  </size>
  <segmented>0</segmented>
  <object>
    <name>ship</name>
    <pose>Unspecified</pose>
    <truncated>0</truncated>
    <difficult>0</difficult>
    <bndbox>
      <xmin>165</xmin>
      <ymin>226</ymin>
      <xmax>195</xmax>
      <ymax>268</ymax>
      <x1>165</x1>
      <y1>226</y1>
      <x2>165</x2>
      <y2>268</y2>
      <x3>195</x3>
      <y3>268</y3>
      <x4>195</x4>
      <y4>226</y4>
    </bndbox>
  </object>
</annotation>
