<annotation>
  <folder>DATA</folder>
  <filename>000485.png</filename>
  <source>
    <database>Unknown</database>
  </source>
  <size>
    <width>500</width>
    <height>500</height>
    <depth>1</depth>
  </size>
  <segmented>0</segmented>
  <object>
    <name>ship</name>
    <pose>Unspecified</pose>
    <truncated>0</truncated>
    <difficult>0</difficult>
    <bndbox>
      <xmin>323</xmin>
      <ymin>118</ymin>
      <xmax>347</xmax>
      <ymax>141</ymax>
      <x1>323</x1>
      <y1>118</y1>
      <x2>323</x2>
      <y2>141</y2>
      <x3>347</x3>
      <y3>141</y3>
      <x4>347</x4>
      <y4>118</y4>
    </bndbox>
  </object>
  <object>
    <name>ship</name>
    <pose>Unspecified</pose>
    <truncated>0</truncated>
    <difficult>0</difficult>
    <bndbox>
      <xmin>359</xmin>
      <ymin>30</ymin>
      <xmax>374</xmax>
      <ymax>58</ymax>
      <x1>359</x1>
      <y1>30</y1>
      <x2>359</x2>
      <y2>58</y2>
      <x3>374</x3>
      <y3>58</y3>
      <x4>374</x4>
      <y4>30</y4>
    </bndbox>
  </object>
</annotation>
