<annotation>
  <folder>DATA</folder>
  <filename>000418.png</filename>
  <source>
    <database>Unknown</database>
  </source>
  <size>
    <width>500</width>
    <height>500</height>
    <depth>1</depth>
  </size>
  <segmented>0</segmented>
  <object>
    <name>ship</name>
    <pose>Unspecified</pose>
    <truncated>0</truncated>
    <difficult>0</difficult>
    <bndbox>
      <xmin>334</xmin>
      <ymin>255</ymin>
      <xmax>370</xmax>
      <ymax>265</ymax>
      <x1>334</x1>
      <y1>255</y1>
      <x2>334</x2>
      <y2>265</y2>
      <x3>370</x3>
      <y3>265</y3>
      <x4>370</x4>
      <y4>255</y4>
    </bndbox>
  </object>
</annotation>
