<annotation>
  <folder>DATA</folder>
  <filename>000428.png</filename>
  <source>
    <database>Unknown</database>
  </source>
  <size>
    <width>500</width>
    <height>500</height>
    <depth>1</depth>
  </size>
  <segmented>0</segmented>
  <object>
    <name>ship</name>
    <pose>Unspecified</pose>
    <truncated>0</truncated>
    <difficult>0</difficult>
    <bndbox>
      <xmin>435</xmin>
      <ymin>448</ymin>
      <xmax>473</xmax>
      <ymax>457</ymax>
      <x1>435</x1>
      <y1>448</y1>
      <x2>435</x2>
      <y2>457</y2>
      <x3>473</x3>
      <y3>457</y3>
      <x4>473</x4>
      <y4>448</y4>
    </bndbox>
  </object>
  <object>
    <name>ship</name>
    <pose>Unspecified</pose>
    <truncated>0</truncated>
    <difficult>1</difficult>
    <bndbox>
      <xmin>136</xmin>
      <ymin>334</ymin>
      <xmax>148</xmax>
      <ymax>363</ymax>
      <x1>136</x1>
      <y1>334</y1>
      <x2>136</x2>
      <y2>363</y2>
      <x3>148</x3>
      <y3>363</y3>
      <x4>148</x4>
      <y4>334</y4>
    </bndbox>
  </object>
  <object>
    <name>ship</name>
    <pose>Unspecified</pose>
    <truncated>0</truncated>
    <difficult>1</difficult>
    <bndbox>
      <xmin>23</xmin>
      <ymin>452</ymin>
      <xmax>43</xmax>
      <ymax>478</ymax>
      <x1>23</x1>
      <y1>452</y1>
      <x2>23</x2>
      <y2>478</y2>
      <x3>43</x3>
      <y3>478</y3>
      <x4>43</x4>
      <y4>452</y4>
    </bndbox>
  </object>
</annotation>
