<annotation>
  <folder>DATA</folder>
  <filename>000442.png</filename>
  <source>
    <database>Unknown</database>
  </source>
  <size>
    <width>500</width>
    <height>500</height>
    <depth>1</depth>
  </size>
  <segmented>0</segmented>
  <object>
    <name>ship</name>
    <pose>Unspecified</pose>
    <truncated>0</truncated>
    <difficult>0</difficult>
    <bndbox>
      <xmin>117</xmin>
      <ymin>267</ymin>
      <xmax>127</xmax>
      <ymax>290</ymax>
      <x1>117</x1>
      <y1>267</y1>
      <x2>117</x2>
      <y2>290</y2>
      <x3>127</x3>
      <y3>290</y3>
      <x4>127</x4>
      <y4>267</y4>
    </bndbox>
  </object>
</annotation>
