<annotation>
  <folder>DATA</folder>
  <filename>000447.png</filename>
  <source>
    <database>Unknown</database>
  </source>
  <size>
    <width>500</width>
    <height>500</height>
    <depth>1</depth>
  </size>
  <segmented>0</segmented>
  <object>
    <name>ship</name>
    <pose>Unspecified</pose>
    <truncated>0</truncated>
    <difficult>0</difficult>
    <bndbox>
      <xmin>257</xmin>
      <ymin>242</ymin>
      <xmax>280</xmax>
      <ymax>255</ymax>
      <x1>257</x1>
      <y1>242</y1>
      <x2>257</x2>
      <y2>255</y2>
      <x3>280</x3>
      <y3>255</y3>
      <x4>280</x4>
      <y4>242</y4>
    </bndbox>
  </object>
</annotation>
