<annotation>
  <folder>DATA</folder>
  <filename>000441.png</filename>
  <source>
    <database>Unknown</database>
  </source>
  <size>
    <width>500</width>
    <height>500</height>
    <depth>1</depth>
  </size>
  <segmented>0</segmented>
  <object>
    <name>ship</name>
    <pose>Unspecified</pose>
    <truncated>0</truncated>
    <difficult>0</difficult>
    <bndbox>
      <xmin>179</xmin>
      <ymin>136</ymin>
      <xmax>188</xmax>
      <ymax>159</ymax>
      <x1>179</x1>
      <y1>136</y1>
      <x2>179</x2>
      <y2>159</y2>
      <x3>188</x3>
      <y3>159</y3>
      <x4>188</x4>
      <y4>136</y4>
    </bndbox>
  </object>
  <object>
    <name>ship</name>
    <pose>Unspecified</pose>
    <truncated>0</truncated>
    <difficult>0</difficult>
    <bndbox>
      <xmin>244</xmin>
      <ymin>226</ymin>
      <xmax>252</xmax>
      <ymax>245</ymax>
      <x1>244</x1>
      <y1>226</y1>
      <x2>244</x2>
      <y2>245</y2>
      <x3>252</x3>
      <y3>245</y3>
      <x4>252</x4>
      <y4>226</y4>
    </bndbox>
  </object>
  <object>
    <name>ship</name>
    <pose>Unspecified</pose>
    <truncated>0</truncated>
    <difficult>0</difficult>
    <bndbox>
      <xmin>270</xmin>
      <ymin>297</ymin>
      <xmax>280</xmax>
      <ymax>314</ymax>
      <x1>270</x1>
      <y1>297</y1>
      <x2>270</x2>
      <y2>314</y2>
      <x3>280</x3>
      <y3>314</y3>
      <x4>280</x4>
      <y4>297</y4>
    </bndbox>
  </object>
</annotation>
