<annotation>
  <folder>DATA</folder>
  <filename>000412.png</filename>
  <source>
    <database>Unknown</database>
  </source>
  <size>
    <width>500</width>
    <height>500</height>
    <depth>1</depth>
  </size>
  <segmented>0</segmented>
  <object>
    <name>ship</name>
    <pose>Unspecified</pose>
    <truncated>0</truncated>
    <difficult>0</difficult>
    <bndbox>
      <xmin>237</xmin>
      <ymin>260</ymin>
      <xmax>252</xmax>
      <ymax>285</ymax>
      <x1>237</x1>
      <y1>260</y1>
      <x2>237</x2>
      <y2>285</y2>
      <x3>252</x3>
      <y3>285</y3>
      <x4>252</x4>
      <y4>260</y4>
    </bndbox>
  </object>
</annotation>
