<annotation>
  <folder>DATA</folder>
  <filename>000458.png</filename>
  <source>
    <database>Unknown</database>
  </source>
  <size>
    <width>500</width>
    <height>500</height>
    <depth>1</depth>
  </size>
  <segmented>0</segmented>
  <object>
    <name>ship</name>
    <pose>Unspecified</pose>
    <truncated>0</truncated>
    <difficult>0</difficult>
    <bndbox>
      <xmin>367</xmin>
      <ymin>50</ymin>
      <xmax>403</xmax>
      <ymax>57</ymax>
      <x1>367</x1>
      <y1>50</y1>
      <x2>367</x2>
      <y2>57</y2>
      <x3>403</x3>
      <y3>57</y3>
      <x4>403</x4>
      <y4>50</y4>
    </bndbox>
  </object>
</annotation>
