<annotation>
  <folder>DATA</folder>
  <filename>000417.png</filename>
  <source>
    <database>Unknown</database>
  </source>
  <size>
    <width>500</width>
    <height>500</height>
    <depth>1</depth>
  </size>
  <segmented>0</segmented>
  <object>
    <name>ship</name>
    <pose>Unspecified</pose>
    <truncated>0</truncated>
    <difficult>0</difficult>
    <bndbox>
      <xmin>294</xmin>
      <ymin>270</ymin>
      <xmax>302</xmax>
      <ymax>295</ymax>
      <x1>294</x1>
      <y1>270</y1>
      <x2>294</x2>
      <y2>295</y2>
      <x3>302</x3>
      <y3>295</y3>
      <x4>302</x4>
      <y4>270</y4>
    </bndbox>
  </object>
</annotation>
