<annotation>
  <folder>DATA</folder>
  <filename>000420.png</filename>
  <source>
    <database>Unknown</database>
  </source>
  <size>
    <width>500</width>
    <height>500</height>
    <depth>1</depth>
  </size>
  <segmented>0</segmented>
  <object>
    <name>ship</name>
    <pose>Unspecified</pose>
    <truncated>0</truncated>
    <difficult>0</difficult>
    <bndbox>
      <xmin>86</xmin>
      <ymin>344</ymin>
      <xmax>113</xmax>
      <ymax>377</ymax>
      <x1>86</x1>
      <y1>344</y1>
      <x2>86</x2>
      <y2>377</y2>
      <x3>113</x3>
      <y3>377</y3>
      <x4>113</x4>
      <y4>344</y4>
    </bndbox>
  </object>
  <object>
    <name>ship</name>
    <pose>Unspecified</pose>
    <truncated>0</truncated>
    <difficult>0</difficult>
    <bndbox>
      <xmin>90</xmin>
      <ymin>454</ymin>
      <xmax>114</xmax>
      <ymax>475</ymax>
      <x1>90</x1>
      <y1>454</y1>
      <x2>90</x2>
      <y2>475</y2>
      <x3>114</x3>
      <y3>475</y3>
      <x4>114</x4>
      <y4>454</y4>
    </bndbox>
  </object>
</annotation>
