<annotation>
  <folder>DATA</folder>
  <filename>000421.png</filename>
  <source>
    <database>Unknown</database>
  </source>
  <size>
    <width>500</width>
    <height>500</height>
    <depth>1</depth>
  </size>
  <segmented>0</segmented>
  <object>
    <name>ship</name>
    <pose>Unspecified</pose>
    <truncated>0</truncated>
    <difficult>0</difficult>
    <bndbox>
      <xmin>52</xmin>
      <ymin>73</ymin>
      <xmax>92</xmax>
      <ymax>115</ymax>
      <x1>52</x1>
      <y1>73</y1>
      <x2>52</x2>
      <y2>115</y2>
      <x3>92</x3>
      <y3>115</y3>
      <x4>92</x4>
      <y4>73</y4>
    </bndbox>
  </object>
</annotation>
