<annotation>
  <folder>DATA</folder>
  <filename>000459.png</filename>
  <source>
    <database>Unknown</database>
  </source>
  <size>
    <width>500</width>
    <height>500</height>
    <depth>1</depth>
  </size>
  <segmented>0</segmented>
  <object>
    <name>ship</name>
    <pose>Unspecified</pose>
    <truncated>0</truncated>
    <difficult>0</difficult>
    <bndbox>
      <xmin>186</xmin>
      <ymin>98</ymin>
      <xmax>199</xmax>
      <ymax>130</ymax>
      <x1>186</x1>
      <y1>98</y1>
      <x2>186</x2>
      <y2>130</y2>
      <x3>199</x3>
      <y3>130</y3>
      <x4>199</x4>
      <y4>98</y4>
    </bndbox>
  </object>
</annotation>
