<annotation>
  <folder>DATA</folder>
  <filename>000457.png</filename>
  <source>
    <database>Unknown</database>
  </source>
  <size>
    <width>500</width>
    <height>500</height>
    <depth>1</depth>
  </size>
  <segmented>0</segmented>
  <object>
    <name>ship</name>
    <pose>Unspecified</pose>
    <truncated>0</truncated>
    <difficult>0</difficult>
    <bndbox>
      <xmin>251</xmin>
      <ymin>246</ymin>
      <xmax>265</xmax>
      <ymax>263</ymax>
      <x1>251</x1>
      <y1>246</y1>
      <x2>251</x2>
      <y2>263</y2>
      <x3>265</x3>
      <y3>263</y3>
      <x4>265</x4>
      <y4>246</y4>
    </bndbox>
  </object>
</annotation>
