<annotation>
  <folder>DATA</folder>
  <filename>000415.png</filename>
  <source>
    <database>Unknown</database>
  </source>
  <size>
    <width>500</width>
    <height>500</height>
    <depth>1</depth>
  </size>
  <segmented>0</segmented>
  <object>
    <name>ship</name>
    <pose>Unspecified</pose>
    <truncated>0</truncated>
    <difficult>0</difficult>
    <bndbox>
      <xmin>274</xmin>
      <ymin>197</ymin>
      <xmax>282</xmax>
      <ymax>224</ymax>
      <x1>274</x1>
      <y1>197</y1>
      <x2>274</x2>
      <y2>224</y2>
      <x3>282</x3>
      <y3>224</y3>
      <x4>282</x4>
      <y4>197</y4>
    </bndbox>
  </object>
</annotation>
