<annotation>
  <folder>DATA</folder>
  <filename>000424.png</filename>
  <source>
    <database>Unknown</database>
  </source>
  <size>
    <width>500</width>
    <height>500</height>
    <depth>1</depth>
  </size>
  <segmented>0</segmented>
  <object>
    <name>ship</name>
    <pose>Unspecified</pose>
    <truncated>0</truncated>
    <difficult>0</difficult>
    <bndbox>
      <xmin>231</xmin>
      <ymin>129</ymin>
      <xmax>258</xmax>
      <ymax>166</ymax>
      <x1>231</x1>
      <y1>129</y1>
      <x2>231</x2>
      <y2>166</y2>
      <x3>258</x3>
      <y3>166</y3>
      <x4>258</x4>
      <y4>129</y4>
    </bndbox>
  </object>
  <object>
    <name>ship</name>
    <pose>Unspecified</pose>
    <truncated>0</truncated>
    <difficult>0</difficult>
    <bndbox>
      <xmin>157</xmin>
      <ymin>302</ymin>
      <xmax>183</xmax>
      <ymax>312</ymax>
      <x1>157</x1>
      <y1>302</y1>
      <x2>157</x2>
      <y2>312</y2>
      <x3>183</x3>
      <y3>312</y3>
      <x4>183</x4>
      <y4>302</y4>
    </bndbox>
  </object>
  <object>
    <name>ship</name>
    <pose>Unspecified</pose>
    <truncated>0</truncated>
    <difficult>0</difficult>
    <bndbox>
      <xmin>183</xmin>
      <ymin>354</ymin>
      <xmax>202</xmax>
      <ymax>387</ymax>
      <x1>183</x1>
      <y1>354</y1>
      <x2>183</x2>
      <y2>387</y2>
      <x3>202</x3>
      <y3>387</y3>
      <x4>202</x4>
      <y4>354</y4>
    </bndbox>
  </object>
  <object>
    <name>ship</name>
    <pose>Unspecified</pose>
    <truncated>0</truncated>
    <difficult>0</difficult>
    <bndbox>
      <xmin>466</xmin>
      <ymin>89</ymin>
      <xmax>479</xmax>
      <ymax>108</ymax>
      <x1>466</x1>
      <y1>89</y1>
      <x2>466</x2>
      <y2>108</y2>
      <x3>479</x3>
      <y3>108</y3>
      <x4>479</x4>
      <y4>89</y4>
    </bndbox>
  </object>
  <object>
    <name>ship</name>
    <pose>Unspecified</pose>
    <truncated>0</truncated>
    <difficult>0</difficult>
    <bndbox>
      <xmin>479</xmin>
      <ymin>308</ymin>
      <xmax>497</xmax>
      <ymax>325</ymax>
      <x1>479</x1>
      <y1>308</y1>
      <x2>479</x2>
      <y2>325</y2>
      <x3>497</x3>
      <y3>325</y3>
      <x4>497</x4>
      <y4>308</y4>
    </bndbox>
  </object>
</annotation>
