<annotation>
  <folder>DATA</folder>
  <filename>000407.png</filename>
  <source>
    <database>Unknown</database>
  </source>
  <size>
    <width>500</width>
    <height>500</height>
    <depth>1</depth>
  </size>
  <segmented>0</segmented>
  <object>
    <name>ship</name>
    <pose>Unspecified</pose>
    <truncated>0</truncated>
    <difficult>0</difficult>
    <bndbox>
      <xmin>402</xmin>
      <ymin>122</ymin>
      <xmax>419</xmax>
      <ymax>156</ymax>
      <x1>402</x1>
      <y1>122</y1>
      <x2>402</x2>
      <y2>156</y2>
      <x3>419</x3>
      <y3>156</y3>
      <x4>419</x4>
      <y4>122</y4>
    </bndbox>
  </object>
  <object>
    <name>ship</name>
    <pose>Unspecified</pose>
    <truncated>0</truncated>
    <difficult>0</difficult>
    <bndbox>
      <xmin>76</xmin>
      <ymin>313</ymin>
      <xmax>95</xmax>
      <ymax>343</ymax>
      <x1>76</x1>
      <y1>313</y1>
      <x2>76</x2>
      <y2>343</y2>
      <x3>95</x3>
      <y3>343</y3>
      <x4>95</x4>
      <y4>313</y4>
    </bndbox>
  </object>
</annotation>
