<annotation>
  <folder>DATA</folder>
  <filename>000446.png</filename>
  <source>
    <database>Unknown</database>
  </source>
  <size>
    <width>500</width>
    <height>500</height>
    <depth>1</depth>
  </size>
  <segmented>0</segmented>
  <object>
    <name>ship</name>
    <pose>Unspecified</pose>
    <truncated>0</truncated>
    <difficult>0</difficult>
    <bndbox>
      <xmin>278</xmin>
      <ymin>214</ymin>
      <xmax>284</xmax>
      <ymax>229</ymax>
      <x1>278</x1>
      <y1>214</y1>
      <x2>278</x2>
      <y2>229</y2>
      <x3>284</x3>
      <y3>229</y3>
      <x4>284</x4>
      <y4>214</y4>
    </bndbox>
  </object>
</annotation>
