<annotation>
  <folder>DATA</folder>
  <filename>000403.png</filename>
  <source>
    <database>Unknown</database>
  </source>
  <size>
    <width>500</width>
    <height>500</height>
    <depth>1</depth>
  </size>
  <segmented>0</segmented>
  <object>
    <name>ship</name>
    <pose>Unspecified</pose>
    <truncated>0</truncated>
    <difficult>0</difficult>
    <bndbox>
      <xmin>245</xmin>
      <ymin>246</ymin>
      <xmax>268</xmax>
      <ymax>272</ymax>
      <x1>245</x1>
      <y1>246</y1>
      <x2>245</x2>
      <y2>272</y2>
      <x3>268</x3>
      <y3>272</y3>
      <x4>268</x4>
      <y4>246</y4>
    </bndbox>
  </object>
</annotation>
