<annotation>
  <folder>DATA</folder>
  <filename>000497.png</filename>
  <source>
    <database>Unknown</database>
  </source>
  <size>
    <width>500</width>
    <height>500</height>
    <depth>1</depth>
  </size>
  <segmented>0</segmented>
  <object>
    <name>ship</name>
    <pose>Unspecified</pose>
    <truncated>0</truncated>
    <difficult>0</difficult>
    <bndbox>
      <xmin>223</xmin>
      <ymin>338</ymin>
      <xmax>236</xmax>
      <ymax>365</ymax>
      <x1>223</x1>
      <y1>338</y1>
      <x2>223</x2>
      <y2>365</y2>
      <x3>236</x3>
      <y3>365</y3>
      <x4>236</x4>
      <y4>338</y4>
    </bndbox>
  </object>
</annotation>
