<annotation>
  <folder>DATA</folder>
  <filename>000478.png</filename>
  <source>
    <database>Unknown</database>
  </source>
  <size>
    <width>500</width>
    <height>500</height>
    <depth>1</depth>
  </size>
  <segmented>0</segmented>
  <object>
    <name>ship</name>
    <pose>Unspecified</pose>
    <truncated>0</truncated>
    <difficult>0</difficult>
    <bndbox>
      <xmin>58</xmin>
      <ymin>137</ymin>
      <xmax>88</xmax>
      <ymax>149</ymax>
      <x1>58</x1>
      <y1>137</y1>
      <x2>58</x2>
      <y2>149</y2>
      <x3>88</x3>
      <y3>149</y3>
      <x4>88</x4>
      <y4>137</y4>
    </bndbox>
  </object>
  <object>
    <name>ship</name>
    <pose>Unspecified</pose>
    <truncated>0</truncated>
    <difficult>0</difficult>
    <bndbox>
      <xmin>361</xmin>
      <ymin>310</ymin>
      <xmax>386</xmax>
      <ymax>329</ymax>
      <x1>361</x1>
      <y1>310</y1>
      <x2>361</x2>
      <y2>329</y2>
      <x3>386</x3>
      <y3>329</y3>
      <x4>386</x4>
      <y4>310</y4>
    </bndbox>
  </object>
</annotation>
