<annotation>
  <folder>DATA</folder>
  <filename>000474.png</filename>
  <source>
    <database>Unknown</database>
  </source>
  <size>
    <width>500</width>
    <height>500</height>
    <depth>1</depth>
  </size>
  <segmented>0</segmented>
  <object>
    <name>ship</name>
    <pose>Unspecified</pose>
    <truncated>0</truncated>
    <difficult>0</difficult>
    <bndbox>
      <xmin>265</xmin>
      <ymin>355</ymin>
      <xmax>308</xmax>
      <ymax>390</ymax>
      <x1>265</x1>
      <y1>355</y1>
      <x2>265</x2>
      <y2>390</y2>
      <x3>308</x3>
      <y3>390</y3>
      <x4>308</x4>
      <y4>355</y4>
    </bndbox>
  </object>
</annotation>
