<annotation>
  <folder>DATA</folder>
  <filename>000480.png</filename>
  <source>
    <database>Unknown</database>
  </source>
  <size>
    <width>500</width>
    <height>500</height>
    <depth>1</depth>
  </size>
  <segmented>0</segmented>
  <object>
    <name>ship</name>
    <pose>Unspecified</pose>
    <truncated>0</truncated>
    <difficult>0</difficult>
    <bndbox>
      <xmin>247</xmin>
      <ymin>335</ymin>
      <xmax>285</xmax>
      <ymax>348</ymax>
      <x1>247</x1>
      <y1>335</y1>
      <x2>247</x2>
      <y2>348</y2>
      <x3>285</x3>
      <y3>348</y3>
      <x4>285</x4>
      <y4>335</y4>
    </bndbox>
  </object>
</annotation>
