<annotation>
  <folder>DATA</folder>
  <filename>000414.png</filename>
  <source>
    <database>Unknown</database>
  </source>
  <size>
    <width>500</width>
    <height>500</height>
    <depth>1</depth>
  </size>
  <segmented>0</segmented>
  <object>
    <name>ship</name>
    <pose>Unspecified</pose>
    <truncated>0</truncated>
    <difficult>0</difficult>
    <bndbox>
      <xmin>202</xmin>
      <ymin>296</ymin>
      <xmax>226</xmax>
      <ymax>311</ymax>
      <x1>202</x1>
      <y1>296</y1>
      <x2>202</x2>
      <y2>311</y2>
      <x3>226</x3>
      <y3>311</y3>
      <x4>226</x4>
      <y4>296</y4>
    </bndbox>
  </object>
  <object>
    <name>ship</name>
    <pose>Unspecified</pose>
    <truncated>0</truncated>
    <difficult>0</difficult>
    <bndbox>
      <xmin>109</xmin>
      <ymin>319</ymin>
      <xmax>136</xmax>
      <ymax>335</ymax>
      <x1>109</x1>
      <y1>319</y1>
      <x2>109</x2>
      <y2>335</y2>
      <x3>136</x3>
      <y3>335</y3>
      <x4>136</x4>
      <y4>319</y4>
    </bndbox>
  </object>
</annotation>
