<annotation>
  <folder>DATA</folder>
  <filename>000500.png</filename>
  <source>
    <database>Unknown</database>
  </source>
  <size>
    <width>500</width>
    <height>500</height>
    <depth>1</depth>
  </size>
  <segmented>0</segmented>
  <object>
    <name>ship</name>
    <pose>Unspecified</pose>
    <truncated>0</truncated>
    <difficult>0</difficult>
    <bndbox>
      <xmin>210</xmin>
      <ymin>304</ymin>
      <xmax>236</xmax>
      <ymax>322</ymax>
      <x1>210</x1>
      <y1>304</y1>
      <x2>210</x2>
      <y2>322</y2>
      <x3>236</x3>
      <y3>322</y3>
      <x4>236</x4>
      <y4>304</y4>
    </bndbox>
  </object>
</annotation>
